LOR,SCHADENSHOEHE,ART_DES_FAHRRADS
4300415,480,Herrenfahrrad
2400520,2799,Herrenfahrrad
5300737,600,Damenfahrrad
6100210,1099,Damenfahrrad
2300419,1620,Herrenfahrrad
3400831,849,Damenfahrrad
8200725,728,Herrenfahrrad
4501044,687,Damenfahrrad
4300415,1050,Herrenfahrrad
6100210,399,Damenfahrrad
2400625,2674,Herrenfahrrad
2400625,630,Fahrrad
10400938,399,Herrenfahrrad
2500835,250,Damenfahrrad
3701658,508,Herrenfahrrad
7100103,350,Damenfahrrad
1100103,1380,Herrenfahrrad
9501939,883,Herrenfahrrad
3400829,300,Damenfahrrad
9501939,850,Damenfahrrad
8401139,550,Damenfahrrad
8200624,400,Herrenfahrrad
3601244,653,Herrenfahrrad
5200631,399,Damenfahrrad
10400938,379,Damenfahrrad
2400624,150,Damenfahrrad
10200629,2498,Herrenfahrrad
3601244,829,Damenfahrrad
8401241,600,Herrenfahrrad
8100417,900,Herrenfahrrad
6300526,550,Herrenfahrrad
8200832,399,Herrenfahrrad
7200411,500,Herrenfahrrad
1100414,170,Kinderfahrrad
2100101,2900,Damenfahrrad
8200725,500,Damenfahrrad
11300722,434,Fahrrad
3601141,200,Damenfahrrad
3601244,600,Damenfahrrad
11400929,400,Damenfahrrad
2300417,550,Herrenfahrrad
9100101,290,Damenfahrrad
9100202,729,Fahrrad
3400721,600,Damenfahrrad
6300526,1780,Herrenfahrrad
2100106,380,Herrenfahrrad
4400832,790,Herrenfahrrad
7300516,800,divers
8300935,500,Herrenfahrrad
1401047,350,Fahrrad
12200413,299,Herrenfahrrad
1300835,199,Herrenfahrrad
8100417,619,Damenfahrrad
1200626,1150,Damenfahrrad
1100104,179,Herrenfahrrad
2300316,599,Herrenfahrrad
7300515,879,Damenfahrrad
12100205,329,Damenfahrrad
12200515,850,Herrenfahrrad
8100209,1,Herrenfahrrad
9200613,1006,Herrenfahrrad
6200420,100,Damenfahrrad
2200211,350,Damenfahrrad
2300419,649,Damenfahrrad
9200613,850,Damenfahrrad
8300934,399,Herrenfahrrad
9200717,322,Damenfahrrad
9300923,350,Kinderfahrrad
11300725,400,Herrenfahrrad
11300725,150,Herrenfahrrad
12601235,90,Herrenfahrrad
3601244,530,Herrenfahrrad
4300413,2322,Damenfahrrad
1200520,40,Damenfahrrad
9200613,3500,Damenfahrrad
9100407,599,Herrenfahrrad
11300722,524,Herrenfahrrad
8100206,999,Herrenfahrrad
11401033,500,Fahrrad
12400721,5000,Herrenfahrrad
1200519,1250,Herrenfahrrad
8100418,915,Herrenfahrrad
3601453,599,Damenfahrrad
9501939,2115,Fahrrad
7100103,230,Herrenfahrrad
7400720,500,Fahrrad
12200413,2000,Herrenfahrrad
6100101,270,Herrenfahrrad
3601140,599,Fahrrad
9100407,150,Damenfahrrad
2500831,500,Fahrrad
3701555,2500,Fahrrad
3200207,948,Herrenfahrrad
12200310,420,Damenfahrrad
7400720,399,Damenfahrrad
1200519,500,Herrenfahrrad
6400839,613,Kinderfahrrad
1100416,260,Herrenfahrrad
4300621,1600,Herrenfahrrad
2200213,500,Herrenfahrrad
9200715,330,Herrenfahrrad
1400940,583,Mountainbike
3601142,600,Fahrrad
4300413,800,Herrenfahrrad
2200209,800,Herrenfahrrad
2300417,1552,Herrenfahrrad
9100202,1200,Herrenfahrrad
3501037,400,Herrenfahrrad
7300618,399,Damenfahrrad
11501339,849,Fahrrad
2500728,1200,Fahrrad
5200629,300,Damenfahrrad
7100101,322,Fahrrad
4501045,100,Fahrrad
3601140,250,Kinderfahrrad
3400827,350,Damenfahrrad
3500935,549,Mountainbike
8100314,5614,Fahrrad
8100314,1541,Damenfahrrad
11501340,2291,Damenfahrrad
1401045,300,Herrenfahrrad
10200628,1578,divers
12100205,900,Herrenfahrrad
3500933,600,Herrenfahrrad
2300419,320,Herrenfahrrad
1100309,407,Damenfahrrad
4501044,3198,Herrenfahrrad
9501939,687,Herrenfahrrad
11300725,500,Herrenfahrrad
3400826,409,Damenfahrrad
8100310,400,Herrenfahrrad
4501040,478,Herrenfahrrad
12400721,2300,Herrenfahrrad
2400624,400,Damenfahrrad
4400835,2000,Rennrad
3601245,730,Damenfahrrad
2100104,549,Fahrrad
6400735,360,Mountainbike
6400839,260,Damenfahrrad
4501043,2900,Damenfahrrad
3400829,2099,Herrenfahrrad
6400838,558,Mountainbike
9501939,1000,Herrenfahrrad
9200613,489,Herrenfahrrad
9501939,950,Herrenfahrrad
2300417,2199,Herrenfahrrad
11400929,689,Herrenfahrrad
8100208,629,Herrenfahrrad
1200522,225,Damenfahrrad
6400838,760,Herrenfahrrad
8100206,500,Herrenfahrrad
8100312,250,Herrenfahrrad
9301126,800,Damenfahrrad
6200316,150,Damenfahrrad
4300621,420,Damenfahrrad
3601346,215,Fahrrad
7200414,1350,Herrenfahrrad
3701660,470,Damenfahrrad
4501147,1743,Herrenfahrrad
2300316,350,Herrenfahrrad
7100103,700,Herrenfahrrad
4300416,441,Damenfahrrad
1100103,3299,Herrenfahrrad
8100311,1000,Herrenfahrrad
6300526,377,Herrenfahrrad
1100415,930,Damenfahrrad
8200729,80,Damenfahrrad
4501043,538,Herrenfahrrad
3601453,348,Kinderfahrrad
9200613,300,Herrenfahrrad
12200307,160,Damenfahrrad
1200522,450,Mountainbike
9501939,979,Herrenfahrrad
2300419,750,Damenfahrrad
4501044,900,Herrenfahrrad
7400720,499,Damenfahrrad
1100308,2117,Fahrrad
2400520,288,Kinderfahrrad
4200310,750,Herrenfahrrad
3601139,449,Herrenfahrrad
9501939,1800,Damenfahrrad
1200628,100,Mountainbike
4400835,1739,Damenfahrrad
3300412,900,Herrenfahrrad
7300515,1300,Herrenfahrrad
9100101,524,Herrenfahrrad
7400720,675,Herrenfahrrad
1100312,374,Herrenfahrrad
9100407,200,Damenfahrrad
4400727,250,Damenfahrrad
10100101,280,Herrenfahrrad
2300315,200,Damenfahrrad
11300722,399,Damenfahrrad
6300527,268,Damenfahrrad
12200413,270,Damenfahrrad
1400937,100,Fahrrad
7200413,1100,Damenfahrrad
5300841,550,Fahrrad
1100103,716,Fahrrad
1100207,2232,Herrenfahrrad
3601347,779,Herrenfahrrad
11400931,570,Herrenfahrrad
12200308,1690,Herrenfahrrad
2100104,350,Fahrrad
1401047,707,Damenfahrrad
2400521,978,Herrenfahrrad
1100416,399,Damenfahrrad
4300623,200,Rennrad
3500935,599,Damenfahrrad
4400727,200,Herrenfahrrad
4500936,399,Herrenfahrrad
8401244,694,Herrenfahrrad
1100309,1300,Herrenfahrrad
8100314,150,Herrenfahrrad
4501149,1000,Herrenfahrrad
1100309,831,Damenfahrrad
9501940,2700,Damenfahrrad
7601340,500,Herrenfahrrad
7300517,225,Damenfahrrad
10400836,400,Herrenfahrrad
8100208,317,Damenfahrrad
10400939,4008,Herrenfahrrad
9502043,500,Herrenfahrrad
4300416,600,Damenfahrrad
3701658,400,Damenfahrrad
8100314,250,Fahrrad
9200715,2339,Herrenfahrrad
2200209,459,Damenfahrrad
3601348,570,Herrenfahrrad
2400625,932,Herrenfahrrad
6200312,605,Damenfahrrad
4300622,999,Damenfahrrad
4300622,934,Damenfahrrad
3701554,410,Rennrad
9100101,799,Damenfahrrad
11501341,345,Fahrrad
5200421,300,Kinderfahrrad
8301037,320,Herrenfahrrad
10100312,85,Herrenfahrrad
4500938,749,Fahrrad
12200413,349,Herrenfahrrad
11501341,400,Kinderfahrrad
9200715,899,Herrenfahrrad
4501044,700,Damenfahrrad
4501147,1100,Damenfahrrad
9200511,3600,Herrenfahrrad
4501043,3000,Herrenfahrrad
4501146,300,Damenfahrrad
1100104,179,Fahrrad
12500824,400,Damenfahrrad
8401139,700,Damenfahrrad
2500834,1097,Herrenfahrrad
11400929,263,Kinderfahrrad
7100102,363,Herrenfahrrad
4501042,0,Fahrrad
1200522,1460,Herrenfahrrad
7400721,500,Damenfahrrad
5200423,50,Damenfahrrad
5200423,580,Herrenfahrrad
2400623,380,Herrenfahrrad
2200209,1409,Damenfahrrad
8100209,500,Herrenfahrrad
4300416,744,Damenfahrrad
7100101,350,Kinderfahrrad
1200624,600,Damenfahrrad
2100102,2500,Herrenfahrrad
1100104,894,Herrenfahrrad
12400619,600,Herrenfahrrad
1200624,355,Herrenfahrrad
1200624,1599,Herrenfahrrad
2500727,622,Herrenfahrrad
2500832,398,Herrenfahrrad
3601451,715,Damenfahrrad
1100312,660,Herrenfahrrad
5300839,1640,Fahrrad
4501042,850,Herrenfahrrad
2100104,650,Fahrrad
2100104,700,Fahrrad
3500934,361,Herrenfahrrad
1100207,2159,Herrenfahrrad
4300414,599,Damenfahrrad
7400721,300,Kinderfahrrad
2500831,2500,Damenfahrrad
9401329,399,Damenfahrrad
12200515,10,Fahrrad
2200210,893,Herrenfahrrad
7200414,300,Kinderfahrrad
2200207,2000,Herrenfahrrad
2200210,614,Fahrrad
4300620,286,Fahrrad
11401136,80,divers
3601347,200,Rennrad
8100418,347,Kinderfahrrad
8100311,600,Herrenfahrrad
3601140,399,Herrenfahrrad
1401046,699,Damenfahrrad
4501042,1824,Fahrrad
11200410,1199,Damenfahrrad
1100416,299,Damenfahrrad
11300722,716,Herrenfahrrad
4501040,300,Herrenfahrrad
3501037,3000,Herrenfahrrad
6100102,1200,Damenfahrrad
8100311,2000,Fahrrad
1100312,450,Damenfahrrad
4300623,4300,Fahrrad
4501040,3000,Fahrrad
1400937,299,Damenfahrrad
4300416,1688,Herrenfahrrad
2200209,517,Herrenfahrrad
8100209,100,Damenfahrrad
4300414,848,Herrenfahrrad
10400940,1600,Fahrrad
7200412,791,Herrenfahrrad
2200209,495,Herrenfahrrad
3601453,450,Herrenfahrrad
3601346,1107,Herrenfahrrad
2500833,525,Herrenfahrrad
4300623,1469,Herrenfahrrad
5100210,300,Herrenfahrrad
2300419,300,Damenfahrrad
7400720,860,Herrenfahrrad
2200213,50,Herrenfahrrad
4200311,1,Herrenfahrrad
7100102,664,Damenfahrrad
8401243,749,Damenfahrrad
2200208,705,Damenfahrrad
7200307,1371,Herrenfahrrad
1200629,999,Herrenfahrrad
2400522,1000,Fahrrad
10200524,430,Damenfahrrad
4400729,720,Herrenfahrrad
1100415,390,Kinderfahrrad
2400522,499,Damenfahrrad
7200307,1371,Herrenfahrrad
7400720,849,Herrenfahrrad
4501152,1300,Damenfahrrad
10100205,2200,Herrenfahrrad
11100206,806,Mountainbike
1300835,598,Herrenfahrrad
1100416,629,Herrenfahrrad
10300734,270,Mountainbike
1100416,399,Damenfahrrad
5300840,570,Herrenfahrrad
2300418,298,Damenfahrrad
1400942,1100,Herrenfahrrad
7200413,900,Herrenfahrrad
11501341,500,Damenfahrrad
3400724,1000,Fahrrad
11501238,300,Herrenfahrrad
11300722,100,Damenfahrrad
8100418,999,Herrenfahrrad
12200515,200,Herrenfahrrad
4300619,400,Damenfahrrad
6100205,475,Herrenfahrrad
7300515,200,Fahrrad
11100203,1300,Mountainbike
11100205,300,Herrenfahrrad
1100104,1000,Herrenfahrrad
10200419,530,Damenfahrrad
9200511,550,Herrenfahrrad
10200419,504,divers
5300737,200,Kinderfahrrad
6300526,655,Damenfahrrad
2200210,625,Kinderfahrrad
4300622,150,Herrenfahrrad
3501037,423,Herrenfahrrad
3400725,520,Mountainbike
11401136,230,Mountainbike
8100310,1590,Fahrrad
5100211,728,Fahrrad
9200511,2748,Damenfahrrad
2200210,250,Herrenfahrrad
5200629,700,Damenfahrrad
2300419,800,Herrenfahrrad
5100316,899,Herrenfahrrad
7100102,150,Kinderfahrrad
2200210,300,Damenfahrrad
7601443,259,Herrenfahrrad
3701659,300,Herrenfahrrad
10400837,985,Damenfahrrad
11300616,266,Herrenfahrrad
7501133,475,Mountainbike
3501038,650,Herrenfahrrad
10400837,500,Herrenfahrrad
10400837,549,Herrenfahrrad
3500932,1,Mountainbike
4300414,1099,Herrenfahrrad
4501151,535,Herrenfahrrad
8401139,900,Herrenfahrrad
4500938,1200,Rennrad
12200413,500,Herrenfahrrad
1401049,299,Herrenfahrrad
9401534,3204,Damenfahrrad
2300314,1500,Fahrrad
2100102,1108,Herrenfahrrad
7200411,1939,Rennrad
6400839,424,Herrenfahrrad
2100106,500,Herrenfahrrad
2100106,1864,Damenfahrrad
12100204,299,Damenfahrrad
2200211,0,Herrenfahrrad
2300419,750,Fahrrad
7200413,250,Kinderfahrrad
1100310,1420,Herrenfahrrad
9301126,450,Herrenfahrrad
2300418,1700,Rennrad
2400522,320,Herrenfahrrad
4501042,1649,Damenfahrrad
2200213,1300,Herrenfahrrad
6400840,729,Damenfahrrad
4300412,352,Fahrrad
8100313,300,Herrenfahrrad
8100206,819,Damenfahrrad
2400522,1049,Herrenfahrrad
3601243,599,Damenfahrrad
4300412,260,Fahrrad
12400723,1299,Herrenfahrrad
6300524,400,Herrenfahrrad
3400723,499,Kinderfahrrad
1401047,394,Fahrrad
6100103,350,Herrenfahrrad
12100102,379,Herrenfahrrad
1100207,710,Damenfahrrad
11300618,369,Herrenfahrrad
9200613,350,Damenfahrrad
1200522,4169,Herrenfahrrad
6200422,400,Damenfahrrad
3601451,150,Damenfahrrad
1100312,194,Damenfahrrad
7501134,665,Herrenfahrrad
2300315,593,Damenfahrrad
7200413,1889,Herrenfahrrad
3400724,810,Damenfahrrad
1300835,150,Mountainbike
2200212,800,Herrenfahrrad
2200207,900,Damenfahrrad
1100415,600,Damenfahrrad
6100103,1400,Herrenfahrrad
1100415,2500,divers
2300316,1000,Herrenfahrrad
9501939,585,Fahrrad
11100203,500,Damenfahrrad
4300416,549,Herrenfahrrad
9301126,399,Damenfahrrad
3601142,80,Damenfahrrad
2100106,139,Fahrrad
1100308,870,Kinderfahrrad
6100103,460,Herrenfahrrad
7300618,2528,Herrenfahrrad
3601141,910,Herrenfahrrad
6400841,240,Herrenfahrrad
6300526,300,Damenfahrrad
2400625,200,Damenfahrrad
3701660,400,Fahrrad
12400722,345,Damenfahrrad
3601142,1500,Rennrad
7300618,800,Herrenfahrrad
4200207,316,Herrenfahrrad
2200213,564,Herrenfahrrad
3701657,1200,Mountainbike
2500834,500,Damenfahrrad
9100408,299,Damenfahrrad
1200518,649,Herrenfahrrad
1300836,200,Damenfahrrad
7400927,340,Kinderfahrrad
2400522,1450,Herrenfahrrad
9301025,465,Herrenfahrrad
1400937,719,Herrenfahrrad
2400623,1100,Herrenfahrrad
1400942,649,Damenfahrrad
10200524,595,Herrenfahrrad
2300315,585,Kinderfahrrad
11300826,369,Herrenfahrrad
6100208,699,Damenfahrrad
4300622,361,Herrenfahrrad
7300619,400,Damenfahrrad
8100415,650,Fahrrad
12500825,299,Damenfahrrad
2200207,522,Herrenfahrrad
9501939,759,Damenfahrrad
8100415,600,Herrenfahrrad
8100416,500,Herrenfahrrad
6100207,907,Damenfahrrad
9300920,400,Herrenfahrrad
8100208,779,Damenfahrrad
8300935,380,Damenfahrrad
6200313,515,Herrenfahrrad
4501041,499,Damenfahrrad
7200409,400,Herrenfahrrad
8401139,658,Herrenfahrrad
4300621,6500,divers
8100417,800,Damenfahrrad
4300416,800,Herrenfahrrad
2200212,200,Herrenfahrrad
2300419,500,Kinderfahrrad
2300315,480,Herrenfahrrad
10100312,500,Fahrrad
7300619,759,Herrenfahrrad
4500936,710,Damenfahrrad
9501939,2199,Herrenfahrrad
9502043,599,Damenfahrrad
6400839,400,Herrenfahrrad
4200309,300,Mountainbike
2100105,1200,Herrenfahrrad
11200411,990,Damenfahrrad
4300416,368,Kinderfahrrad
12200309,800,Herrenfahrrad
7100103,1399,Herrenfahrrad
3500936,425,Damenfahrrad
2100106,343,Damenfahrrad
1200518,670,Damenfahrrad
11401033,539,Damenfahrrad
3601347,430,Damenfahrrad
5100208,599,Herrenfahrrad
2100101,498,Damenfahrrad
11300619,222,Damenfahrrad
4501042,500,Herrenfahrrad
3701554,382,Fahrrad
9502043,1291,Herrenfahrrad
7501133,478,Damenfahrrad
6400841,661,Herrenfahrrad
8100310,333,Damenfahrrad
1401044,970,Herrenfahrrad
9301126,954,Herrenfahrrad
1100311,429,Herrenfahrrad
7100206,445,Herrenfahrrad
2200213,850,Fahrrad
11501341,400,Damenfahrrad
1100416,1000,Herrenfahrrad
7501029,600,Herrenfahrrad
6400737,500,Damenfahrrad
1200522,700,Damenfahrrad
6100103,1796,Damenfahrrad
2400624,349,Herrenfahrrad
3701556,200,Damenfahrrad
7100101,2426,Herrenfahrrad
4400726,392,Herrenfahrrad
5200630,150,Fahrrad
2500836,2995,Herrenfahrrad
7501134,653,Herrenfahrrad
11501341,380,Mountainbike
1100313,1199,Herrenfahrrad
9301025,210,Damenfahrrad
6400840,760,Herrenfahrrad
2200207,250,Kinderfahrrad
1300730,430,Damenfahrrad
4501045,1100,Herrenfahrrad
12500825,248,Herrenfahrrad
7200307,424,Herrenfahrrad
4501043,499,Damenfahrrad
3601142,1835,Rennrad
11300722,417,Damenfahrrad
2300419,280,Damenfahrrad
1100415,720,Herrenfahrrad
1100104,240,Damenfahrrad
4300414,550,Herrenfahrrad
12200412,600,Mountainbike
2400520,688,Damenfahrrad
9501736,505,Herrenfahrrad
3701659,1587,Herrenfahrrad
2300419,997,Damenfahrrad
2300315,420,Rennrad
6200421,1988,Damenfahrrad
2500833,530,Damenfahrrad
4300623,700,Fahrrad
4501044,444,Herrenfahrrad
2300314,500,Damenfahrrad
3400723,586,Damenfahrrad
4400835,299,Herrenfahrrad
1401044,380,Herrenfahrrad
6200420,786,Herrenfahrrad
1200624,280,Fahrrad
6100102,524,Damenfahrrad
8100521,500,Fahrrad
9200715,250,Mountainbike
4200310,3572,Damenfahrrad
2300315,1160,Herrenfahrrad
7100102,150,Herrenfahrrad
1100102,2949,Herrenfahrrad
7100101,1280,Fahrrad
1300835,350,Herrenfahrrad
2200212,300,Mountainbike
3400830,40,Fahrrad
7300619,2199,Damenfahrrad
1300834,255,Herrenfahrrad
4501042,2136,Damenfahrrad
3400826,488,Herrenfahrrad
3701555,3818,Herrenfahrrad
2100101,1750,Mountainbike
4500936,499,Damenfahrrad
2500726,799,Herrenfahrrad
3701660,299,Kinderfahrrad
12200309,300,Damenfahrrad
2500726,1370,Herrenfahrrad
1200518,1832,Herrenfahrrad
3601451,250,Fahrrad
7200409,879,Herrenfahrrad
2500835,500,Herrenfahrrad
11400929,1499,Fahrrad
2500728,482,Kinderfahrrad
9100101,799,Herrenfahrrad
1400938,900,Damenfahrrad
5400942,716,Herrenfahrrad
2400623,700,divers
6400844,999,Herrenfahrrad
7200413,899,Herrenfahrrad
7100206,1199,Herrenfahrrad
2500835,150,Herrenfahrrad
1400940,220,Mountainbike
1300732,430,Damenfahrrad
7200308,500,Damenfahrrad
2200207,1085,Herrenfahrrad
7200413,799,Herrenfahrrad
2100102,450,Herrenfahrrad
4501151,798,Herrenfahrrad
2100102,700,Herrenfahrrad
5100104,300,Fahrrad
9300921,250,Damenfahrrad
11300722,300,divers
3701659,769,Damenfahrrad
1100206,649,Damenfahrrad
3601450,1134,Herrenfahrrad
4200309,140,Herrenfahrrad
12400722,699,Herrenfahrrad
9200818,1834,Herrenfahrrad
1100310,1300,Damenfahrrad
9401534,1450,Rennrad
1200629,849,Herrenfahrrad
11400927,476,Kinderfahrrad
3601452,588,Herrenfahrrad
1100312,800,Herrenfahrrad
7100101,250,Herrenfahrrad
12500825,322,Herrenfahrrad
1100207,975,Herrenfahrrad
2500728,1400,Damenfahrrad
9100101,550,Fahrrad
9200717,399,Herrenfahrrad
8100415,729,Fahrrad
12400720,700,Herrenfahrrad
9200715,434,Fahrrad
4300412,3699,Herrenfahrrad
2400623,1500,Fahrrad
12100206,200,Kinderfahrrad
2200212,498,Fahrrad
4501043,209,Herrenfahrrad
4500936,1999,Herrenfahrrad
9401534,782,Herrenfahrrad
8100418,175,Damenfahrrad
9200613,392,Fahrrad
9200613,604,Herrenfahrrad
4300620,621,Herrenfahrrad
9200715,799,Herrenfahrrad
2300419,220,Fahrrad
10400835,499,Herrenfahrrad
11100101,500,Damenfahrrad
3601450,500,Herrenfahrrad
4500937,449,Kinderfahrrad
4500937,299,Damenfahrrad
9502043,600,Herrenfahrrad
8100417,500,Damenfahrrad
1200518,1200,Mountainbike
6400839,242,Herrenfahrrad
2300419,1050,Herrenfahrrad
9100304,250,Fahrrad
1100416,2730,Herrenfahrrad
1200518,800,Fahrrad
4501044,500,Damenfahrrad
2500835,1500,Herrenfahrrad
6100205,450,Herrenfahrrad
1100308,4100,Herrenfahrrad
3701660,600,Herrenfahrrad
10200526,270,Fahrrad
11401032,800,Fahrrad
3400723,599,Damenfahrrad
4200309,500,Herrenfahrrad
4300623,550,Damenfahrrad
1100415,999,Herrenfahrrad
1300731,578,Fahrrad
4300623,1057,Damenfahrrad
2500834,550,Herrenfahrrad
1100103,1328,Herrenfahrrad
3601245,1204,Herrenfahrrad
2400625,399,Herrenfahrrad
11401034,279,Mountainbike
7501032,300,Herrenfahrrad
2200212,500,Herrenfahrrad
8200730,130,Damenfahrrad
6100208,1149,Rennrad
3601243,1000,divers
8100206,300,Herrenfahrrad
4400835,552,Damenfahrrad
7400823,599,Damenfahrrad
9200717,303,Fahrrad
8100415,900,Rennrad
2300315,350,Damenfahrrad
9200613,561,Herrenfahrrad
7100102,960,Herrenfahrrad
11300722,725,Damenfahrrad
8200725,2426,Damenfahrrad
1100415,250,Fahrrad
9200819,2000,Mountainbike
9200715,490,Herrenfahrrad
1100312,606,Herrenfahrrad
6400735,478,Mountainbike
2300419,1499,Fahrrad
9301025,349,Kinderfahrrad
11400929,999,Mountainbike
5200526,3977,divers
1100310,574,Herrenfahrrad
4400835,701,Herrenfahrrad
9200613,500,Herrenfahrrad
8200622,1,Mountainbike
8100521,80,Herrenfahrrad
9200512,549,Fahrrad
1100207,2000,Herrenfahrrad
9200613,809,Fahrrad
9200613,280,Herrenfahrrad
8200727,387,Damenfahrrad
11400928,877,Fahrrad
11400928,644,Herrenfahrrad
5300840,200,Mountainbike
3601244,649,Herrenfahrrad
6300526,200,Kinderfahrrad
8100206,450,Mountainbike
6300634,388,Damenfahrrad
4300621,900,Fahrrad
11100206,450,Damenfahrrad
1300731,780,Herrenfahrrad
9200819,800,Mountainbike
10400940,597,Herrenfahrrad
11501238,466,Herrenfahrrad
8200726,1099,Damenfahrrad
4300623,518,Herrenfahrrad
9501838,328,Damenfahrrad
2200207,715,Herrenfahrrad
6300526,299,Damenfahrrad
7100204,388,Fahrrad
6300526,100,Herrenfahrrad
8100206,399,Mountainbike
4400834,549,Herrenfahrrad
1100415,740,Damenfahrrad
7300517,50,Damenfahrrad
1300834,470,Damenfahrrad
7200307,699,Herrenfahrrad
2300419,332,Damenfahrrad
9200715,720,Mountainbike
11300617,449,Herrenfahrrad
8100314,300,Damenfahrrad
12100205,119,Kinderfahrrad
3601449,450,Herrenfahrrad
1100309,1454,Herrenfahrrad
1100309,796,Herrenfahrrad
7100205,1084,Herrenfahrrad
6100205,250,Damenfahrrad
9100407,289,Damenfahrrad
7601545,490,Kinderfahrrad
10300733,650,Damenfahrrad
3500932,740,Herrenfahrrad
2500835,1050,Damenfahrrad
9100304,499,Mountainbike
8100102,1351,Herrenfahrrad
1100416,1,Herrenfahrrad
9301227,350,Herrenfahrrad
1100312,1649,Fahrrad
9502042,1500,Damenfahrrad
4400835,800,Damenfahrrad
9200819,1000,Herrenfahrrad
1100207,2492,Damenfahrrad
12400618,671,Damenfahrrad
3601453,1189,Herrenfahrrad
9200819,779,Herrenfahrrad
7300618,2580,Herrenfahrrad
3300413,499,Herrenfahrrad
2100106,1199,Herrenfahrrad
5100208,0,Mountainbike
1401044,799,Mountainbike
6300630,1374,Herrenfahrrad
12400721,560,Herrenfahrrad
9100203,610,Damenfahrrad
1100416,800,Rennrad
7300517,960,Herrenfahrrad
5200632,100,Mountainbike
3601453,700,Herrenfahrrad
6100102,915,Herrenfahrrad
9502042,150,Herrenfahrrad
8401139,229,Herrenfahrrad
1401047,500,divers
4100101,388,Damenfahrrad
2400624,420,Herrenfahrrad
8100310,298,Kinderfahrrad
1400940,299,Herrenfahrrad
10400835,199,Herrenfahrrad
6400839,333,Fahrrad
8100208,1250,Herrenfahrrad
1400942,920,Herrenfahrrad
4300518,1969,Herrenfahrrad
11200515,274,Kinderfahrrad
10100312,200,Damenfahrrad
4500937,410,Kinderfahrrad
9100101,599,Herrenfahrrad
4501045,1500,Herrenfahrrad
2300417,250,Mountainbike
7100103,490,Herrenfahrrad
7200410,790,Fahrrad
10100312,50,Herrenfahrrad
3601451,80,Fahrrad
4501044,2418,Damenfahrrad
2100104,390,Fahrrad
7100206,1000,Herrenfahrrad
2500836,1000,Damenfahrrad
2100104,1199,Herrenfahrrad
8100418,315,Herrenfahrrad
8300934,280,Damenfahrrad
9301227,1100,Herrenfahrrad
9200819,1998,Damenfahrrad
2400624,500,Herrenfahrrad
3400723,429,Damenfahrrad
2500835,250,Rennrad
3200207,1999,Damenfahrrad
5200629,2799,Damenfahrrad
3601348,770,Herrenfahrrad
2200212,150,Herrenfahrrad
2200210,540,Kinderfahrrad
7501030,499,Damenfahrrad
8100310,599,Herrenfahrrad
2100106,450,Herrenfahrrad
8100206,412,Herrenfahrrad
2200211,800,Rennrad
5100316,530,Herrenfahrrad
3501037,1200,Damenfahrrad
2200207,500,Rennrad
4300415,499,Herrenfahrrad
3500935,471,Damenfahrrad
3400722,588,Herrenfahrrad
10200628,280,Mountainbike
1300733,279,Fahrrad
1200626,500,Damenfahrrad
8200726,899,Herrenfahrrad
9501737,335,Herrenfahrrad
9200613,1000,Herrenfahrrad
2300314,453,Damenfahrrad
2500833,1236,Herrenfahrrad
3400619,300,Damenfahrrad
2100102,100,Kinderfahrrad
2400625,400,Fahrrad
9200715,350,Damenfahrrad
1300835,348,Herrenfahrrad
10200628,400,Damenfahrrad
11300725,600,Damenfahrrad
2200211,500,Herrenfahrrad
8100417,548,Damenfahrrad
3601348,500,Herrenfahrrad
12100205,393,Damenfahrrad
1100310,2500,Fahrrad
7100205,150,Herrenfahrrad
7200413,860,Herrenfahrrad
4501042,1379,Herrenfahrrad
7300517,729,Herrenfahrrad
3601346,1061,Herrenfahrrad
9200819,2977,Damenfahrrad
8100312,165,Herrenfahrrad
8301037,165,Kinderfahrrad
9200613,1,divers
9501838,800,Damenfahrrad
4200311,2400,Damenfahrrad
2500833,1000,Damenfahrrad
10200524,4200,Herrenfahrrad
4300415,1000,Herrenfahrrad
2300419,1899,Herrenfahrrad
2200208,699,Fahrrad
9301126,450,Kinderfahrrad
7501133,654,Damenfahrrad
8100206,220,Mountainbike
3601141,823,Damenfahrrad
1300836,579,Damenfahrrad
2300314,250,Fahrrad
9501737,350,Damenfahrrad
9301126,650,Damenfahrrad
6100208,330,Damenfahrrad
2500726,400,Herrenfahrrad
7100101,566,Herrenfahrrad
11501341,970,Herrenfahrrad
6100103,2650,Damenfahrrad
7100205,799,Damenfahrrad
7100101,350,Damenfahrrad
4200309,1500,Herrenfahrrad
11400930,500,Herrenfahrrad
7400927,200,Mountainbike
3701556,540,Herrenfahrrad
4200309,1500,Damenfahrrad
6400737,8000,divers
2200213,2500,Mountainbike
3601141,1000,Rennrad
2400522,1199,Herrenfahrrad
2100106,367,Damenfahrrad
3601141,950,Herrenfahrrad
2200213,650,Damenfahrrad
9200715,3039,Damenfahrrad
2300419,700,Herrenfahrrad
12400618,699,Herrenfahrrad
12200413,1170,divers
9401534,100,Damenfahrrad
8100206,250,Damenfahrrad
1100309,2000,Fahrrad
3501037,403,Fahrrad
9200613,500,Damenfahrrad
12500926,1200,Herrenfahrrad
9501941,600,Herrenfahrrad
3400826,400,Kinderfahrrad
11401137,885,Herrenfahrrad
4100101,999,Damenfahrrad
4500936,649,Fahrrad
3200206,2988,Herrenfahrrad
11200515,200,Damenfahrrad
2200207,500,Herrenfahrrad
3701555,2890,Herrenfahrrad
8100208,498,Herrenfahrrad
2200207,1050,Herrenfahrrad
8300934,300,Herrenfahrrad
9401534,730,Herrenfahrrad
4300621,300,Herrenfahrrad
8100419,2000,Herrenfahrrad
7200308,450,Fahrrad
11200515,250,Mountainbike
8200623,280,Damenfahrrad
3200206,819,Herrenfahrrad
2200210,230,divers
9100101,370,Damenfahrrad
12100102,129,Kinderfahrrad
11501341,3073,divers
7100103,1229,Herrenfahrrad
1100416,400,Kinderfahrrad
3400721,423,Damenfahrrad
3601244,90,Damenfahrrad
11300721,400,Herrenfahrrad
4300414,899,Herrenfahrrad
7400720,594,Herrenfahrrad
6100208,499,Herrenfahrrad
5300839,899,Herrenfahrrad
7300619,899,Herrenfahrrad
7100204,1100,Damenfahrrad
8100208,400,Herrenfahrrad
9200512,495,Damenfahrrad
8200624,300,Herrenfahrrad
4300623,548,Herrenfahrrad
12400723,100,Herrenfahrrad
7400823,650,Damenfahrrad
4300623,1599,Herrenfahrrad
11501340,299,Damenfahrrad
11501238,242,Damenfahrrad
8100417,250,Fahrrad
2500835,1694,Herrenfahrrad
3400725,1020,Fahrrad
1100312,1000,Fahrrad
2200210,300,Fahrrad
4500936,999,Herrenfahrrad
11200514,445,Damenfahrrad
10100312,250,Damenfahrrad
1100313,1184,Herrenfahrrad
6300526,519,Herrenfahrrad
7100204,639,Herrenfahrrad
2300417,700,Damenfahrrad
3400827,470,Herrenfahrrad
9100407,250,Damenfahrrad
2300417,317,Herrenfahrrad
12500825,500,Damenfahrrad
4300622,100,Damenfahrrad
7100102,400,Fahrrad
4200310,735,Herrenfahrrad
6300526,470,Herrenfahrrad
1300836,599,Herrenfahrrad
6300634,270,Herrenfahrrad
4500938,840,Herrenfahrrad
7200307,699,Herrenfahrrad
2500833,1099,Herrenfahrrad
8100103,200,Fahrrad
8100310,200,Damenfahrrad
4200207,679,Herrenfahrrad
2300419,301,Herrenfahrrad
10200421,3200,Herrenfahrrad
1100101,650,Herrenfahrrad
8100104,3615,Herrenfahrrad
2100106,675,Fahrrad
8100105,431,divers
1100101,1050,Herrenfahrrad
1100207,755,Mountainbike
3400827,460,Damenfahrrad
12400721,800,Herrenfahrrad
9300923,240,Mountainbike
1100207,0,Herrenfahrrad
4501042,1300,Herrenfahrrad
5300735,516,Herrenfahrrad
9200715,820,Herrenfahrrad
9100305,199,Damenfahrrad
9100202,1483,Fahrrad
3200207,584,Mountainbike
12200309,500,Damenfahrrad
1100415,330,Damenfahrrad
3601141,642,divers
5400942,200,Herrenfahrrad
8100105,999,Herrenfahrrad
1100415,500,Damenfahrrad
7200409,200,Herrenfahrrad
8401241,732,Herrenfahrrad
3400724,900,Damenfahrrad
6100103,1200,Herrenfahrrad
12400723,1173,Herrenfahrrad
3400828,699,Herrenfahrrad
1100309,1000,Damenfahrrad
11200513,794,Damenfahrrad
11200513,350,Kinderfahrrad
7100206,664,Herrenfahrrad
4501151,299,Herrenfahrrad
4500939,649,Damenfahrrad
10200628,399,Kinderfahrrad
10200417,269,Fahrrad
11300618,848,Herrenfahrrad
2500729,270,Kinderfahrrad
2200210,80,Damenfahrrad
6400843,2,Fahrrad
4400727,450,Damenfahrrad
9100202,199,Herrenfahrrad
1400940,362,Damenfahrrad
2200209,344,Herrenfahrrad
8100206,470,Damenfahrrad
9501940,2999,Herrenfahrrad
1100104,1010,Herrenfahrrad
4501043,479,Herrenfahrrad
5200527,472,Kinderfahrrad
1400937,100,Damenfahrrad
7200412,346,Damenfahrrad
1300733,160,Damenfahrrad
4400726,398,Herrenfahrrad
12100205,120,Damenfahrrad
9200715,864,Herrenfahrrad
6400842,2510,Damenfahrrad
1100310,1650,Herrenfahrrad
4501149,400,Damenfahrrad
4501149,350,Damenfahrrad
4300416,250,Herrenfahrrad
9200715,400,Damenfahrrad
5100208,500,Herrenfahrrad
12100205,330,Damenfahrrad
7100206,1290,Herrenfahrrad
1200518,1399,Fahrrad
12400723,551,Herrenfahrrad
10400939,749,Herrenfahrrad
4200310,599,Herrenfahrrad
1200517,100,divers
10200418,399,Fahrrad
3701658,500,Herrenfahrrad
9200818,278,Damenfahrrad
7100102,630,Damenfahrrad
11501341,1361,Herrenfahrrad
9200613,935,Fahrrad
3501037,230,Herrenfahrrad
4501147,999,Herrenfahrrad
3601244,780,Herrenfahrrad
2300314,1250,Herrenfahrrad
9200613,350,Herrenfahrrad
2200208,1100,Fahrrad
8100418,120,Mountainbike
3601245,9000,divers
9200510,654,Herrenfahrrad
11400931,600,Herrenfahrrad
8301037,648,Herrenfahrrad
11401033,499,Herrenfahrrad
11300620,699,Damenfahrrad
2300419,250,Herrenfahrrad
3601140,300,Damenfahrrad
2200211,1500,Fahrrad
9200510,1844,Damenfahrrad
1200626,1000,Herrenfahrrad
9401330,400,Mountainbike
7200308,330,Fahrrad
6400840,440,Damenfahrrad
2200211,350,Herrenfahrrad
11401034,310,Herrenfahrrad
9200613,620,Damenfahrrad
2300419,5350,Herrenfahrrad
1100310,45,Damenfahrrad
9100101,400,Kinderfahrrad
2500834,600,Damenfahrrad
9100101,100,Fahrrad
7100101,800,Herrenfahrrad
9200715,448,Fahrrad
2100104,764,Damenfahrrad
3601244,596,Herrenfahrrad
11501341,465,Herrenfahrrad
9200715,604,Herrenfahrrad
3601243,380,Herrenfahrrad
7100102,479,Herrenfahrrad
11300619,549,Herrenfahrrad
11401033,700,Fahrrad
3601142,1379,Herrenfahrrad
1400937,500,Damenfahrrad
9200818,779,Fahrrad
1100414,399,Herrenfahrrad
8401140,570,Herrenfahrrad
12400723,455,Herrenfahrrad
11401034,499,Damenfahrrad
8100206,500,Mountainbike
1100312,4500,divers
10400939,373,Herrenfahrrad
10400835,150,Herrenfahrrad
11400929,398,Kinderfahrrad
2400624,300,Fahrrad
8401241,2000,Herrenfahrrad
2300417,504,Fahrrad
3500932,489,Damenfahrrad
6100101,210,Damenfahrrad
1200517,300,Rennrad
9200510,379,Damenfahrrad
8401241,500,Herrenfahrrad
4300623,700,Fahrrad
7100101,563,Herrenfahrrad
1200520,850,Damenfahrrad
12400721,3349,Herrenfahrrad
2100104,300,Herrenfahrrad
3601347,200,Mountainbike
6100210,729,Herrenfahrrad
1401046,200,Kinderfahrrad
1400942,1099,Fahrrad
5100316,252,Damenfahrrad
12200308,600,Damenfahrrad
11400928,2500,Herrenfahrrad
8100102,1900,Rennrad
7400721,500,Damenfahrrad
11501340,850,Herrenfahrrad
8100314,319,Rennrad
5100316,400,Damenfahrrad
6100205,538,Damenfahrrad
5200525,299,Damenfahrrad
1200522,893,Damenfahrrad
2500832,1148,Fahrrad
1200522,1099,Herrenfahrrad
2300315,2550,Damenfahrrad
7200409,300,Damenfahrrad
2500728,1080,Damenfahrrad
4100101,350,Herrenfahrrad
4300517,859,Herrenfahrrad
4300412,1150,Herrenfahrrad
4300412,1020,Herrenfahrrad
1300731,299,Herrenfahrrad
10400941,803,Damenfahrrad
4501148,699,Herrenfahrrad
9200715,430,Damenfahrrad
11501341,3699,Damenfahrrad
9200716,338,Damenfahrrad
8100418,500,Herrenfahrrad
1100310,529,Damenfahrrad
8100417,800,Damenfahrrad
1400937,300,Damenfahrrad
3701660,936,Damenfahrrad
9501838,629,Herrenfahrrad
11100308,100,Damenfahrrad
2200212,700,Herrenfahrrad
10400837,500,divers
7100103,1,Mountainbike
9200715,899,Herrenfahrrad
8100314,733,Herrenfahrrad
4501044,450,Damenfahrrad
4200311,1599,Herrenfahrrad
5100210,270,Herrenfahrrad
9100101,300,Herrenfahrrad
3601347,545,Fahrrad
11300618,824,Herrenfahrrad
12500930,330,Damenfahrrad
1400939,610,Fahrrad
4501146,1017,Herrenfahrrad
2500836,1321,Damenfahrrad
4501148,300,Herrenfahrrad
7200409,500,Damenfahrrad
1100415,621,Herrenfahrrad
11401033,800,divers
11200410,3542,Fahrrad
3200206,599,Herrenfahrrad
1401047,699,Herrenfahrrad
1100414,399,Damenfahrrad
7300619,830,Herrenfahrrad
8100311,2488,Fahrrad
3400721,100,Mountainbike
2300419,300,Mountainbike
12500929,498,Damenfahrrad
1100310,500,Herrenfahrrad
3601347,1719,Herrenfahrrad
5200629,4899,Herrenfahrrad
7300517,350,Damenfahrrad
9200511,900,Herrenfahrrad
1401043,1200,Fahrrad
11100204,299,Damenfahrrad
10100312,675,Herrenfahrrad
1100206,670,Fahrrad
1401043,900,Mountainbike
4300619,658,Herrenfahrrad
3400827,328,Damenfahrrad
1200625,817,Herrenfahrrad
1100206,2863,Herrenfahrrad
4300619,650,Fahrrad
3601452,1000,Damenfahrrad
11200513,1104,Herrenfahrrad
8301037,650,Fahrrad
11200513,2799,Herrenfahrrad
8301037,539,Herrenfahrrad
11401135,894,Herrenfahrrad
11401135,250,Damenfahrrad
2300419,530,Herrenfahrrad
12200411,100,Damenfahrrad
6200420,500,Damenfahrrad
4300619,166,Mountainbike
7200413,1000,Herrenfahrrad
3601347,250,Fahrrad
11300722,1460,Herrenfahrrad
2200210,300,Herrenfahrrad
6400839,650,Herrenfahrrad
2500726,450,Damenfahrrad
9200510,686,Fahrrad
6400736,800,Herrenfahrrad
1100310,120,Herrenfahrrad
7601546,499,Herrenfahrrad
2200210,299,Damenfahrrad
6100207,1010,Damenfahrrad
1100414,870,Herrenfahrrad
10200630,388,Fahrrad
10100101,300,Herrenfahrrad
2200208,1133,Herrenfahrrad
8100310,170,Kinderfahrrad
4500937,3000,Herrenfahrrad
7601442,798,Herrenfahrrad
3701556,500,Damenfahrrad
4501149,1100,Mountainbike
2500834,991,Herrenfahrrad
6300527,250,Herrenfahrrad
2500836,50,Herrenfahrrad
7100102,3000,divers
7100103,325,Fahrrad
1100310,4891,Herrenfahrrad
2200208,450,Fahrrad
9501940,800,Herrenfahrrad
11401135,1179,Fahrrad
4501153,1684,Damenfahrrad
1200522,378,Kinderfahrrad
7601238,200,Damenfahrrad
8100206,780,Herrenfahrrad
2200207,434,Fahrrad
1200626,650,Herrenfahrrad
11401136,599,Herrenfahrrad
2400521,277,Damenfahrrad
3400721,1150,Damenfahrrad
11501238,300,Damenfahrrad
7300619,700,Damenfahrrad
5300737,130,Mountainbike
6400735,300,Herrenfahrrad
10300731,420,Herrenfahrrad
6200421,999,Herrenfahrrad
4501043,849,Herrenfahrrad
6400737,350,Herrenfahrrad
2200210,500,Kinderfahrrad
2400623,700,Fahrrad
9200716,1032,Herrenfahrrad
3500932,899,Damenfahrrad
3500934,528,Herrenfahrrad
2300419,179,Herrenfahrrad
10100206,200,Herrenfahrrad
10400837,349,Damenfahrrad
3500936,641,Herrenfahrrad
2300419,500,Herrenfahrrad
6400735,650,Herrenfahrrad
10300734,800,Damenfahrrad
12100206,870,Damenfahrrad
3400829,800,Damenfahrrad
4501041,525,Damenfahrrad
2400522,200,Damenfahrrad
9501838,699,Mountainbike
1100308,1058,Damenfahrrad
7100206,1250,Herrenfahrrad
7100204,312,Kinderfahrrad
2200211,291,Herrenfahrrad
3500932,772,Herrenfahrrad
2300419,800,Herrenfahrrad
2100101,270,Damenfahrrad
11200513,479,Herrenfahrrad
8100105,390,Herrenfahrrad
3500932,254,Herrenfahrrad
7601545,150,Damenfahrrad
9100101,1299,Damenfahrrad
9200613,2299,Herrenfahrrad
7200307,524,Fahrrad
2400521,1000,Herrenfahrrad
2200213,679,Herrenfahrrad
2100101,941,divers
12100103,231,Damenfahrrad
1100309,2747,Rennrad
11300617,260,Damenfahrrad
2200209,350,Damenfahrrad
2300314,1184,Fahrrad
9501736,682,Herrenfahrrad
4501151,90,Damenfahrrad
11300722,194,Kinderfahrrad
1200629,800,Damenfahrrad
6400841,250,Herrenfahrrad
1401046,438,Damenfahrrad
6400737,3000,Herrenfahrrad
1200520,410,Fahrrad
1100309,1060,Rennrad
12200515,600,Damenfahrrad
7501133,1,Herrenfahrrad
10400939,300,Mountainbike
1100102,330,Herrenfahrrad
11200411,3245,Damenfahrrad
7100204,500,Damenfahrrad
7200413,1500,divers
11501238,600,Herrenfahrrad
4501146,280,Mountainbike
9501737,519,Herrenfahrrad
9200511,664,Herrenfahrrad
5400943,524,Fahrrad
1400942,1099,Herrenfahrrad
1100207,1,divers
6100209,800,Herrenfahrrad
12601133,650,Herrenfahrrad
6400839,1212,Herrenfahrrad
9401433,1720,Herrenfahrrad
7400927,699,Damenfahrrad
1100207,2050,Damenfahrrad
4300415,300,Damenfahrrad
2400521,645,Herrenfahrrad
7300619,480,Herrenfahrrad
3601244,799,Herrenfahrrad
10100209,300,Fahrrad
7400928,1540,Fahrrad
4300619,671,Herrenfahrrad
12200307,1000,Herrenfahrrad
7501133,0,Damenfahrrad
3400830,391,Damenfahrrad
7200411,250,Fahrrad
1100309,405,Herrenfahrrad
2400521,125,Damenfahrrad
9200613,1199,Herrenfahrrad
6100209,3000,Herrenfahrrad
7200411,970,Damenfahrrad
3400829,2200,Damenfahrrad
3200206,1800,Herrenfahrrad
9200512,350,Herrenfahrrad
5300841,2987,Herrenfahrrad
3601244,299,Herrenfahrrad
1300835,170,Kinderfahrrad
3400723,3100,Damenfahrrad
1100313,1199,Herrenfahrrad
6100205,450,Herrenfahrrad
6100102,1307,Damenfahrrad
3601142,1550,Herrenfahrrad
1401045,50,Damenfahrrad
3701658,434,Kinderfahrrad
11400927,1000,Herrenfahrrad
8100311,3054,Damenfahrrad
6100102,550,Damenfahrrad
8200624,600,Herrenfahrrad
3501037,573,Fahrrad
2200210,799,Damenfahrrad
8100314,200,Damenfahrrad
11200515,498,Herrenfahrrad
1100206,300,Damenfahrrad
12400721,2500,Herrenfahrrad
7300516,394,Damenfahrrad
2200209,900,Damenfahrrad
2400522,766,Damenfahrrad
1200520,259,Herrenfahrrad
5100103,1000,Mountainbike
1100102,668,Damenfahrrad
3400722,2999,Damenfahrrad
6100206,599,Damenfahrrad
6400844,230,Fahrrad
12200413,1200,Mountainbike
7100102,560,Herrenfahrrad
7200414,1300,Herrenfahrrad
6300634,1213,Herrenfahrrad
1400940,220,Mountainbike
2500726,645,Herrenfahrrad
9100101,588,Herrenfahrrad
8100207,884,Fahrrad
3701660,499,divers
6300633,598,Fahrrad
6400838,200,Damenfahrrad
8100102,800,Herrenfahrrad
2200207,400,Damenfahrrad
7200413,1898,Damenfahrrad
6100209,240,Herrenfahrrad
2300419,349,Herrenfahrrad
9401431,1000,Mountainbike
10300733,649,Herrenfahrrad
10200420,200,Mountainbike
12100101,2150,divers
2100102,853,Herrenfahrrad
11100203,449,Damenfahrrad
10400941,600,Mountainbike
7300515,155,Fahrrad
12200412,1280,Damenfahrrad
2200207,300,Herrenfahrrad
2400521,200,Mountainbike
1100309,400,Herrenfahrrad
8100416,158,Damenfahrrad
6400736,475,Herrenfahrrad
9200715,499,Damenfahrrad
2500833,450,Herrenfahrrad
4300416,470,Kinderfahrrad
6200422,849,Herrenfahrrad
3500936,300,Herrenfahrrad
8100314,335,Damenfahrrad
9501941,284,Kinderfahrrad
2100104,749,Damenfahrrad
1100415,1723,Damenfahrrad
1100416,150,Damenfahrrad
11501340,555,Damenfahrrad
1200518,450,Damenfahrrad
12200309,450,Herrenfahrrad
8100103,900,Herrenfahrrad
1200628,809,Herrenfahrrad
1100309,900,Herrenfahrrad
1300733,190,Kinderfahrrad
9300923,250,Fahrrad
1100311,579,Damenfahrrad
6300526,878,Damenfahrrad
2500833,360,Damenfahrrad
2500831,233,Fahrrad
2300419,494,Damenfahrrad
1300733,250,Herrenfahrrad
7400720,549,Damenfahrrad
4501040,429,Kinderfahrrad
11200410,900,Herrenfahrrad
4300416,240,Herrenfahrrad
7100102,200,Herrenfahrrad
11200512,599,Damenfahrrad
1200628,299,Mountainbike
7100205,150,Herrenfahrrad
6400844,500,Herrenfahrrad
9501941,200,Herrenfahrrad
4501044,599,Kinderfahrrad
4501040,429,Kinderfahrrad
1200628,248,Herrenfahrrad
2200211,460,Damenfahrrad
6400737,289,Kinderfahrrad
1200519,737,Herrenfahrrad
3701555,1420,Rennrad
4400834,799,Herrenfahrrad
9502043,1120,Fahrrad
6100102,1658,Fahrrad
5200629,1000,Herrenfahrrad
6100207,4437,Herrenfahrrad
7400721,1379,Herrenfahrrad
1400942,286,Damenfahrrad
10300733,832,Herrenfahrrad
1200522,1000,Herrenfahrrad
8100415,500,Damenfahrrad
7400720,999,Damenfahrrad
11401034,130,Herrenfahrrad
9200614,589,Herrenfahrrad
5400944,426,Damenfahrrad
4500936,885,Fahrrad
6100103,3200,Damenfahrrad
12100206,1600,Herrenfahrrad
1401048,400,Damenfahrrad
1300836,448,Damenfahrrad
7200413,499,Herrenfahrrad
10100316,360,Damenfahrrad
3300412,730,Herrenfahrrad
7100204,700,Herrenfahrrad
4501151,370,Herrenfahrrad
1100312,175,Damenfahrrad
1400937,600,Kinderfahrrad
4300517,2146,Damenfahrrad
10400836,600,Mountainbike
7601443,265,Kinderfahrrad
12500824,0,Herrenfahrrad
1100206,1500,Damenfahrrad
3601142,200,Herrenfahrrad
2500834,650,Herrenfahrrad
6300526,899,Damenfahrrad
12500824,415,Kinderfahrrad
2200213,629,Herrenfahrrad
5100208,350,Herrenfahrrad
4500936,0,Mountainbike
6300526,400,Damenfahrrad
1100207,1140,Herrenfahrrad
7200413,330,Rennrad
8100102,945,Herrenfahrrad
10300733,832,Damenfahrrad
1200629,160,Fahrrad
9301025,340,Herrenfahrrad
1200519,949,Damenfahrrad
3601140,539,Kinderfahrrad
9100101,500,Herrenfahrrad
7501030,1000,Herrenfahrrad
9100101,380,Herrenfahrrad
2500835,668,Herrenfahrrad
3601451,680,Damenfahrrad
12500928,1000,divers
12500928,899,divers
8401242,550,Herrenfahrrad
5200423,400,Kinderfahrrad
1300733,1000,Herrenfahrrad
11300722,500,Damenfahrrad
8401139,500,Damenfahrrad
3500935,850,Herrenfahrrad
2300315,1500,Herrenfahrrad
11100206,399,Damenfahrrad
3300411,250,Mountainbike
4300416,499,Herrenfahrrad
9200613,290,Damenfahrrad
4501153,1806,Damenfahrrad
4400727,950,Damenfahrrad
7100101,849,Herrenfahrrad
11400927,450,Herrenfahrrad
6100102,1295,Herrenfahrrad
2500728,349,Fahrrad
10100208,1253,Herrenfahrrad
12100205,599,Damenfahrrad
6300633,2448,Damenfahrrad
8100102,950,Damenfahrrad
7501030,320,Damenfahrrad
1200521,1300,Herrenfahrrad
9200512,641,Herrenfahrrad
12400618,519,Rennrad
2500834,1290,Herrenfahrrad
9100101,495,Damenfahrrad
10400940,649,Herrenfahrrad
1100313,2728,Fahrrad
5200423,140,Kinderfahrrad
4501044,300,Herrenfahrrad
11300620,867,Mountainbike
6200422,599,Damenfahrrad
6100102,1400,Mountainbike
10100316,600,Herrenfahrrad
10100101,100,Mountainbike
1401044,600,Fahrrad
3400826,150,Damenfahrrad
4501043,1249,Herrenfahrrad
7400720,930,Herrenfahrrad
4500936,882,Damenfahrrad
5100316,300,Herrenfahrrad
6300528,400,Herrenfahrrad
2300419,300,Fahrrad
3100103,1260,Damenfahrrad
9200715,2649,Herrenfahrrad
8100102,2050,Herrenfahrrad
9200715,550,Herrenfahrrad
8100206,600,Herrenfahrrad
2200213,399,Damenfahrrad
3601346,550,Herrenfahrrad
1100207,700,Herrenfahrrad
3400721,1250,Herrenfahrrad
4501149,700,Herrenfahrrad
1100416,650,Herrenfahrrad
2500834,2629,Rennrad
1300834,449,Damenfahrrad
9100407,565,Herrenfahrrad
9200716,220,Damenfahrrad
8100207,700,Fahrrad
3400721,330,Fahrrad
1100104,500,Herrenfahrrad
11501238,306,Herrenfahrrad
3400723,706,Damenfahrrad
3701657,369,Herrenfahrrad
8100206,700,Mountainbike
9100101,520,Herrenfahrrad
6100103,500,Herrenfahrrad
6100209,1349,Damenfahrrad
1401047,1279,Herrenfahrrad
4300619,620,Herrenfahrrad
4501040,1449,Herrenfahrrad
8200729,3476,Herrenfahrrad
4300620,1200,Herrenfahrrad
1300834,1000,Herrenfahrrad
3400826,600,Damenfahrrad
1100313,2051,Herrenfahrrad
1401043,2000,Herrenfahrrad
4501153,8450,Fahrrad
4300624,499,Herrenfahrrad
9100202,1050,Herrenfahrrad
9200614,461,Damenfahrrad
3701554,600,Damenfahrrad
4300624,848,Damenfahrrad
10400940,800,Herrenfahrrad
7501029,719,Herrenfahrrad
4300413,2254,Damenfahrrad
8100209,200,Kinderfahrrad
5300735,700,Damenfahrrad
5300735,600,Herrenfahrrad
3601243,600,Herrenfahrrad
1200522,1470,Herrenfahrrad
2100103,195,Damenfahrrad
4300413,2520,divers
4300413,550,Herrenfahrrad
3601243,800,Herrenfahrrad
6100102,564,Herrenfahrrad
6100102,999,Herrenfahrrad
4400830,378,Damenfahrrad
9301126,300,Rennrad
11401032,250,Herrenfahrrad
5100210,900,Damenfahrrad
6100102,807,Mountainbike
11401136,980,Kinderfahrrad
11401136,640,Herrenfahrrad
6400735,595,Damenfahrrad
2400625,449,Herrenfahrrad
10300731,450,Damenfahrrad
11300826,886,Herrenfahrrad
7300517,2192,Mountainbike
11100205,250,divers
6400839,214,Damenfahrrad
9100304,200,Herrenfahrrad
11401032,534,Herrenfahrrad
1100313,1400,divers
1100416,640,Herrenfahrrad
7100102,827,Damenfahrrad
1100308,300,Kinderfahrrad
11300725,299,Damenfahrrad
9100101,750,Herrenfahrrad
1100415,500,Herrenfahrrad
1200629,1000,Herrenfahrrad
1100415,760,Herrenfahrrad
8100312,500,Herrenfahrrad
9501736,1000,Herrenfahrrad
6400838,834,Damenfahrrad
1400939,200,Fahrrad
11200515,414,Damenfahrrad
6100206,650,Damenfahrrad
3500933,450,Herrenfahrrad
6100102,610,Damenfahrrad
11300722,1000,Herrenfahrrad
4501150,2139,Herrenfahrrad
1100414,600,Fahrrad
1200626,600,Herrenfahrrad
2500835,758,Herrenfahrrad
3701660,849,Damenfahrrad
12100101,360,Damenfahrrad
4300624,499,Herrenfahrrad
8401242,0,Herrenfahrrad
5100105,250,Kinderfahrrad
4300517,300,Herrenfahrrad
4501150,400,Herrenfahrrad
7300515,663,Herrenfahrrad
7400825,350,Herrenfahrrad
3701554,2000,Fahrrad
3400723,200,Kinderfahrrad
3601346,240,Herrenfahrrad
3701554,2999,Fahrrad
4300413,2490,Damenfahrrad
2200212,300,Rennrad
1100206,1200,Herrenfahrrad
12100205,200,Herrenfahrrad
2100102,1923,Herrenfahrrad
6100207,550,Herrenfahrrad
1100416,399,Kinderfahrrad
10300731,400,Fahrrad
1200624,1380,Damenfahrrad
1100415,486,Fahrrad
4400834,586,Damenfahrrad
9100408,339,Damenfahrrad
9100101,430,Kinderfahrrad
9502043,544,Damenfahrrad
1300732,280,Mountainbike
9501939,940,Herrenfahrrad
8100419,1439,Damenfahrrad
7300516,2735,Herrenfahrrad
6300630,300,Damenfahrrad
4300623,899,Herrenfahrrad
10300733,383,Damenfahrrad
2300314,186,Mountainbike
11501341,369,Herrenfahrrad
7100102,588,Damenfahrrad
3601140,250,Damenfahrrad
1400942,249,Herrenfahrrad
11501238,981,Herrenfahrrad
12200413,967,Mountainbike
3601244,1216,Damenfahrrad
4501152,400,Damenfahrrad
9100101,325,Fahrrad
11400929,900,Herrenfahrrad
1100309,1465,Herrenfahrrad
12500928,599,Damenfahrrad
8300935,628,Herrenfahrrad
7501133,1230,Herrenfahrrad
4300622,540,Damenfahrrad
1100207,150,Herrenfahrrad
7300517,4657,Fahrrad
10200524,7899,Damenfahrrad
2200213,370,Fahrrad
2400521,2456,Damenfahrrad
1200629,3065,Damenfahrrad
10300731,499,Herrenfahrrad
3601347,250,Damenfahrrad
9200715,479,Herrenfahrrad
10100206,0,Fahrrad
8401242,200,Fahrrad
2500835,101,Herrenfahrrad
4200207,498,Damenfahrrad
4500936,980,Damenfahrrad
3100101,900,Herrenfahrrad
3701555,244,Herrenfahrrad
1100310,439,Herrenfahrrad
1200520,1079,Damenfahrrad
3400827,960,Fahrrad
7400720,250,Herrenfahrrad
4501042,1699,Fahrrad
2200209,850,Mountainbike
6300526,275,Damenfahrrad
7300516,2500,Mountainbike
6100209,1344,Herrenfahrrad
3601142,2040,Herrenfahrrad
10100316,200,Fahrrad
9200715,410,Damenfahrrad
9200716,400,Fahrrad
9501736,300,Damenfahrrad
6300632,267,Herrenfahrrad
4400832,399,Kinderfahrrad
6300629,1250,Damenfahrrad
4501041,980,Herrenfahrrad
1300733,548,Herrenfahrrad
10200526,250,Mountainbike
12200413,700,Mountainbike
2200212,275,Herrenfahrrad
2500834,660,Damenfahrrad
1401047,320,Herrenfahrrad
7100102,400,Herrenfahrrad
5100317,450,Fahrrad
4400832,255,Herrenfahrrad
3601243,300,Herrenfahrrad
9501737,550,Herrenfahrrad
9200715,1021,Herrenfahrrad
11300617,400,Herrenfahrrad
3400721,550,Kinderfahrrad
2500729,565,Herrenfahrrad
10300734,1321,Herrenfahrrad
12400618,240,Kinderfahrrad
9100305,190,Damenfahrrad
8401244,200,Damenfahrrad
2200207,961,Damenfahrrad
6200421,399,Damenfahrrad
3500936,1500,Herrenfahrrad
3200207,393,Damenfahrrad
1100309,401,Herrenfahrrad
3400721,700,Herrenfahrrad
5200629,450,Rennrad
3400725,559,Herrenfahrrad
4500936,195,Damenfahrrad
3400723,399,Fahrrad
3400826,300,Herrenfahrrad
8100311,950,Herrenfahrrad
9501737,599,Herrenfahrrad
9200613,1200,Fahrrad
3601451,300,Herrenfahrrad
6100101,300,Damenfahrrad
8100206,500,Mountainbike
9200613,690,Fahrrad
3701556,322,Damenfahrrad
2400623,1020,Herrenfahrrad
1100416,200,Herrenfahrrad
4300623,750,Fahrrad
9501838,500,Herrenfahrrad
6300526,1100,Herrenfahrrad
3400830,694,Herrenfahrrad
6400843,487,Herrenfahrrad
2400522,1160,Damenfahrrad
4100102,215,Mountainbike
9100407,988,Damenfahrrad
4400835,750,Mountainbike
8200623,200,Herrenfahrrad
6100204,629,Damenfahrrad
2300419,677,Herrenfahrrad
3400620,339,Kinderfahrrad
6400843,1099,Herrenfahrrad
11100308,2547,Damenfahrrad
2200208,400,Herrenfahrrad
6100204,949,Herrenfahrrad
1200520,999,Damenfahrrad
6400842,500,Damenfahrrad
3601452,179,Kinderfahrrad
2300316,1399,Herrenfahrrad
3400827,500,Damenfahrrad
4200310,900,Damenfahrrad
3400722,500,divers
2400520,569,Rennrad
3500932,769,Herrenfahrrad
9502043,1000,Fahrrad
4300621,375,Fahrrad
1100102,3500,Damenfahrrad
7200307,950,Herrenfahrrad
3300516,848,Herrenfahrrad
7300516,987,Herrenfahrrad
1100311,1350,Herrenfahrrad
9200510,1099,Herrenfahrrad
4501042,3800,Herrenfahrrad
7400822,1169,Damenfahrrad
1401049,800,Herrenfahrrad
1200629,1100,Damenfahrrad
2200210,450,Herrenfahrrad
10400938,1372,divers
11300722,550,Herrenfahrrad
4501042,300,Herrenfahrrad
9501940,1786,Fahrrad
7200413,1199,Herrenfahrrad
1100309,1266,Herrenfahrrad
4501042,1000,Damenfahrrad
3300514,300,Kinderfahrrad
9100407,589,Mountainbike
2400623,1,Damenfahrrad
1100311,110,Herrenfahrrad
10200524,774,Damenfahrrad
2200209,4963,Fahrrad
2200210,346,Herrenfahrrad
3601449,748,Herrenfahrrad
6200316,799,Herrenfahrrad
3701554,600,Kinderfahrrad
6100207,600,Mountainbike
9401431,600,Damenfahrrad
7200307,699,Herrenfahrrad
1100102,699,Herrenfahrrad
3300514,354,Damenfahrrad
2200213,479,Herrenfahrrad
3701555,1900,Herrenfahrrad
8100417,900,Herrenfahrrad
11300826,100,Damenfahrrad
2300315,300,Herrenfahrrad
2200207,600,Herrenfahrrad
4200308,1350,Herrenfahrrad
11400929,799,Fahrrad
1100103,3150,Herrenfahrrad
3601449,500,Herrenfahrrad
1100415,99,Herrenfahrrad
4501042,800,Herrenfahrrad
2100101,250,Herrenfahrrad
11501340,399,Damenfahrrad
8100207,250,Damenfahrrad
11400928,1678,Herrenfahrrad
7100102,656,Herrenfahrrad
6400840,500,Mountainbike
11400930,424,Damenfahrrad
8100105,400,Herrenfahrrad
3601449,150,Damenfahrrad
3601245,400,Herrenfahrrad
8100418,450,Herrenfahrrad
4400832,939,Herrenfahrrad
11300826,165,Damenfahrrad
1100104,613,Herrenfahrrad
9200613,250,Fahrrad
2200207,2980,Herrenfahrrad
6100206,950,Fahrrad
3601453,900,divers
3200310,899,Herrenfahrrad
3200205,599,Herrenfahrrad
9200715,2986,Damenfahrrad
8401246,300,Mountainbike
4200309,850,Herrenfahrrad
10400836,499,Damenfahrrad
11300721,1599,Damenfahrrad
10400836,79,Herrenfahrrad
1100415,741,Herrenfahrrad
2400623,600,Damenfahrrad
3601452,604,Mountainbike
2400521,750,Herrenfahrrad
6100205,599,Herrenfahrrad
2300316,396,Herrenfahrrad
12500825,486,Damenfahrrad
11100205,499,Mountainbike
3601140,517,Herrenfahrrad
4300416,120,Mountainbike
6100101,746,Damenfahrrad
3400721,250,Damenfahrrad
8401244,780,Herrenfahrrad
7601544,1450,Herrenfahrrad
6100205,1639,Herrenfahrrad
2100106,800,Damenfahrrad
4200203,537,Mountainbike
4300623,2250,Damenfahrrad
3601450,1678,divers
8401138,450,Herrenfahrrad
6100102,1008,Herrenfahrrad
3701660,800,Fahrrad
8100418,146,Herrenfahrrad
7400720,1214,Herrenfahrrad
4300622,100,Damenfahrrad
7400720,699,Damenfahrrad
4400835,950,Damenfahrrad
9100304,450,Herrenfahrrad
1100207,359,Fahrrad
9200715,2999,Herrenfahrrad
2500728,1000,Herrenfahrrad
6100101,3000,Damenfahrrad
3100101,214,Kinderfahrrad
1100312,700,Herrenfahrrad
11501341,700,Herrenfahrrad
8200729,650,Damenfahrrad
4501044,467,Damenfahrrad
12601134,2200,Rennrad
2300417,450,Damenfahrrad
6400737,800,Kinderfahrrad
4501040,150,Damenfahrrad
7300515,599,Herrenfahrrad
8200727,250,Herrenfahrrad
10100314,670,Damenfahrrad
9100408,999,Herrenfahrrad
11501341,449,Fahrrad
2500835,429,Damenfahrrad
1300733,350,Mountainbike
8100102,999,Damenfahrrad
4501152,672,Damenfahrrad
3300514,338,Herrenfahrrad
9200715,3067,Herrenfahrrad
1200520,739,Fahrrad
4300416,500,Herrenfahrrad
12400721,750,Herrenfahrrad
9501838,624,Kinderfahrrad
4300413,779,Damenfahrrad
1200520,999,Herrenfahrrad
3501037,300,Herrenfahrrad
3601453,450,Damenfahrrad
8100311,790,Damenfahrrad
3400721,1199,Herrenfahrrad
9501737,1100,Herrenfahrrad
4300413,2399,Damenfahrrad
8100418,120,Mountainbike
4200309,600,Herrenfahrrad
9300920,250,Damenfahrrad
7100102,1149,Herrenfahrrad
4501043,500,Damenfahrrad
1100310,2570,Herrenfahrrad
1100415,963,Herrenfahrrad
4501153,599,Damenfahrrad
2400520,448,Herrenfahrrad
1200626,738,Herrenfahrrad
7100204,340,Herrenfahrrad
11501341,599,Herrenfahrrad
2200210,799,Herrenfahrrad
3601450,500,Herrenfahrrad
6200312,350,Mountainbike
6300633,1000,Damenfahrrad
7501133,350,Damenfahrrad
9100101,515,Damenfahrrad
7400824,1500,Rennrad
11501339,399,Damenfahrrad
7300517,293,Kinderfahrrad
3601245,500,Herrenfahrrad
11400927,400,Herrenfahrrad
1200519,239,Herrenfahrrad
1300733,400,Damenfahrrad
6100206,1051,Damenfahrrad
2400625,429,Damenfahrrad
3701660,449,Herrenfahrrad
8100310,140,Fahrrad
9200715,1400,Herrenfahrrad
7200414,1000,Herrenfahrrad
8100208,493,Herrenfahrrad
2500726,447,Herrenfahrrad
1100207,332,Damenfahrrad
7400720,700,Damenfahrrad
1200521,200,Herrenfahrrad
7100102,400,Damenfahrrad
4300624,250,Damenfahrrad
3601452,819,Herrenfahrrad
7200307,300,Herrenfahrrad
5400945,458,Herrenfahrrad
3500936,423,Herrenfahrrad
3601244,474,Kinderfahrrad
12500927,300,Damenfahrrad
12500930,550,Herrenfahrrad
11200514,279,Herrenfahrrad
3400723,1852,Herrenfahrrad
3200309,498,Kinderfahrrad
3601243,1600,Herrenfahrrad
1401044,900,Damenfahrrad
2500834,418,Damenfahrrad
8401244,699,Herrenfahrrad
2100104,200,Herrenfahrrad
3601452,300,Kinderfahrrad
1200624,600,Herrenfahrrad
7100205,0,Mountainbike
6100101,350,Herrenfahrrad
8100415,473,Herrenfahrrad
6200422,500,Herrenfahrrad
8100314,439,Herrenfahrrad
6200420,250,Herrenfahrrad
3200206,500,Mountainbike
5100316,290,Herrenfahrrad
11501340,278,Fahrrad
3601452,1200,Damenfahrrad
3601452,1200,Damenfahrrad
8100209,700,Damenfahrrad
3601142,425,Kinderfahrrad
6400844,184,Herrenfahrrad
3601451,1890,Fahrrad
2100106,150,Damenfahrrad
3601453,650,Herrenfahrrad
7601442,499,Herrenfahrrad
6100103,1134,Herrenfahrrad
3601243,577,Damenfahrrad
2300316,799,Herrenfahrrad
8401244,517,Mountainbike
11300620,50,Damenfahrrad
2500726,300,Herrenfahrrad
11400927,600,Herrenfahrrad
2400623,700,Damenfahrrad
9200819,530,Herrenfahrrad
7501133,694,Damenfahrrad
6200422,499,Herrenfahrrad
2200210,1064,Herrenfahrrad
3200207,900,Damenfahrrad
1300835,600,Fahrrad
1100310,350,Mountainbike
5100314,350,Damenfahrrad
6100103,1914,Herrenfahrrad
9501737,500,divers
2100103,425,Herrenfahrrad
2300314,435,Kinderfahrrad
8100314,499,Herrenfahrrad
6100101,800,Herrenfahrrad
2200207,475,Damenfahrrad
3400618,800,Herrenfahrrad
1300836,1229,Herrenfahrrad
2400521,564,Damenfahrrad
3400721,474,Kinderfahrrad
2500836,333,Herrenfahrrad
8200622,699,Fahrrad
4501043,539,Damenfahrrad
12200411,0,Mountainbike
3300412,567,Fahrrad
1200629,500,Kinderfahrrad
1100310,698,Herrenfahrrad
2200212,900,Herrenfahrrad
9100304,600,Fahrrad
4300413,2328,Fahrrad
3601346,649,Damenfahrrad
9501939,480,Herrenfahrrad
2500834,642,Mountainbike
2200209,399,Kinderfahrrad
2500727,350,Kinderfahrrad
5200629,50,Rennrad
4400727,430,Damenfahrrad
11400931,349,Herrenfahrrad
1200520,500,Damenfahrrad
8100207,400,Lastenfahrrad
6300629,717,Mountainbike
3701658,5164,Fahrrad
8100311,997,Herrenfahrrad
6300527,999,Damenfahrrad
3601347,555,Herrenfahrrad
8100417,1066,Herrenfahrrad
4501043,193,Herrenfahrrad
2200213,799,Herrenfahrrad
6300629,299,Herrenfahrrad
6200312,1350,Herrenfahrrad
3300516,1500,Fahrrad
1100312,3000,Damenfahrrad
4501043,200,Herrenfahrrad
3500934,1720,Herrenfahrrad
9100101,398,Damenfahrrad
11300721,700,Herrenfahrrad
2400623,500,Herrenfahrrad
10100207,250,Mountainbike
2400623,516,Herrenfahrrad
9200715,399,Damenfahrrad
6400838,770,Fahrrad
3400826,392,Damenfahrrad
1100312,320,Herrenfahrrad
1401048,628,Fahrrad
3100103,220,Herrenfahrrad
6100208,550,Herrenfahrrad
3601346,288,Herrenfahrrad
2100103,423,Damenfahrrad
4200308,359,Mountainbike
8200727,350,Damenfahrrad
4501045,500,Damenfahrrad
5100315,760,Damenfahrrad
8100417,390,Damenfahrrad
1100310,873,Herrenfahrrad
10100312,424,Herrenfahrrad
7100206,350,Damenfahrrad
12400723,499,Damenfahrrad
11400931,385,Herrenfahrrad
2300315,300,Herrenfahrrad
11400929,333,Kinderfahrrad
7100206,500,Herrenfahrrad
10400938,792,Damenfahrrad
6100103,325,Herrenfahrrad
1200629,425,Damenfahrrad
2100101,1499,Damenfahrrad
4501044,2418,Herrenfahrrad
9100407,333,Herrenfahrrad
1100313,800,Damenfahrrad
6200420,350,Fahrrad
8100311,2034,Fahrrad
2500728,392,Damenfahrrad
5100210,559,Herrenfahrrad
6400737,398,Damenfahrrad
7100101,844,divers
8300934,600,Damenfahrrad
2300316,299,Damenfahrrad
6400839,513,Herrenfahrrad
9501736,439,Damenfahrrad
6200422,372,Fahrrad
11300725,750,Herrenfahrrad
1200520,1800,divers
1100104,400,Kinderfahrrad
5100315,802,Damenfahrrad
2200212,963,Herrenfahrrad
7100205,822,Damenfahrrad
2300418,65,Damenfahrrad
6100207,506,Herrenfahrrad
1100310,800,Fahrrad
3500936,1140,Herrenfahrrad
8100416,4190,Herrenfahrrad
3300411,545,Mountainbike
2200212,1176,Herrenfahrrad
2200209,399,Herrenfahrrad
12400722,180,Herrenfahrrad
2300315,1000,Herrenfahrrad
11100309,497,Herrenfahrrad
4501041,1500,Herrenfahrrad
5100313,1200,Herrenfahrrad
4300412,250,Herrenfahrrad
2400623,699,Damenfahrrad
1100103,210,Kinderfahrrad
1100101,1735,Herrenfahrrad
7601544,399,Damenfahrrad
3300411,600,Herrenfahrrad
1401048,3185,divers
4300621,1000,Fahrrad
11501341,421,Damenfahrrad
6100210,475,Herrenfahrrad
4300412,300,Damenfahrrad
6100205,1000,Herrenfahrrad
11100206,2699,Fahrrad
3400721,786,Damenfahrrad
4501150,350,Herrenfahrrad
4300414,650,Herrenfahrrad
6300630,539,Herrenfahrrad
1100102,1299,Herrenfahrrad
4500937,399,Herrenfahrrad
2300315,1100,Herrenfahrrad
1200628,300,Herrenfahrrad
1100102,1119,Herrenfahrrad
8200725,2427,Herrenfahrrad
12100101,2727,Herrenfahrrad
4300416,1600,Herrenfahrrad
9100202,349,Fahrrad
9100202,349,Fahrrad
9100101,299,Herrenfahrrad
12100103,300,Herrenfahrrad
4501043,880,Herrenfahrrad
6200313,385,Herrenfahrrad
7300517,1149,Fahrrad
2500832,878,Fahrrad
10300733,300,Fahrrad
11501238,859,Herrenfahrrad
4501045,489,Damenfahrrad
2200207,799,Fahrrad
11300618,679,Herrenfahrrad
1100102,580,Damenfahrrad
7200307,640,Herrenfahrrad
4400832,1044,Herrenfahrrad
1200518,2050,Damenfahrrad
1400942,341,Herrenfahrrad
11100308,684,Herrenfahrrad
2500833,1009,Herrenfahrrad
3601243,350,divers
8100416,4975,Herrenfahrrad
4400830,869,Herrenfahrrad
2300419,545,Herrenfahrrad
7601236,220,Herrenfahrrad
7300619,1000,Damenfahrrad
11400929,399,Herrenfahrrad
11400929,1999,divers
2200210,1147,Fahrrad
8401241,499,Damenfahrrad
5100312,300,Herrenfahrrad
8200832,799,Herrenfahrrad
7100205,260,Herrenfahrrad
10400837,350,Herrenfahrrad
8200726,430,Herrenfahrrad
6400838,873,Damenfahrrad
7601236,743,Herrenfahrrad
1100416,624,Herrenfahrrad
9200717,799,Damenfahrrad
5200629,799,Damenfahrrad
9200613,100,Fahrrad
1300834,300,Herrenfahrrad
3601449,408,Herrenfahrrad
10200423,350,Herrenfahrrad
4300619,388,Herrenfahrrad
8100104,369,Damenfahrrad
8100101,2090,Herrenfahrrad
4400833,625,Herrenfahrrad
8100417,1350,Herrenfahrrad
2300419,623,Herrenfahrrad
11200410,680,Herrenfahrrad
11501339,263,Herrenfahrrad
4300623,1000,Herrenfahrrad
4400726,6850,divers
6100102,699,Herrenfahrrad
4501045,1200,Herrenfahrrad
1200521,599,Damenfahrrad
4300416,750,Herrenfahrrad
11100205,400,Kinderfahrrad
8100101,169,Herrenfahrrad
11300722,724,Herrenfahrrad
9200716,2000,Herrenfahrrad
6300630,370,divers
3100103,1,Mountainbike
1400942,3000,Fahrrad
11401032,1496,Fahrrad
1100310,500,Damenfahrrad
2400624,1000,Damenfahrrad
8100417,668,Herrenfahrrad
4400834,900,Herrenfahrrad
8100417,824,Damenfahrrad
2200213,380,Fahrrad
3601142,100,Damenfahrrad
9100101,1299,Damenfahrrad
9100203,659,Damenfahrrad
12400723,699,Mountainbike
4501041,699,Mountainbike
6100103,1000,Damenfahrrad
4400727,200,divers
4501045,499,Damenfahrrad
6300633,849,Herrenfahrrad
8100314,521,Fahrrad
1300834,140,Damenfahrrad
2500727,780,Mountainbike
7400721,999,Damenfahrrad
1200518,1692,Damenfahrrad
6200312,252,Fahrrad
3601140,575,Kinderfahrrad
6300629,299,Damenfahrrad
7300517,599,Herrenfahrrad
3701554,1630,Herrenfahrrad
8100416,500,Herrenfahrrad
2300419,749,Herrenfahrrad
8100312,80,Damenfahrrad
3701554,630,Damenfahrrad
2500834,600,Damenfahrrad
1100416,4395,Herrenfahrrad
12100103,650,Herrenfahrrad
4300623,255,Herrenfahrrad
11501341,540,Herrenfahrrad
3601142,350,Herrenfahrrad
1100104,1266,Herrenfahrrad
3601347,1080,Herrenfahrrad
6200314,1999,Herrenfahrrad
8401246,468,Damenfahrrad
2300419,100,Herrenfahrrad
1100104,1000,Herrenfahrrad
6200313,529,Herrenfahrrad
2300419,90,Herrenfahrrad
10100103,169,Damenfahrrad
1300733,610,divers
3701554,2330,Herrenfahrrad
3500936,2800,divers
3701554,862,Damenfahrrad
8100310,540,Herrenfahrrad
5200527,300,Kinderfahrrad
7601545,1,Damenfahrrad
2100104,1200,Herrenfahrrad
12100205,449,Damenfahrrad
9100202,1209,Herrenfahrrad
8100417,1464,Fahrrad
7100102,3617,Damenfahrrad
2300417,1100,Herrenfahrrad
4501041,2388,Fahrrad
12200309,250,Herrenfahrrad
4300621,1250,Herrenfahrrad
3500936,498,Herrenfahrrad
9200818,499,Damenfahrrad
4300622,1450,Herrenfahrrad
11501341,425,Fahrrad
7100102,1079,Damenfahrrad
10200423,379,Kinderfahrrad
2300418,929,Herrenfahrrad
2100105,599,Damenfahrrad
11401034,999,Damenfahrrad
3500935,599,Herrenfahrrad
1100310,250,Damenfahrrad
6100206,987,Herrenfahrrad
11501339,400,Fahrrad
6100208,698,Herrenfahrrad
2500834,1499,Fahrrad
6300528,800,Herrenfahrrad
8300934,600,Damenfahrrad
3601347,2315,Herrenfahrrad
1100414,780,Herrenfahrrad
4500939,170,Herrenfahrrad
2400521,1759,Herrenfahrrad
11300619,949,Fahrrad
2100102,549,Herrenfahrrad
3601142,2130,Damenfahrrad
6100205,1100,Herrenfahrrad
9100101,509,Herrenfahrrad
4300517,333,Herrenfahrrad
3701658,400,Herrenfahrrad
3601142,730,Herrenfahrrad
2200210,600,Herrenfahrrad
10300731,304,Damenfahrrad
4400830,2600,Herrenfahrrad
4300416,494,Damenfahrrad
12601133,600,Herrenfahrrad
11401137,2399,Damenfahrrad
11200515,100,Herrenfahrrad
12601133,600,Herrenfahrrad
9200613,590,Herrenfahrrad
1100311,730,Damenfahrrad
3601346,150,Damenfahrrad
9301126,190,Fahrrad
7300515,300,Herrenfahrrad
1100309,630,Herrenfahrrad
8100312,500,Herrenfahrrad
6400839,252,Damenfahrrad
8100418,500,Fahrrad
4300619,600,Damenfahrrad
2500834,500,Damenfahrrad
4300518,100,Herrenfahrrad
11100307,399,Herrenfahrrad
2500833,200,Damenfahrrad
2300417,483,Herrenfahrrad
1300834,699,Mountainbike
9100101,400,Herrenfahrrad
1300733,420,Damenfahrrad
8100417,895,Herrenfahrrad
8200623,560,Damenfahrrad
4300623,1500,Herrenfahrrad
2500726,278,Damenfahrrad
6200317,475,Herrenfahrrad
2300417,999,Herrenfahrrad
2300316,720,Herrenfahrrad
7400824,749,Herrenfahrrad
7300516,2799,Damenfahrrad
5100208,350,Mountainbike
6100209,649,Herrenfahrrad
8100310,2100,Fahrrad
3601450,378,Kinderfahrrad
5100208,239,Kinderfahrrad
8100417,240,Rennrad
1300732,629,Herrenfahrrad
2200212,429,Kinderfahrrad
2300418,652,Herrenfahrrad
11100203,299,Damenfahrrad
3400721,411,Herrenfahrrad
12200413,350,Damenfahrrad
3501038,999,Herrenfahrrad
8100206,800,Fahrrad
9200819,800,Herrenfahrrad
4501043,105,Mountainbike
4300621,3034,Fahrrad
2300314,330,Herrenfahrrad
4501150,259,Herrenfahrrad
11400929,236,Damenfahrrad
12200414,320,Rennrad
8200730,500,Herrenfahrrad
12100103,500,Herrenfahrrad
6100102,3000,Fahrrad
2500727,348,Herrenfahrrad
8300934,629,Herrenfahrrad
4300619,200,Herrenfahrrad
6300633,500,Damenfahrrad
6100102,599,Herrenfahrrad
2500727,1259,Damenfahrrad
4300414,3655,Herrenfahrrad
1100312,1504,Herrenfahrrad
8100419,292,Herrenfahrrad
2200212,969,Fahrrad
1100312,195,Damenfahrrad
1401048,300,Mountainbike
2100101,320,Herrenfahrrad
2300417,432,Damenfahrrad
2500728,1200,Herrenfahrrad
11400927,380,Herrenfahrrad
11200515,888,Herrenfahrrad
2300419,750,Damenfahrrad
8100417,1050,Fahrrad
8100416,700,Damenfahrrad
7100204,200,Herrenfahrrad
10400835,500,Damenfahrrad
11400930,50,Herrenfahrrad
1100103,1700,Fahrrad
2100104,280,Rennrad
4300414,743,Damenfahrrad
1300836,399,Fahrrad
1100312,350,Herrenfahrrad
10200524,250,Damenfahrrad
5300839,399,Fahrrad
9200512,3500,Herrenfahrrad
2500728,1200,Herrenfahrrad
3701556,1200,Rennrad
2100101,500,Herrenfahrrad
2400625,662,Damenfahrrad
2200212,300,Herrenfahrrad
11300725,200,Herrenfahrrad
2500834,1150,Herrenfahrrad
1300834,900,Herrenfahrrad
8100206,400,Herrenfahrrad
5300841,996,divers
1401046,530,Herrenfahrrad
1300733,316,Damenfahrrad
8100417,828,Herrenfahrrad
3400722,500,Herrenfahrrad
5300737,150,Herrenfahrrad
8100207,596,Herrenfahrrad
9501838,50,Herrenfahrrad
7400721,1050,Rennrad
9100202,5100,Fahrrad
7100102,1500,Herrenfahrrad
4300624,850,Herrenfahrrad
4300415,250,Herrenfahrrad
11501341,900,Herrenfahrrad
8100415,795,Herrenfahrrad
8100418,80,Herrenfahrrad
9200819,620,Damenfahrrad
3701659,512,Damenfahrrad
12601134,300,Fahrrad
4500936,499,Herrenfahrrad
3601245,599,Herrenfahrrad
4500938,1057,Herrenfahrrad
8200623,330,Damenfahrrad
2200208,60,Kinderfahrrad
1100310,1200,Herrenfahrrad
2400522,430,Herrenfahrrad
11300618,999,Fahrrad
1200520,400,Damenfahrrad
2500833,690,Fahrrad
3400723,399,Damenfahrrad
1200518,130,Herrenfahrrad
9502043,4790,Herrenfahrrad
1200626,997,Herrenfahrrad
12400619,2058,Damenfahrrad
10100313,250,Mountainbike
3200310,200,Herrenfahrrad
2300419,100,Fahrrad
6200312,400,Fahrrad
4300518,50,Damenfahrrad
6400842,250,Damenfahrrad
2300418,500,Fahrrad
8200623,350,Herrenfahrrad
6200312,1928,Damenfahrrad
4501150,900,divers
7601546,500,Herrenfahrrad
3300514,617,Fahrrad
5300737,638,Herrenfahrrad
4501153,3565,Herrenfahrrad
5100313,407,Mountainbike
3500936,200,Herrenfahrrad
2200211,644,Kinderfahrrad
12100205,445,Herrenfahrrad
1401044,1634,Herrenfahrrad
9501737,1709,Herrenfahrrad
10400835,2200,Herrenfahrrad
6300632,650,Damenfahrrad
8100416,900,Damenfahrrad
8100314,400,Herrenfahrrad
2400623,149,Herrenfahrrad
9200715,350,Damenfahrrad
1400938,90,Damenfahrrad
3601139,260,Damenfahrrad
8100208,640,Herrenfahrrad
7200413,500,Kinderfahrrad
8100311,400,Herrenfahrrad
5100315,848,Herrenfahrrad
2400624,200,Damenfahrrad
2200213,242,Damenfahrrad
9200613,3609,Damenfahrrad
12100103,900,Fahrrad
4501040,799,Damenfahrrad
11501339,1500,Damenfahrrad
2300419,839,Herrenfahrrad
7100204,2000,Herrenfahrrad
1100310,218,Mountainbike
1401047,400,Damenfahrrad
4300623,900,Fahrrad
1100313,700,Herrenfahrrad
5200629,1500,Herrenfahrrad
4300623,500,Fahrrad
6400842,639,Damenfahrrad
9100101,50,Fahrrad
8100416,300,Herrenfahrrad
8100418,450,Damenfahrrad
2200208,210,Herrenfahrrad
4300414,712,Herrenfahrrad
7300517,150,Kinderfahrrad
4300518,749,Damenfahrrad
2500832,2093,Fahrrad
3400830,150,Damenfahrrad
4300622,399,Damenfahrrad
4300416,1299,Rennrad
7601339,229,Herrenfahrrad
1100415,422,Herrenfahrrad
4300624,2899,Herrenfahrrad
8100312,2332,Herrenfahrrad
7501032,170,Herrenfahrrad
8100207,400,Mountainbike
7100102,2500,Herrenfahrrad
1300731,770,Herrenfahrrad
8100415,672,Damenfahrrad
9501736,799,Herrenfahrrad
1200623,2105,Fahrrad
6400838,632,Damenfahrrad
4300622,3922,Mountainbike
3200309,200,Damenfahrrad
11400928,799,Herrenfahrrad
1100310,1850,Herrenfahrrad
11300725,1000,divers
11401137,300,Herrenfahrrad
11401033,199,Herrenfahrrad
4400830,560,Fahrrad
2400625,800,Damenfahrrad
7300618,609,Herrenfahrrad
2200210,963,Damenfahrrad
8100313,1700,Herrenfahrrad
2200210,1659,Fahrrad
10300734,374,Herrenfahrrad
10300732,699,Herrenfahrrad
9100101,1118,Damenfahrrad
9300923,299,Kinderfahrrad
3300514,299,Damenfahrrad
7100102,1900,Damenfahrrad
11401033,399,Fahrrad
6200421,400,Damenfahrrad
11400927,3538,Herrenfahrrad
2300418,450,Herrenfahrrad
12100206,999,Herrenfahrrad
1401046,599,Mountainbike
8300934,550,Herrenfahrrad
1300731,635,Damenfahrrad
8100417,200,Herrenfahrrad
6400839,498,Damenfahrrad
4300622,200,Herrenfahrrad
3601452,653,Herrenfahrrad
2200211,310,Fahrrad
2300417,500,Mountainbike
11200515,799,Herrenfahrrad
7100102,485,Fahrrad
2200211,399,Fahrrad
11300826,1000,Herrenfahrrad
9401534,519,Herrenfahrrad
2100104,669,Damenfahrrad
1100308,888,Herrenfahrrad
8100206,217,Herrenfahrrad
4501045,1166,Fahrrad
2100104,995,Herrenfahrrad
11200515,499,Herrenfahrrad
12400721,8900,divers
1100205,1650,Herrenfahrrad
4400830,600,Fahrrad
2100106,2217,Herrenfahrrad
1100309,2700,Damenfahrrad
11501341,2996,Fahrrad
12100205,950,Herrenfahrrad
4501040,900,Herrenfahrrad
4300622,540,Herrenfahrrad
1200519,1569,Herrenfahrrad
3701660,1362,Fahrrad
1200623,1350,Herrenfahrrad
9200613,3000,Fahrrad
9100101,250,Damenfahrrad
1300733,499,Damenfahrrad
11401137,120,Herrenfahrrad
2200213,350,Herrenfahrrad
4300517,899,Damenfahrrad
7100103,530,Damenfahrrad
12200412,320,Kinderfahrrad
3400826,924,Herrenfahrrad
9502043,2500,Herrenfahrrad
1200520,580,Damenfahrrad
11400929,1828,Herrenfahrrad
1200629,1100,Herrenfahrrad
8100415,1419,Damenfahrrad
3400826,400,Herrenfahrrad
2300315,2650,Damenfahrrad
2300418,747,Damenfahrrad
1100308,720,Herrenfahrrad
1100313,747,Herrenfahrrad
3701556,300,Kinderfahrrad
1100415,500,Herrenfahrrad
1300834,200,Damenfahrrad
7601236,749,Damenfahrrad
1401048,1400,Fahrrad
1100102,699,Herrenfahrrad
4501044,1500,Herrenfahrrad
4500936,700,Damenfahrrad
6100102,2500,Herrenfahrrad
8100104,827,Damenfahrrad
3601243,200,Damenfahrrad
6400840,583,Damenfahrrad
8100311,350,Damenfahrrad
6400839,819,Herrenfahrrad
7501032,320,Damenfahrrad
2300315,300,Damenfahrrad
11100307,499,Herrenfahrrad
1100308,1300,Herrenfahrrad
11100203,749,Fahrrad
2500832,1980,Rennrad
10100312,234,Herrenfahrrad
1100311,450,Herrenfahrrad
6100209,599,Herrenfahrrad
3601450,353,Damenfahrrad
2400624,593,Damenfahrrad
3400723,366,Damenfahrrad
1100416,400,Damenfahrrad
3400830,270,Herrenfahrrad
3400826,455,Herrenfahrrad
2400520,244,Fahrrad
1200522,250,Herrenfahrrad
12400720,790,Fahrrad
3701658,683,Herrenfahrrad
9200717,517,Damenfahrrad
9502043,599,Herrenfahrrad
4501040,250,Lastenfahrrad
9502043,848,Damenfahrrad
2400521,4025,Herrenfahrrad
3601244,237,Herrenfahrrad
9100101,860,Fahrrad
3300412,399,Herrenfahrrad
5200629,3000,Herrenfahrrad
11501238,330,Herrenfahrrad
3601142,450,Damenfahrrad
1300835,999,Damenfahrrad
8100416,899,Damenfahrrad
6400735,398,Damenfahrrad
1100310,1234,Herrenfahrrad
9200613,229,Mountainbike
3400826,597,Herrenfahrrad
3300412,399,Herrenfahrrad
2400625,200,Damenfahrrad
8100312,900,Damenfahrrad
7100103,500,Fahrrad
2200212,887,Herrenfahrrad
10300733,300,Damenfahrrad
2300419,1200,Herrenfahrrad
1200627,90,Damenfahrrad
3400724,479,divers
1200519,450,Mountainbike
9200511,1010,Herrenfahrrad
6200422,600,Herrenfahrrad
1100416,354,Herrenfahrrad
3601140,299,Fahrrad
11200514,410,Rennrad
2500835,200,Damenfahrrad
12400720,600,Herrenfahrrad
6300631,750,Damenfahrrad
1401047,469,Herrenfahrrad
6300527,552,Damenfahrrad
6100209,1500,Herrenfahrrad
7200307,274,Fahrrad
1401045,690,Herrenfahrrad
2300418,854,Damenfahrrad
2300419,200,Herrenfahrrad
11100309,500,divers
3701659,765,Herrenfahrrad
1100311,290,Fahrrad
9100306,3000,Herrenfahrrad
9100101,160,Damenfahrrad
12200413,1022,Herrenfahrrad
11400927,2250,Damenfahrrad
9501737,421,Herrenfahrrad
11501339,405,Damenfahrrad
3400827,454,Damenfahrrad
11300826,1200,Rennrad
1100205,372,Fahrrad
3200310,2255,divers
5100210,399,Herrenfahrrad
1300834,600,Herrenfahrrad
10100312,298,Mountainbike
7300619,441,Herrenfahrrad
3400722,1059,Herrenfahrrad
4400727,416,Damenfahrrad
8100416,400,Fahrrad
1100309,500,Kinderfahrrad
4400726,1000,Mountainbike
4500936,600,Herrenfahrrad
10400835,600,Herrenfahrrad
3400723,357,Damenfahrrad
1400940,200,Mountainbike
4400830,566,Herrenfahrrad
3601348,3730,Fahrrad
11401034,400,Rennrad
11401034,1200,Rennrad
4400830,559,Herrenfahrrad
7100102,700,Herrenfahrrad
9100101,499,Herrenfahrrad
4300416,150,Kinderfahrrad
7200413,1250,Herrenfahrrad
3400828,2599,Damenfahrrad
6300527,998,Herrenfahrrad
3400721,500,Kinderfahrrad
1100310,1618,Mountainbike
3400830,250,Kinderfahrrad
4300623,600,Herrenfahrrad
9401329,500,Herrenfahrrad
10300733,499,Damenfahrrad
2400623,1000,Fahrrad
9200818,492,Herrenfahrrad
2500835,800,Fahrrad
3500936,358,Kinderfahrrad
4200311,150,Herrenfahrrad
2400624,500,Herrenfahrrad
1100312,199,Damenfahrrad
1100312,350,Damenfahrrad
8301037,650,Herrenfahrrad
3300412,560,Damenfahrrad
12500824,399,Herrenfahrrad
8100416,700,Herrenfahrrad
3300516,298,Herrenfahrrad
3400828,524,Herrenfahrrad
9501939,2900,Herrenfahrrad
4300416,1500,Herrenfahrrad
3701658,377,Damenfahrrad
3601142,1277,Herrenfahrrad
3601142,450,divers
1100310,380,Herrenfahrrad
3400723,550,Herrenfahrrad
4500936,749,Herrenfahrrad
9200511,856,Herrenfahrrad
6400842,448,Damenfahrrad
9501838,600,Mountainbike
3701658,610,Fahrrad
4300414,400,Herrenfahrrad
1200518,599,Herrenfahrrad
10400940,100,Damenfahrrad
2200213,2755,Fahrrad
5300841,600,Mountainbike
11400929,500,Damenfahrrad
8200727,100,Damenfahrrad
2200211,0,Damenfahrrad
4501045,497,Herrenfahrrad
1100309,1500,Damenfahrrad
5100316,720,Damenfahrrad
4300518,1000,Herrenfahrrad
1401046,319,Herrenfahrrad
9100408,599,Damenfahrrad
5200629,390,Damenfahrrad
3601243,330,Damenfahrrad
1200522,635,Herrenfahrrad
10400939,644,Herrenfahrrad
8100209,1000,Herrenfahrrad
6200315,620,Herrenfahrrad
1300731,1350,Damenfahrrad
2200211,700,Fahrrad
4501044,488,Damenfahrrad
3500936,210,Herrenfahrrad
9501737,875,Damenfahrrad
8100101,720,Herrenfahrrad
4501146,598,Damenfahrrad
9100304,1061,Herrenfahrrad
4500937,499,Herrenfahrrad
8100206,100,Kinderfahrrad
12400617,700,Herrenfahrrad
4400830,499,Herrenfahrrad
1100104,660,Damenfahrrad
4400726,644,Herrenfahrrad
4200308,495,Damenfahrrad
7100102,415,Damenfahrrad
2200207,700,Herrenfahrrad
1300733,499,Herrenfahrrad
9501939,600,Herrenfahrrad
3501037,699,Herrenfahrrad
6100103,500,Herrenfahrrad
1300834,155,Herrenfahrrad
7300515,400,Fahrrad
2200208,499,Fahrrad
5200528,899,Herrenfahrrad
8401244,600,Herrenfahrrad
1100206,50,Damenfahrrad
4501043,180,Mountainbike
5100316,200,Herrenfahrrad
7100103,849,Herrenfahrrad
3601142,580,Fahrrad
6400839,400,Fahrrad
3300514,300,Herrenfahrrad
2400623,970,Fahrrad
4300517,1187,Herrenfahrrad
11400929,734,Damenfahrrad
1100313,230,Herrenfahrrad
9200613,1200,Fahrrad
3601452,1350,Fahrrad
11401135,575,Herrenfahrrad
3601243,399,Damenfahrrad
7300517,250,Herrenfahrrad
3601245,799,Damenfahrrad
3601451,793,Damenfahrrad
2300315,500,Damenfahrrad
4500938,209,Damenfahrrad
8100208,2149,Fahrrad
9502043,800,Damenfahrrad
7200413,2235,Fahrrad
8100102,750,Herrenfahrrad
3400723,497,Herrenfahrrad
8100312,505,Damenfahrrad
12400618,420,Kinderfahrrad
6400842,800,Herrenfahrrad
2500726,451,Herrenfahrrad
3601348,700,Damenfahrrad
10400939,899,Herrenfahrrad
4501148,409,Herrenfahrrad
6400735,500,Damenfahrrad
3300514,1200,Damenfahrrad
12400722,620,Damenfahrrad
4400834,469,Herrenfahrrad
4501040,280,Herrenfahrrad
7200410,476,Herrenfahrrad
4400726,964,Herrenfahrrad
4501045,900,Herrenfahrrad
3400830,378,Herrenfahrrad
4501043,424,Fahrrad
1200519,549,Damenfahrrad
4100101,1712,Fahrrad
8200729,413,Herrenfahrrad
8100521,150,Kinderfahrrad
11501238,136,Mountainbike
9501939,822,Fahrrad
12500926,350,Damenfahrrad
4501146,100,Damenfahrrad
2300417,550,Fahrrad
10200524,420,Mountainbike
5200629,505,Damenfahrrad
8401243,150,Kinderfahrrad
3701556,399,Herrenfahrrad
4200206,2800,Herrenfahrrad
8100312,465,Fahrrad
10300731,499,Damenfahrrad
1400942,999,Herrenfahrrad
7601544,400,Kinderfahrrad
1100103,499,Herrenfahrrad
2200211,359,Damenfahrrad
7100102,824,Herrenfahrrad
8301037,484,Damenfahrrad
1100313,700,Herrenfahrrad
4501153,550,Herrenfahrrad
4501152,1000,Herrenfahrrad
7200413,644,Damenfahrrad
9301025,999,Damenfahrrad
1200626,908,Herrenfahrrad
6100209,220,Kinderfahrrad
7400927,480,Damenfahrrad
5300839,2399,Damenfahrrad
1100310,2500,Damenfahrrad
1100313,1000,Fahrrad
4501040,2040,Herrenfahrrad
8100206,1212,Herrenfahrrad
1100313,2000,Damenfahrrad
3701658,710,Herrenfahrrad
2400623,600,Fahrrad
11501340,549,Damenfahrrad
7200307,512,Herrenfahrrad
10300731,565,Damenfahrrad
4501148,3000,Herrenfahrrad
1300834,834,Fahrrad
7200413,618,Damenfahrrad
9100101,350,Damenfahrrad
11501339,599,Herrenfahrrad
3400724,300,Damenfahrrad
2400522,610,Fahrrad
6300634,1050,Damenfahrrad
12200515,1700,Damenfahrrad
3300514,500,Damenfahrrad
8200727,699,Damenfahrrad
9200511,599,Fahrrad
4400835,899,Damenfahrrad
2300315,1700,Fahrrad
7100101,999,Herrenfahrrad
9100101,300,Herrenfahrrad
10400939,1000,Herrenfahrrad
4400834,540,Fahrrad
8100415,250,Mountainbike
4300413,214,Kinderfahrrad
4200308,1200,Damenfahrrad
4300413,2799,Herrenfahrrad
1100313,750,Herrenfahrrad
4400834,429,Fahrrad
2500835,884,Herrenfahrrad
9401635,2100,Fahrrad
2200213,313,Damenfahrrad
7400822,683,Herrenfahrrad
3701660,490,Damenfahrrad
2200209,1460,Herrenfahrrad
9200511,2500,Herrenfahrrad
9501736,278,Herrenfahrrad
1400937,150,Herrenfahrrad
9100407,480,Damenfahrrad
2300419,620,Herrenfahrrad
9300920,740,Herrenfahrrad
2200207,650,Fahrrad
1401047,292,Mountainbike
6300634,499,Herrenfahrrad
3500932,598,Herrenfahrrad
10200526,69,Kinderfahrrad
11100101,498,Fahrrad
2400522,650,Herrenfahrrad
12100101,430,Damenfahrrad
4400834,500,Damenfahrrad
2300417,160,Kinderfahrrad
2400625,450,Rennrad
9200510,400,Herrenfahrrad
12100101,154,Kinderfahrrad
5200629,550,Herrenfahrrad
11401033,339,Damenfahrrad
7300517,500,Fahrrad
2300419,300,Damenfahrrad
7100103,292,Herrenfahrrad
12100206,559,Damenfahrrad
9200613,550,Damenfahrrad
11401032,788,Damenfahrrad
6400844,878,Herrenfahrrad
4501043,429,Herrenfahrrad
1100103,350,Fahrrad
7400721,590,Herrenfahrrad
3601244,550,Herrenfahrrad
12400721,666,Fahrrad
4200207,2290,Herrenfahrrad
2400623,519,Herrenfahrrad
8100312,250,Herrenfahrrad
6300629,1000,Herrenfahrrad
4501147,259,Herrenfahrrad
4200309,660,Herrenfahrrad
9100101,1074,Damenfahrrad
11200513,567,Damenfahrrad
11200512,499,Herrenfahrrad
2500836,392,Damenfahrrad
6400737,1480,Damenfahrrad
4300517,730,Damenfahrrad
4400830,2500,Herrenfahrrad
2400623,279,Damenfahrrad
2400624,784,Herrenfahrrad
5100316,359,Herrenfahrrad
1100101,322,Herrenfahrrad
6400844,599,Herrenfahrrad
2200210,1600,Damenfahrrad
2500833,270,Herrenfahrrad
4501148,1399,Herrenfahrrad
1100311,1399,Herrenfahrrad
6300526,650,Damenfahrrad
2400522,1950,Herrenfahrrad
9100407,1030,Damenfahrrad
2200211,900,Damenfahrrad
6300632,759,Herrenfahrrad
4100101,634,Herrenfahrrad
1300834,699,Herrenfahrrad
11401137,418,Herrenfahrrad
2400625,300,Fahrrad
1200629,498,Herrenfahrrad
7200413,880,Herrenfahrrad
9301126,1344,Herrenfahrrad
1100206,589,Herrenfahrrad
7601236,749,Herrenfahrrad
2200212,150,Herrenfahrrad
2200211,573,Kinderfahrrad
5300840,498,Herrenfahrrad
2100101,1100,Herrenfahrrad
7400720,1170,Damenfahrrad
1300836,1000,Herrenfahrrad
7200413,870,Herrenfahrrad
1401047,500,Damenfahrrad
12100102,908,Damenfahrrad
6400839,450,Fahrrad
7601236,560,Damenfahrrad
8100206,410,Herrenfahrrad
9401534,6500,Herrenfahrrad
7601443,200,Damenfahrrad
4501042,1,Damenfahrrad
3601243,1217,Damenfahrrad
5100102,950,Herrenfahrrad
6400839,819,Herrenfahrrad
4300622,200,Damenfahrrad
3400831,600,Herrenfahrrad
9100409,200,Herrenfahrrad
9200715,2500,Damenfahrrad
4501147,385,Herrenfahrrad
10100210,200,Mountainbike
10100311,450,Damenfahrrad
4300517,2800,Fahrrad
6300633,1000,divers
12400720,2219,Damenfahrrad
8200624,317,Damenfahrrad
10200419,260,Herrenfahrrad
5100316,1448,Damenfahrrad
1100310,1000,Herrenfahrrad
7200409,563,Herrenfahrrad
1401043,300,Damenfahrrad
10400940,400,Herrenfahrrad
3601346,270,Kinderfahrrad
5100209,100,Fahrrad
1100308,4123,Herrenfahrrad
9200510,800,Fahrrad
11401032,1028,Damenfahrrad
4300416,4184,Herrenfahrrad
8100101,1099,Damenfahrrad
11401137,100,Damenfahrrad
4500938,370,Fahrrad
8200832,900,Herrenfahrrad
3400619,7499,Fahrrad
9502043,3338,Herrenfahrrad
7400720,500,Herrenfahrrad
3601347,250,Herrenfahrrad
11300725,820,Damenfahrrad
12500824,800,Damenfahrrad
6100210,499,Fahrrad
5200629,500,Herrenfahrrad
1300733,1056,Herrenfahrrad
7100204,554,Herrenfahrrad
2200210,800,Fahrrad
4300414,599,Herrenfahrrad
2300417,900,Fahrrad
4300414,180,Herrenfahrrad
1400938,449,Herrenfahrrad
2500833,1300,Herrenfahrrad
9401534,70,Mountainbike
6100205,1000,Damenfahrrad
1100414,380,Herrenfahrrad
11401034,1105,Fahrrad
2400623,259,Damenfahrrad
4500937,800,Herrenfahrrad
4500937,988,Damenfahrrad
2400521,823,Fahrrad
3500934,0,Damenfahrrad
6100205,958,Herrenfahrrad
1300836,200,Herrenfahrrad
6400839,385,Herrenfahrrad
3400721,699,Herrenfahrrad
1100415,1182,Herrenfahrrad
3400724,1086,Damenfahrrad
6300630,499,Damenfahrrad
3400724,500,Herrenfahrrad
8100105,1,Fahrrad
2300315,1000,Fahrrad
3500933,200,Damenfahrrad
3400828,235,Damenfahrrad
7200409,599,Damenfahrrad
8100206,150,Herrenfahrrad
1300835,3600,Herrenfahrrad
2100101,500,Herrenfahrrad
10100315,320,Damenfahrrad
2400624,750,Herrenfahrrad
4501153,680,Mountainbike
3200309,450,Herrenfahrrad
3701554,233,Herrenfahrrad
3400829,1086,Herrenfahrrad
9300921,279,Kinderfahrrad
8100417,572,Herrenfahrrad
1100207,495,Herrenfahrrad
2400522,377,Damenfahrrad
3400721,500,Herrenfahrrad
9100101,852,Herrenfahrrad
1100207,500,Damenfahrrad
3601141,1000,Herrenfahrrad
7100102,340,Herrenfahrrad
1100309,798,Herrenfahrrad
1200519,1055,Herrenfahrrad
8100312,722,Herrenfahrrad
2200213,544,Herrenfahrrad
2400522,992,Herrenfahrrad
4300622,399,Damenfahrrad
6200315,400,Mountainbike
2200211,2600,Fahrrad
3400827,1529,Mountainbike
4500936,1054,Herrenfahrrad
1200623,510,Fahrrad
1200623,760,Fahrrad
3501038,460,Damenfahrrad
2200213,1368,Damenfahrrad
2500832,532,Damenfahrrad
3400723,1289,Damenfahrrad
3500935,9615,divers
3500936,880,Herrenfahrrad
12200309,2511,Damenfahrrad
2500832,1200,Herrenfahrrad
2300419,110,Herrenfahrrad
11300616,850,Fahrrad
12100102,357,Herrenfahrrad
7400825,501,Herrenfahrrad
8100314,1,Fahrrad
7100205,360,Damenfahrrad
2100101,505,Damenfahrrad
11401137,200,Damenfahrrad
4500937,469,Herrenfahrrad
3601142,238,Herrenfahrrad
8100419,257,Herrenfahrrad
3601348,1157,Herrenfahrrad
7200308,200,Herrenfahrrad
3601348,307,Herrenfahrrad
2200213,399,Herrenfahrrad
2400624,300,Herrenfahrrad
1200517,900,Damenfahrrad
3601245,300,Herrenfahrrad
8301037,799,Herrenfahrrad
9501940,624,Herrenfahrrad
3400828,299,Herrenfahrrad
11501339,548,Herrenfahrrad
1401044,300,Rennrad
7400823,2500,Herrenfahrrad
2500832,400,Fahrrad
4300414,654,Herrenfahrrad
7100101,419,Damenfahrrad
2500830,400,Herrenfahrrad
2400522,333,Damenfahrrad
4501149,459,Damenfahrrad
1100310,340,Fahrrad
9501737,1299,Damenfahrrad
9200613,550,Herrenfahrrad
1200625,351,Damenfahrrad
11400927,2800,Fahrrad
3200206,700,Herrenfahrrad
4501152,700,Herrenfahrrad
7300517,850,Fahrrad
11200411,580,Herrenfahrrad
10300733,200,Herrenfahrrad
2500835,599,Herrenfahrrad
3701555,303,Herrenfahrrad
4200311,688,Damenfahrrad
10300734,279,Herrenfahrrad
4300413,650,Damenfahrrad
7400720,948,Herrenfahrrad
11300620,720,Damenfahrrad
8401241,949,Herrenfahrrad
11100205,260,Herrenfahrrad
8100418,300,Rennrad
9300921,100,Herrenfahrrad
9100101,1642,Herrenfahrrad
3400829,1199,Damenfahrrad
9200715,3000,Herrenfahrrad
1200517,220,Damenfahrrad
11501339,580,Damenfahrrad
2300419,200,Herrenfahrrad
2100106,750,Herrenfahrrad
8100415,750,divers
9401534,800,Herrenfahrrad
7100102,500,Herrenfahrrad
11300725,250,Damenfahrrad
12500930,50,Damenfahrrad
4200311,1600,Herrenfahrrad
5100211,1499,Herrenfahrrad
5100314,400,Fahrrad
4200205,1000,Damenfahrrad
2500727,862,Herrenfahrrad
9200613,699,Herrenfahrrad
2200212,2699,Herrenfahrrad
7200413,1199,Damenfahrrad
4300623,3188,Damenfahrrad
11501341,1050,Herrenfahrrad
1200626,1000,Damenfahrrad
1400937,1030,Herrenfahrrad
2200211,500,Herrenfahrrad
3400830,599,Damenfahrrad
9100101,1113,Damenfahrrad
4300413,1400,Herrenfahrrad
3500933,800,Rennrad
2500832,300,Damenfahrrad
11200513,850,Damenfahrrad
4400727,333,Kinderfahrrad
11501340,317,Damenfahrrad
1200518,1300,Damenfahrrad
4501153,3649,Fahrrad
10100311,5000,Fahrrad
1400942,1550,Herrenfahrrad
3400618,6400,Mountainbike
2200212,702,Damenfahrrad
6200312,700,Damenfahrrad
1100308,700,Herrenfahrrad
9501939,280,Herrenfahrrad
2200213,300,Herrenfahrrad
8100310,599,Fahrrad
3400725,344,Damenfahrrad
4501152,1071,Herrenfahrrad
9100101,1499,Damenfahrrad
4500937,340,Herrenfahrrad
2300419,1700,Herrenfahrrad
7200308,1000,Damenfahrrad
11300616,419,Damenfahrrad
8401241,500,Herrenfahrrad
6100103,1833,Herrenfahrrad
4200206,250,Damenfahrrad
4400830,639,Herrenfahrrad
11300724,559,Damenfahrrad
2200213,1299,Herrenfahrrad
5300841,2500,Herrenfahrrad
2500726,1566,Damenfahrrad
2400521,350,Herrenfahrrad
1200520,3253,Damenfahrrad
2200210,1120,Herrenfahrrad
9100101,1100,Damenfahrrad
1300732,300,Herrenfahrrad
4200311,4000,Herrenfahrrad
3400723,770,Damenfahrrad
5300840,1049,Herrenfahrrad
3400618,570,Damenfahrrad
8100102,300,Damenfahrrad
6100207,680,Damenfahrrad
6400842,599,Herrenfahrrad
4500936,999,Herrenfahrrad
1200519,5278,Herrenfahrrad
2500834,857,Mountainbike
2300316,400,Kinderfahrrad
2200213,1724,Herrenfahrrad
4200205,700,Herrenfahrrad
10400941,549,Herrenfahrrad
3300411,155,Kinderfahrrad
1100313,2432,divers
11400931,714,Herrenfahrrad
2100104,725,Damenfahrrad
10400938,699,Herrenfahrrad
12400618,390,Kinderfahrrad
1100310,327,Fahrrad
4200207,600,Herrenfahrrad
4501153,3090,Damenfahrrad
4200309,4272,Herrenfahrrad
4501040,605,Damenfahrrad
2500830,1099,Herrenfahrrad
2400521,319,Herrenfahrrad
2200208,50,Herrenfahrrad
1100313,500,Damenfahrrad
3500936,799,Damenfahrrad
3400829,599,Fahrrad
5100105,899,Fahrrad
1100205,449,Damenfahrrad
7100205,60,Fahrrad
3300514,350,Damenfahrrad
1100308,729,Herrenfahrrad
1100311,1000,Herrenfahrrad
4300416,550,Herrenfahrrad
11300722,136,Fahrrad
4501150,1310,Herrenfahrrad
1401048,749,Fahrrad
5100105,2999,Fahrrad
9100101,540,Herrenfahrrad
7100102,1000,Damenfahrrad
4501044,1500,Herrenfahrrad
4500936,1499,Damenfahrrad
3601453,488,Damenfahrrad
1400940,399,Herrenfahrrad
7200307,800,Damenfahrrad
4300624,699,Herrenfahrrad
2500832,848,Damenfahrrad
2300315,850,Fahrrad
4300416,599,Herrenfahrrad
4300624,1500,Fahrrad
5100317,339,Herrenfahrrad
11501340,5300,Herrenfahrrad
8100418,700,Fahrrad
6300524,800,Damenfahrrad
8100310,5000,Fahrrad
3601347,869,Damenfahrrad
4501150,3499,Herrenfahrrad
4501041,2013,Herrenfahrrad
2200211,599,Herrenfahrrad
2400522,848,Damenfahrrad
2300316,700,Herrenfahrrad
6300528,1327,Herrenfahrrad
7100103,499,Damenfahrrad
6300527,1141,Damenfahrrad
6400839,490,Herrenfahrrad
9200715,856,Herrenfahrrad
3300514,350,Fahrrad
8200831,184,Damenfahrrad
4300416,575,Damenfahrrad
8401244,933,Damenfahrrad
6400839,649,Herrenfahrrad
4501148,799,Fahrrad
1100308,200,Damenfahrrad
9501736,500,Damenfahrrad
1200517,622,Herrenfahrrad
11501340,782,Fahrrad
1300733,552,Herrenfahrrad
8100311,310,Herrenfahrrad
2100105,1500,Fahrrad
9301025,586,divers
7601545,1000,Fahrrad
3400723,579,Damenfahrrad
7100204,1095,Herrenfahrrad
9501736,385,Damenfahrrad
1200629,250,Damenfahrrad
9100101,759,Damenfahrrad
1300836,1059,Herrenfahrrad
3300514,700,Herrenfahrrad
3701660,1389,Herrenfahrrad
9200613,499,Damenfahrrad
11400927,1719,Damenfahrrad
2400625,525,Herrenfahrrad
8100416,896,Herrenfahrrad
11300618,2594,Damenfahrrad
4400834,399,Herrenfahrrad
11100307,20,Fahrrad
10300732,50,Mountainbike
5100316,474,Damenfahrrad
3601245,517,Herrenfahrrad
11200512,450,Herrenfahrrad
9501939,600,Damenfahrrad
4400830,600,Herrenfahrrad
8401244,700,Herrenfahrrad
2500835,500,Damenfahrrad
5100211,2950,Damenfahrrad
3601244,940,Kinderfahrrad
7100206,300,Damenfahrrad
2300417,842,Herrenfahrrad
4501148,1293,Herrenfahrrad
7300517,765,Damenfahrrad
3601245,437,Herrenfahrrad
2300419,449,Damenfahrrad
9100101,400,Herrenfahrrad
2400625,1999,Damenfahrrad
2500835,300,Damenfahrrad
4501040,1215,Damenfahrrad
1400940,773,Herrenfahrrad
7300619,1449,Herrenfahrrad
11100203,319,Damenfahrrad
11100203,264,Damenfahrrad
1200629,371,Herrenfahrrad
7100103,586,Damenfahrrad
4501045,398,Fahrrad
2200208,699,Damenfahrrad
2200210,1300,Damenfahrrad
1100310,987,Herrenfahrrad
1100313,150,Fahrrad
3601452,100,Damenfahrrad
1200625,400,Herrenfahrrad
4501149,500,Herrenfahrrad
7601546,950,Herrenfahrrad
12200515,398,Mountainbike
9200715,1200,Herrenfahrrad
1100310,200,Damenfahrrad
1401048,695,Herrenfahrrad
9200613,700,Herrenfahrrad
1401044,405,Herrenfahrrad
1100309,1310,Herrenfahrrad
7100102,1010,Damenfahrrad
10100311,460,Herrenfahrrad
9100101,1165,Damenfahrrad
4300517,900,Herrenfahrrad
5100208,1908,Herrenfahrrad
3400724,646,Herrenfahrrad
1200625,1929,Herrenfahrrad
2100106,999,Herrenfahrrad
6200313,1300,Damenfahrrad
12200515,250,Mountainbike
4300413,500,Herrenfahrrad
3701556,300,Kinderfahrrad
3500935,744,Herrenfahrrad
5200629,817,Herrenfahrrad
3300514,550,Damenfahrrad
6400838,955,Mountainbike
7501133,799,Damenfahrrad
9200715,1000,Damenfahrrad
1300835,345,Damenfahrrad
11401034,450,Damenfahrrad
2200210,450,Herrenfahrrad
2200213,4463,Herrenfahrrad
4300413,664,Herrenfahrrad
3601140,288,Herrenfahrrad
2200209,775,Herrenfahrrad
8100206,730,Herrenfahrrad
1200520,1000,Herrenfahrrad
2100105,297,Kinderfahrrad
11401137,50,Damenfahrrad
7400720,960,Herrenfahrrad
8200622,300,Herrenfahrrad
8100101,320,Fahrrad
8401241,450,Herrenfahrrad
6100103,762,Mountainbike
3601140,339,Herrenfahrrad
1100308,450,Herrenfahrrad
3400826,230,Damenfahrrad
8100206,230,Herrenfahrrad
11100203,100,Herrenfahrrad
8100314,600,Herrenfahrrad
3400723,1060,Herrenfahrrad
9200613,150,Damenfahrrad
9501736,920,Damenfahrrad
1401046,934,Herrenfahrrad
7200308,878,Herrenfahrrad
4400835,378,Fahrrad
5200629,500,Herrenfahrrad
7300515,649,Herrenfahrrad
10400836,290,Herrenfahrrad
1401047,150,Herrenfahrrad
1100103,720,Herrenfahrrad
2300419,370,Fahrrad
8401241,150,Mountainbike
1100416,530,Herrenfahrrad
9100408,250,Herrenfahrrad
2500833,350,Herrenfahrrad
2100104,545,Herrenfahrrad
6100206,245,Herrenfahrrad
1100206,700,Damenfahrrad
4300416,150,Herrenfahrrad
12400720,300,Herrenfahrrad
3701556,250,Kinderfahrrad
9301126,399,Herrenfahrrad
4501151,1050,Herrenfahrrad
2200210,399,Herrenfahrrad
4500936,999,Herrenfahrrad
7400927,720,Herrenfahrrad
2200210,450,Damenfahrrad
1200521,284,divers
7501030,730,Herrenfahrrad
9501939,1150,Herrenfahrrad
9501939,350,Kinderfahrrad
9200715,3099,Herrenfahrrad
2400625,200,Herrenfahrrad
4400833,300,Fahrrad
1100313,800,Damenfahrrad
8100415,500,Herrenfahrrad
3701554,650,Herrenfahrrad
7100206,399,Fahrrad
7100204,440,Herrenfahrrad
8100416,645,Damenfahrrad
3601451,499,Damenfahrrad
1300835,425,Fahrrad
11100206,200,Damenfahrrad
5300839,599,Damenfahrrad
2100105,300,Fahrrad
3601245,250,Herrenfahrrad
1300834,299,Herrenfahrrad
3400827,32,Herrenfahrrad
7400822,169,Herrenfahrrad
2200211,225,Herrenfahrrad
12200515,279,Damenfahrrad
3701554,534,Damenfahrrad
10100311,400,Damenfahrrad
4300623,250,Herrenfahrrad
9301126,3401,Damenfahrrad
12200307,450,Damenfahrrad
1100308,3401,Damenfahrrad
3701660,250,Fahrrad
3601142,899,Herrenfahrrad
2300418,792,Damenfahrrad
4300622,300,Herrenfahrrad
12400723,999,Herrenfahrrad
2400520,799,Herrenfahrrad
7601238,418,Damenfahrrad
1200625,150,Mountainbike
2500833,265,Damenfahrrad
2200212,1300,Damenfahrrad
4200309,553,Damenfahrrad
11200411,255,Mountainbike
8100312,320,Herrenfahrrad
3701556,1500,Rennrad
1100415,794,Herrenfahrrad
1100416,4200,Herrenfahrrad
7200413,2400,Herrenfahrrad
9100101,517,Damenfahrrad
2200210,130,Damenfahrrad
4501151,664,Herrenfahrrad
3500934,1100,Fahrrad
9100306,750,Herrenfahrrad
1100414,1799,Herrenfahrrad
1200520,640,Herrenfahrrad
4501040,874,Damenfahrrad
9401330,399,Herrenfahrrad
10400939,349,Herrenfahrrad
7100102,450,Damenfahrrad
1200624,3240,Herrenfahrrad
4501151,1350,Damenfahrrad
7300517,200,Herrenfahrrad
1200520,1560,Herrenfahrrad
2500729,150,Fahrrad
3200205,1650,divers
1100416,1030,Rennrad
3200207,560,Damenfahrrad
2200210,459,Damenfahrrad
3400723,2539,Damenfahrrad
9200715,650,Damenfahrrad
10100101,299,Mountainbike
4500936,2501,Damenfahrrad
6200420,687,Herrenfahrrad
7100101,1400,Fahrrad
3200205,465,Herrenfahrrad
6300634,899,Herrenfahrrad
4300518,784,Herrenfahrrad
3701657,303,Kinderfahrrad
3601346,1000,Herrenfahrrad
3300412,500,Herrenfahrrad
6200421,550,Damenfahrrad
5200632,249,Herrenfahrrad
4501045,780,Damenfahrrad
7400822,450,Damenfahrrad
1200623,250,Mountainbike
11200514,392,Herrenfahrrad
2200211,500,Fahrrad
3601142,678,Damenfahrrad
4501045,322,Fahrrad
3701555,300,Fahrrad
9100101,499,Herrenfahrrad
9100101,399,Herrenfahrrad
6400844,802,Herrenfahrrad
2300315,600,Herrenfahrrad
2400520,1280,Herrenfahrrad
3701660,768,Damenfahrrad
3701660,510,Kinderfahrrad
5100313,499,Herrenfahrrad
12100103,230,Kinderfahrrad
2200211,1800,Herrenfahrrad
9200715,1399,Herrenfahrrad
8100101,399,Damenfahrrad
2500727,599,Herrenfahrrad
2200211,1699,Herrenfahrrad
2200211,1174,Damenfahrrad
6200420,929,Herrenfahrrad
2500831,809,Herrenfahrrad
4400729,400,Damenfahrrad
3300412,1350,Herrenfahrrad
2200211,500,Herrenfahrrad
3601245,1400,Fahrrad
1400937,646,Herrenfahrrad
1200626,1877,Herrenfahrrad
4400832,2200,Damenfahrrad
11501341,707,Herrenfahrrad
6100103,850,Fahrrad
9501737,449,Damenfahrrad
5200526,1030,divers
1300836,1367,Herrenfahrrad
11300725,499,Herrenfahrrad
7200413,1620,Herrenfahrrad
2100106,2400,Fahrrad
3300516,400,Damenfahrrad
1100311,1000,Herrenfahrrad
9100304,120,Damenfahrrad
7200413,350,Fahrrad
8100104,400,Fahrrad
7300515,599,Damenfahrrad
2100106,450,Damenfahrrad
7601546,250,Herrenfahrrad
12400722,350,Herrenfahrrad
6100209,698,Herrenfahrrad
11200513,600,Damenfahrrad
2200209,2920,Herrenfahrrad
1400939,549,Herrenfahrrad
1400938,599,Herrenfahrrad
6400843,239,Kinderfahrrad
11400929,599,Kinderfahrrad
8301036,435,Herrenfahrrad
3601347,583,Damenfahrrad
7100102,700,Fahrrad
4200308,3088,Damenfahrrad
2200211,500,Rennrad
11300721,500,Herrenfahrrad
3701659,1045,divers
7400927,199,Kinderfahrrad
3601453,1900,Damenfahrrad
9401329,387,Herrenfahrrad
2300315,600,Kinderfahrrad
7501031,100,Herrenfahrrad
9100101,245,Herrenfahrrad
7100102,400,Herrenfahrrad
7100102,584,Herrenfahrrad
2200207,700,Herrenfahrrad
10400836,99,Damenfahrrad
5100315,320,divers
5100314,1499,Damenfahrrad
3701555,150,Herrenfahrrad
1300834,338,Herrenfahrrad
9301024,150,Fahrrad
7300516,444,Herrenfahrrad
7300618,280,Damenfahrrad
2500835,1090,Damenfahrrad
2400522,1900,Herrenfahrrad
2400522,2050,Herrenfahrrad
6400737,599,Mountainbike
6400737,1197,Damenfahrrad
4501149,1799,Damenfahrrad
3400828,500,Damenfahrrad
5100312,3000,Herrenfahrrad
4501149,370,Mountainbike
9401433,799,Mountainbike
7100103,250,Herrenfahrrad
2100103,1600,Damenfahrrad
1100309,169,Kinderfahrrad
2300418,150,Herrenfahrrad
1401044,90,Herrenfahrrad
12200309,999,Herrenfahrrad
4501042,400,Herrenfahrrad
10100312,159,Damenfahrrad
8100312,1349,Fahrrad
8401139,179,Damenfahrrad
7601237,100,Damenfahrrad
2500831,1000,Damenfahrrad
2500831,1061,Damenfahrrad
11400927,2000,Herrenfahrrad
1100206,439,Herrenfahrrad
9100101,1570,Fahrrad
9100306,500,Herrenfahrrad
5100105,2599,Damenfahrrad
7200307,398,Damenfahrrad
5100315,649,Mountainbike
1200519,1150,Damenfahrrad
2100102,1043,Mountainbike
6200312,900,Herrenfahrrad
1300733,700,Herrenfahrrad
7200307,500,Damenfahrrad
4501042,1300,Mountainbike
11300826,999,Rennrad
9200511,1900,Herrenfahrrad
4500938,8011,divers
9501940,600,Fahrrad
9200715,2999,Damenfahrrad
7200308,999,Herrenfahrrad
7300517,1,Fahrrad
1100102,2000,divers
2400522,600,Damenfahrrad
3601243,1334,Herrenfahrrad
2500833,225,Mountainbike
3601142,420,Damenfahrrad
3601245,964,Fahrrad
1200625,600,divers
2400623,2630,Fahrrad
1400942,1000,divers
7601546,290,Herrenfahrrad
11501341,300,Damenfahrrad
4300416,3800,Herrenfahrrad
2100106,701,Damenfahrrad
3400721,631,Damenfahrrad
3701554,408,Herrenfahrrad
2200209,439,Herrenfahrrad
2100101,644,Herrenfahrrad
1100309,500,Herrenfahrrad
3501037,180,Herrenfahrrad
6100205,516,Herrenfahrrad
1400942,750,Damenfahrrad
1100309,1580,Herrenfahrrad
2500835,800,Fahrrad
6400735,1500,Herrenfahrrad
5300839,100,divers
3701555,250,Damenfahrrad
7200412,429,Herrenfahrrad
8100415,370,Herrenfahrrad
8301037,580,Mountainbike
1100309,988,Damenfahrrad
1400938,347,Damenfahrrad
1100416,479,Damenfahrrad
3400830,3200,Damenfahrrad
1100102,3284,Damenfahrrad
3601243,730,Herrenfahrrad
2400625,974,Herrenfahrrad
3701555,1203,Herrenfahrrad
9300922,330,Herrenfahrrad
1100416,570,Herrenfahrrad
12400720,1999,Herrenfahrrad
4300416,700,Mountainbike
2500726,379,Herrenfahrrad
9501838,600,Fahrrad
9501838,475,Damenfahrrad
10200524,400,Mountainbike
9200715,1214,Herrenfahrrad
3400618,750,Herrenfahrrad
7501134,559,Herrenfahrrad
2500726,390,Damenfahrrad
6100206,800,Herrenfahrrad
6400844,800,divers
11501340,292,Damenfahrrad
2200209,5300,Fahrrad
8100207,530,Herrenfahrrad
9502043,300,Kinderfahrrad
9502043,649,Herrenfahrrad
2500834,1200,Rennrad
2200211,1245,Damenfahrrad
4300413,449,Herrenfahrrad
3601451,6149,Herrenfahrrad
6100207,530,Fahrrad
1100207,1300,Herrenfahrrad
1200624,550,Mountainbike
3400725,640,Herrenfahrrad
1401044,300,Herrenfahrrad
10200420,470,Herrenfahrrad
3200206,300,Fahrrad
10400835,550,Herrenfahrrad
10400835,530,Herrenfahrrad
11401032,1400,Herrenfahrrad
3400620,750,Damenfahrrad
1100416,700,Mountainbike
10200423,489,Herrenfahrrad
3400620,1100,Herrenfahrrad
4501151,928,Damenfahrrad
4300414,1500,Herrenfahrrad
9200510,1317,Fahrrad
4300624,350,Damenfahrrad
6100207,3184,Herrenfahrrad
1100416,100,Damenfahrrad
2400522,800,Fahrrad
12400723,1000,Fahrrad
11300620,300,Herrenfahrrad
1300836,750,Fahrrad
9100304,599,Damenfahrrad
1100416,2180,Damenfahrrad
10200525,450,Herrenfahrrad
8100101,895,Herrenfahrrad
2400624,1650,Herrenfahrrad
9401329,408,Mountainbike
1100416,1250,Damenfahrrad
1200522,1050,Herrenfahrrad
4501045,250,Herrenfahrrad
6400737,1000,divers
2300418,180,Damenfahrrad
1300835,380,divers
2500834,300,Damenfahrrad
8100206,499,Damenfahrrad
5100209,539,Herrenfahrrad
2300419,251,Herrenfahrrad
3400826,250,Herrenfahrrad
11200512,7500,Herrenfahrrad
11200513,220,Kinderfahrrad
2400623,900,Damenfahrrad
8100417,2350,Fahrrad
3400620,459,Kinderfahrrad
2200212,285,Herrenfahrrad
8100103,724,Damenfahrrad
4501043,182,Kinderfahrrad
1100308,1800,Fahrrad
10400836,350,Herrenfahrrad
3601348,299,Damenfahrrad
2400623,1250,Herrenfahrrad
1400939,800,Herrenfahrrad
4300416,599,Damenfahrrad
3400723,448,Herrenfahrrad
1401048,150,Damenfahrrad
8200831,480,Mountainbike
6300632,539,Herrenfahrrad
4300624,1389,Herrenfahrrad
2300315,242,Fahrrad
12100102,250,Damenfahrrad
4400727,950,Herrenfahrrad
9100101,379,Fahrrad
10400939,500,Fahrrad
6300528,500,Damenfahrrad
6300524,399,Damenfahrrad
2100104,650,Damenfahrrad
2100104,353,Damenfahrrad
7501133,2199,Herrenfahrrad
8100310,1000,Herrenfahrrad
3601451,1140,Herrenfahrrad
2500835,480,Damenfahrrad
1401043,500,Fahrrad
3701659,545,Damenfahrrad
4200309,2975,Herrenfahrrad
5200423,300,Herrenfahrrad
7200308,350,Herrenfahrrad
2500835,400,Herrenfahrrad
7501030,380,Damenfahrrad
11501341,600,Herrenfahrrad
12200412,2200,Herrenfahrrad
3601142,350,Fahrrad
3601244,678,Damenfahrrad
4300413,900,Herrenfahrrad
4501042,900,Herrenfahrrad
7400720,185,Herrenfahrrad
2500831,1099,Herrenfahrrad
2500835,1400,Damenfahrrad
10100313,700,Herrenfahrrad
9200717,500,Damenfahrrad
3400723,900,Herrenfahrrad
11300725,1119,Fahrrad
8100101,836,Damenfahrrad
4501151,452,Herrenfahrrad
10200630,500,Mountainbike
7400928,30,Damenfahrrad
2200213,700,Herrenfahrrad
1401044,169,Kinderfahrrad
3500936,450,Herrenfahrrad
9200717,1448,divers
8100417,687,Herrenfahrrad
8100310,150,Damenfahrrad
10400836,788,divers
11401136,418,divers
10100104,249,Herrenfahrrad
2200207,599,Damenfahrrad
4300414,550,Herrenfahrrad
9200511,1300,Herrenfahrrad
6300526,799,Herrenfahrrad
11400929,400,Herrenfahrrad
6100207,500,Fahrrad
1100206,400,Herrenfahrrad
12500825,300,Herrenfahrrad
1100308,949,Herrenfahrrad
1100415,340,Damenfahrrad
12100102,300,divers
12400721,420,Fahrrad
1200520,250,Herrenfahrrad
7100204,500,Damenfahrrad
9200715,999,Herrenfahrrad
8401244,280,Herrenfahrrad
1100416,2800,Fahrrad
7300618,1649,Herrenfahrrad
3601346,500,Herrenfahrrad
3400723,1150,divers
1200518,699,Damenfahrrad
1100309,550,Herrenfahrrad
8100310,900,Fahrrad
2400624,512,Herrenfahrrad
1200519,964,Herrenfahrrad
9200715,599,Herrenfahrrad
6300528,999,Herrenfahrrad
2300418,800,Herrenfahrrad
1200625,1200,Damenfahrrad
6300527,540,Damenfahrrad
1200517,120,Fahrrad
2500835,350,Damenfahrrad
2100104,280,Kinderfahrrad
1100414,550,Herrenfahrrad
6100103,1050,Herrenfahrrad
5200629,800,Mountainbike
3200309,500,Herrenfahrrad
1200519,2080,Herrenfahrrad
3400829,100,Damenfahrrad
11100308,150,Damenfahrrad
12100205,600,Herrenfahrrad
4501149,1542,Fahrrad
3601347,200,Herrenfahrrad
8100103,623,Mountainbike
7300619,469,Damenfahrrad
9501940,1000,Herrenfahrrad
12100205,799,Fahrrad
3400721,685,Herrenfahrrad
11200513,2500,Rennrad
9200818,460,Herrenfahrrad
1400942,550,Mountainbike
12100102,212,Damenfahrrad
3601244,499,Damenfahrrad
3601245,1250,Herrenfahrrad
3601346,2600,Herrenfahrrad
3400828,240,Damenfahrrad
2500835,1900,Rennrad
8100208,1225,Herrenfahrrad
2200211,637,Fahrrad
11300725,1200,Fahrrad
3601450,199,Herrenfahrrad
10100207,276,Fahrrad
4501045,300,Herrenfahrrad
9100101,120,Herrenfahrrad
8100418,600,Damenfahrrad
9100101,1000,Herrenfahrrad
2100103,120,Herrenfahrrad
2400521,404,Damenfahrrad
3601140,1868,Herrenfahrrad
2100102,700,Damenfahrrad
7200413,820,Damenfahrrad
1200517,120,Fahrrad
8100418,400,Damenfahrrad
3601142,400,Herrenfahrrad
3400828,340,Herrenfahrrad
11200410,760,Damenfahrrad
7501133,2500,Damenfahrrad
4400727,1112,Herrenfahrrad
1300733,399,Damenfahrrad
8301037,350,Herrenfahrrad
3601450,125,Herrenfahrrad
3601450,250,Kinderfahrrad
6400737,1000,Herrenfahrrad
3601243,880,Herrenfahrrad
4300624,750,Herrenfahrrad
1100415,475,Herrenfahrrad
7200307,1200,Herrenfahrrad
3601244,4385,Fahrrad
6400843,1006,Herrenfahrrad
11300618,359,Herrenfahrrad
4501045,1879,Damenfahrrad
3500934,388,Herrenfahrrad
1100313,1109,Herrenfahrrad
4501151,812,Damenfahrrad
2500835,705,Herrenfahrrad
9200717,1299,Herrenfahrrad
8100521,999,Herrenfahrrad
1400937,80,Damenfahrrad
7100102,999,Herrenfahrrad
8100310,999,Herrenfahrrad
4500937,848,Herrenfahrrad
4500937,1399,Herrenfahrrad
3400723,1079,Herrenfahrrad
7100102,500,Herrenfahrrad
1200629,799,Herrenfahrrad
2500727,620,Herrenfahrrad
2100102,1800,Rennrad
8100419,743,Herrenfahrrad
6100205,539,Damenfahrrad
7100205,1200,Herrenfahrrad
10200525,3724,Herrenfahrrad
4501041,600,Herrenfahrrad
1300733,1999,Herrenfahrrad
6300527,1099,Damenfahrrad
3601245,757,Fahrrad
10100207,406,Damenfahrrad
3501037,1998,Herrenfahrrad
1300732,1160,Herrenfahrrad
12500927,450,Damenfahrrad
5100313,220,Kinderfahrrad
10100101,1000,Herrenfahrrad
1200521,250,Kinderfahrrad
6400737,709,Fahrrad
7200409,616,Fahrrad
1100102,1458,divers
2300417,230,Herrenfahrrad
2500834,599,Herrenfahrrad
1200626,350,Herrenfahrrad
3601244,380,Fahrrad
8100105,973,Herrenfahrrad
1200520,500,Herrenfahrrad
2200211,300,Herrenfahrrad
3601244,1072,Damenfahrrad
11401137,370,Herrenfahrrad
5100208,514,Herrenfahrrad
3601140,2100,Damenfahrrad
4300414,623,Damenfahrrad
9200819,1000,Herrenfahrrad
4200311,700,Damenfahrrad
2400521,1124,Herrenfahrrad
1300730,540,Kinderfahrrad
1100206,1300,Damenfahrrad
9100202,600,Rennrad
6300632,535,Herrenfahrrad
4200311,372,Damenfahrrad
9200717,299,Fahrrad
1200518,200,Herrenfahrrad
9100101,1960,Herrenfahrrad
1200520,3000,Fahrrad
9100407,460,Herrenfahrrad
9100409,800,Herrenfahrrad
1100104,779,Herrenfahrrad
6200421,550,Fahrrad
6200314,400,Herrenfahrrad
1100416,600,Fahrrad
6400839,744,Damenfahrrad
8100103,999,Herrenfahrrad
3601243,1050,Damenfahrrad
6400843,428,Herrenfahrrad
1300836,100,Herrenfahrrad
10100101,200,Mountainbike
1100313,333,Damenfahrrad
1100309,299,Herrenfahrrad
4501040,496,Fahrrad
6400735,460,Damenfahrrad
5200630,924,Damenfahrrad
2200211,337,Kinderfahrrad
11400929,75,Damenfahrrad
10200629,772,Damenfahrrad
8100206,360,Damenfahrrad
8100101,902,Herrenfahrrad
5100104,300,Damenfahrrad
3701554,0,Rennrad
8401244,672,Herrenfahrrad
6400735,800,Herrenfahrrad
3601142,900,Fahrrad
1200626,1047,Herrenfahrrad
1300730,644,Herrenfahrrad
8401243,200,Damenfahrrad
11200410,500,Damenfahrrad
1100415,1965,Fahrrad
9502042,658,Herrenfahrrad
5200629,565,Herrenfahrrad
2200207,500,Herrenfahrrad
11400931,388,Fahrrad
2300419,250,Damenfahrrad
10100208,400,Damenfahrrad
7300515,650,Herrenfahrrad
11300722,579,Damenfahrrad
10100101,492,Herrenfahrrad
9301126,530,Mountainbike
8100208,900,Fahrrad
3601346,660,Herrenfahrrad
2500728,2035,Herrenfahrrad
1100206,1000,Herrenfahrrad
2400521,300,Damenfahrrad
5300839,800,Damenfahrrad
2400522,1070,Fahrrad
8100419,636,Damenfahrrad
3300412,640,Herrenfahrrad
3601245,1067,Herrenfahrrad
3501037,1700,Herrenfahrrad
12200309,2799,Herrenfahrrad
12400721,888,Damenfahrrad
9200715,1786,Damenfahrrad
8100520,399,Herrenfahrrad
6100103,300,Damenfahrrad
10400836,350,Fahrrad
5100312,450,Damenfahrrad
11400929,150,Damenfahrrad
10200524,160,Damenfahrrad
2200210,850,Herrenfahrrad
9502043,1115,Herrenfahrrad
9200716,388,Damenfahrrad
11501341,1809,Damenfahrrad
12400721,710,Mountainbike
9501737,1200,divers
3400721,419,Damenfahrrad
1100206,1164,Damenfahrrad
1400942,670,Damenfahrrad
9200715,1800,Herrenfahrrad
5200527,630,Mountainbike
6100210,500,Herrenfahrrad
7100206,800,Fahrrad
9200819,506,Damenfahrrad
7300618,699,Damenfahrrad
5300839,1099,Damenfahrrad
2500831,100,Damenfahrrad
12400618,400,Fahrrad
3601452,498,Herrenfahrrad
3400828,500,Damenfahrrad
7300515,576,Herrenfahrrad
4501043,299,Damenfahrrad
11300620,250,Damenfahrrad
7100103,100,Herrenfahrrad
6400840,770,Damenfahrrad
7400720,379,Herrenfahrrad
9200819,310,Fahrrad
1200624,300,Herrenfahrrad
1300835,268,Herrenfahrrad
2200211,500,Fahrrad
2500834,1167,Fahrrad
6400840,294,Damenfahrrad
1200519,1179,Herrenfahrrad
11501341,700,Damenfahrrad
4300623,348,Damenfahrrad
1100103,389,Herrenfahrrad
9200819,250,Damenfahrrad
11200512,500,Herrenfahrrad
1200520,330,Damenfahrrad
6400841,684,Herrenfahrrad
9502043,4342,Herrenfahrrad
12100103,324,Herrenfahrrad
4501146,800,Fahrrad
9301024,999,Herrenfahrrad
3400721,200,Kinderfahrrad
7100204,401,Herrenfahrrad
2400624,1668,Damenfahrrad
1200519,1000,Damenfahrrad
1200624,249,Herrenfahrrad
4501149,649,Damenfahrrad
3400723,450,Rennrad
5200630,2065,Damenfahrrad
12400618,499,Damenfahrrad
10300733,599,Herrenfahrrad
11200410,745,Herrenfahrrad
2200210,444,Kinderfahrrad
2100106,700,Herrenfahrrad
1100310,1549,Herrenfahrrad
7200410,1540,divers
8100312,800,Herrenfahrrad
2400625,600,Herrenfahrrad
4501042,1269,Herrenfahrrad
4300416,289,Herrenfahrrad
4400729,450,Herrenfahrrad
12400723,700,Mountainbike
2300314,650,Herrenfahrrad
4501045,999,Herrenfahrrad
1100206,900,Herrenfahrrad
2200213,450,Kinderfahrrad
9200715,150,Damenfahrrad
2300315,350,Herrenfahrrad
10400939,313,Herrenfahrrad
7400927,900,Herrenfahrrad
2500831,1750,Fahrrad
11300617,160,Fahrrad
9100101,934,Damenfahrrad
11300725,730,Fahrrad
3400619,625,Herrenfahrrad
11200513,498,Herrenfahrrad
9300920,2718,Damenfahrrad
2400624,2930,divers
6300634,692,Herrenfahrrad
1200519,1241,Damenfahrrad
8100418,6800,Fahrrad
6100102,841,Herrenfahrrad
8100415,750,Mountainbike
4200309,400,Kinderfahrrad
1300835,218,Herrenfahrrad
3300411,150,Kinderfahrrad
10300731,691,Herrenfahrrad
10300731,680,Mountainbike
4500938,1600,Herrenfahrrad
8100104,370,Herrenfahrrad
8100311,599,Herrenfahrrad
11401137,736,Herrenfahrrad
3400618,380,Fahrrad
3200205,600,Herrenfahrrad
11400928,350,Herrenfahrrad
4501043,600,Herrenfahrrad
6100209,1190,Herrenfahrrad
9200613,1499,Herrenfahrrad
1100311,700,Herrenfahrrad
11200515,399,Herrenfahrrad
5100315,333,Damenfahrrad
3200206,263,Herrenfahrrad
5200631,50,Fahrrad
1200629,299,Herrenfahrrad
9200613,650,Damenfahrrad
7400928,507,Damenfahrrad
7200410,650,Damenfahrrad
1300733,900,Fahrrad
1401046,1965,Fahrrad
7400720,700,Damenfahrrad
2400623,550,Herrenfahrrad
2300418,999,Herrenfahrrad
5100209,330,Mountainbike
1100312,532,Herrenfahrrad
2500835,170,Damenfahrrad
4300624,369,Damenfahrrad
2300315,320,Herrenfahrrad
4300413,538,Damenfahrrad
12400723,619,Damenfahrrad
12100102,650,Herrenfahrrad
11401137,399,Damenfahrrad
3601245,204,Damenfahrrad
3601348,600,Herrenfahrrad
1300732,948,Herrenfahrrad
3400827,894,Damenfahrrad
10100104,632,Damenfahrrad
9300921,333,Herrenfahrrad
7601544,1198,divers
5100105,909,Herrenfahrrad
7400927,370,Herrenfahrrad
7100206,1200,Damenfahrrad
10300732,3000,Damenfahrrad
7100103,208,Fahrrad
11401032,690,Fahrrad
4501152,1100,Herrenfahrrad
1400942,1150,Herrenfahrrad
4501044,1699,Herrenfahrrad
7100102,100,Herrenfahrrad
1200623,259,Kinderfahrrad
11401137,999,Fahrrad
6400737,995,Damenfahrrad
8100415,270,Damenfahrrad
2200213,815,Herrenfahrrad
4500938,1952,Herrenfahrrad
3400721,500,Herrenfahrrad
11501341,199,Herrenfahrrad
1100310,599,Herrenfahrrad
2300316,600,Herrenfahrrad
2500728,600,Herrenfahrrad
11501340,613,Herrenfahrrad
9100304,1409,Fahrrad
7100101,200,Damenfahrrad
4300623,3500,Herrenfahrrad
11400929,700,Herrenfahrrad
7501134,299,Fahrrad
4400830,334,Damenfahrrad
6200423,1157,Damenfahrrad
3500933,729,Kinderfahrrad
3601451,649,Herrenfahrrad
10400941,590,Herrenfahrrad
9501736,2000,Damenfahrrad
10300731,689,Herrenfahrrad
1200629,900,Damenfahrrad
7200411,485,Herrenfahrrad
11300725,2380,divers
3601139,1100,Herrenfahrrad
9200819,650,Mountainbike
2400623,1100,Herrenfahrrad
8100208,150,Herrenfahrrad
2400623,214,Damenfahrrad
2100104,650,Herrenfahrrad
9200511,1000,Herrenfahrrad
1100415,400,Damenfahrrad
2400624,1000,Herrenfahrrad
6200422,499,Herrenfahrrad
5200631,500,Herrenfahrrad
12100205,179,Damenfahrrad
1200629,478,Herrenfahrrad
2200210,500,Herrenfahrrad
1100313,300,Fahrrad
4300624,712,Damenfahrrad
8100105,2000,Fahrrad
3400618,510,Herrenfahrrad
11300722,390,Damenfahrrad
3601140,1500,Herrenfahrrad
1200623,80,Herrenfahrrad
7300517,797,Damenfahrrad
12200310,100,Damenfahrrad
12100103,500,Herrenfahrrad
5100316,700,Damenfahrrad
3200207,299,Damenfahrrad
9401534,420,Fahrrad
2300419,1209,Fahrrad
7300619,700,Damenfahrrad
9301024,180,Kinderfahrrad
11401033,309,Kinderfahrrad
3500932,699,Herrenfahrrad
2400623,555,Herrenfahrrad
2500835,210,Fahrrad
11200513,380,Damenfahrrad
2500832,1500,Herrenfahrrad
7601443,899,Herrenfahrrad
7501030,100,Kinderfahrrad
9200511,850,Fahrrad
7601546,529,Herrenfahrrad
6400838,1650,Herrenfahrrad
7200307,1100,Fahrrad
1200626,1,Fahrrad
12100204,300,Damenfahrrad
7200414,470,Herrenfahrrad
1200629,250,Herrenfahrrad
3601141,800,Herrenfahrrad
10200524,325,Herrenfahrrad
4501041,999,Damenfahrrad
2200211,1200,Damenfahrrad
6200314,700,Damenfahrrad
9501838,388,Kinderfahrrad
11501340,1300,Herrenfahrrad
2500726,635,Damenfahrrad
2500726,924,Herrenfahrrad
1300834,899,Mountainbike
7400721,299,Damenfahrrad
2100102,500,Damenfahrrad
3601347,450,Herrenfahrrad
9501838,150,Herrenfahrrad
12400722,600,Fahrrad
1401045,600,Herrenfahrrad
6100209,3199,Fahrrad
11300724,190,Herrenfahrrad
2500832,700,Herrenfahrrad
2300315,259,Damenfahrrad
2300315,1,Damenfahrrad
3601244,2150,Herrenfahrrad
7100206,500,Herrenfahrrad
9502043,550,Herrenfahrrad
2500831,599,Herrenfahrrad
1100207,1250,Rennrad
6100103,300,Damenfahrrad
8100206,398,Fahrrad
2500832,594,Damenfahrrad
4400830,260,Mountainbike
4300624,539,Damenfahrrad
8100415,1100,Herrenfahrrad
3601142,2902,Rennrad
8100310,550,Damenfahrrad
9200715,2699,Damenfahrrad
9501940,2799,Herrenfahrrad
4501040,1899,Fahrrad
3701659,616,Kinderfahrrad
2300417,800,Fahrrad
3601142,245,Herrenfahrrad
7400720,900,Herrenfahrrad
6400839,600,Fahrrad
8100206,485,Fahrrad
9300922,2400,Herrenfahrrad
7200410,350,Fahrrad
9100101,727,Herrenfahrrad
3400829,1100,Rennrad
2100106,1014,Damenfahrrad
4300416,699,Damenfahrrad
2400522,784,Herrenfahrrad
12200308,35,Damenfahrrad
6300632,333,Herrenfahrrad
3200205,800,Herrenfahrrad
7501134,550,Damenfahrrad
11200514,379,Fahrrad
9200818,999,Herrenfahrrad
1100207,1300,Herrenfahrrad
2300417,300,Herrenfahrrad
3601453,450,Fahrrad
3501037,1788,Damenfahrrad
3501038,686,Damenfahrrad
8100104,879,Herrenfahrrad
4200308,468,Herrenfahrrad
1100313,1699,Fahrrad
11501339,1300,Fahrrad
2500728,900,Herrenfahrrad
10100206,190,Damenfahrrad
9401330,698,Damenfahrrad
1400940,1300,Herrenfahrrad
8100206,150,Herrenfahrrad
1300834,432,Herrenfahrrad
3701658,259,Fahrrad
4501043,584,Herrenfahrrad
2400522,200,Kinderfahrrad
1100311,500,Herrenfahrrad
2100101,1078,Herrenfahrrad
2300315,299,Damenfahrrad
3601346,711,Damenfahrrad
3601243,250,Damenfahrrad
9200818,679,Fahrrad
7601443,674,Herrenfahrrad
4501043,1300,Herrenfahrrad
6100209,150,Damenfahrrad
12100205,899,Herrenfahrrad
12100102,200,Damenfahrrad
3400725,565,Herrenfahrrad
2200208,1699,Damenfahrrad
8401241,244,Herrenfahrrad
3400721,1499,Herrenfahrrad
11300725,400,Fahrrad
2200209,250,Damenfahrrad
1200518,3617,Damenfahrrad
10100207,450,Herrenfahrrad
3400723,474,Herrenfahrrad
7100204,863,Damenfahrrad
6200420,600,Damenfahrrad
3601243,383,Damenfahrrad
2500833,662,Herrenfahrrad
7400720,514,Damenfahrrad
5100316,431,Herrenfahrrad
1200624,322,Herrenfahrrad
1200623,450,Herrenfahrrad
11501341,475,Damenfahrrad
3601346,400,Fahrrad
7100206,685,Herrenfahrrad
6300524,590,Damenfahrrad
2300419,400,Herrenfahrrad
4300624,2118,Fahrrad
3400829,120,Damenfahrrad
9200613,400,Herrenfahrrad
10400836,199,Fahrrad
2300417,0,Fahrrad
8100104,800,Herrenfahrrad
7100102,5510,Fahrrad
11100102,615,Mountainbike
9200613,250,Herrenfahrrad
4300624,1335,Damenfahrrad
5300841,1500,Herrenfahrrad
3400829,600,Damenfahrrad
2500834,923,Herrenfahrrad
11401034,20,divers
3500932,249,Damenfahrrad
4300624,879,Herrenfahrrad
4501153,669,Damenfahrrad
1401044,360,Damenfahrrad
4501040,350,Damenfahrrad
7601545,793,Fahrrad
4300416,1300,Fahrrad
2500833,351,Damenfahrrad
2500833,884,Herrenfahrrad
9301025,570,Damenfahrrad
1200624,4400,divers
2200209,1500,Herrenfahrrad
10100210,267,Damenfahrrad
9200511,377,Herrenfahrrad
3200206,500,Herrenfahrrad
7200413,50,Herrenfahrrad
12500927,230,Damenfahrrad
3601452,448,Kinderfahrrad
7400824,200,Herrenfahrrad
8200624,900,Damenfahrrad
1401048,300,Herrenfahrrad
11300616,419,Damenfahrrad
6400842,1270,divers
2100104,500,Herrenfahrrad
2300315,795,Damenfahrrad
2200210,1063,Herrenfahrrad
12200515,400,Herrenfahrrad
3601244,7000,Damenfahrrad
3400826,750,Herrenfahrrad
3300514,613,Herrenfahrrad
1300733,1282,Herrenfahrrad
11401034,200,Damenfahrrad
5100104,999,Fahrrad
3601140,600,Herrenfahrrad
4501147,780,Herrenfahrrad
4400727,2113,Herrenfahrrad
10100312,150,Damenfahrrad
2500832,559,Herrenfahrrad
5100103,475,Herrenfahrrad
11300722,800,Herrenfahrrad
12500824,399,Damenfahrrad
8100417,250,Damenfahrrad
4500939,595,Herrenfahrrad
2500834,330,Damenfahrrad
8100314,699,Herrenfahrrad
4300619,500,Damenfahrrad
9200613,0,Damenfahrrad
1100415,600,Herrenfahrrad
4300621,600,Damenfahrrad
4400835,550,Herrenfahrrad
4501152,180,Herrenfahrrad
2500833,622,Herrenfahrrad
8100102,534,Kinderfahrrad
4300621,2050,Herrenfahrrad
1100308,574,Damenfahrrad
2300419,340,Damenfahrrad
11300620,699,Fahrrad
8100520,599,Herrenfahrrad
1100207,600,Herrenfahrrad
2500834,150,Kinderfahrrad
8100314,502,Damenfahrrad
4300621,1200,Damenfahrrad
4300621,1250,Herrenfahrrad
3601244,885,Herrenfahrrad
3300516,632,Damenfahrrad
3601142,599,Herrenfahrrad
4300517,580,Herrenfahrrad
2100101,300,Damenfahrrad
11200513,423,Herrenfahrrad
8100102,440,Fahrrad
1200518,547,Damenfahrrad
3400830,1500,Herrenfahrrad
8100102,1990,Herrenfahrrad
6200421,399,Mountainbike
4501149,600,Damenfahrrad
4500937,333,Herrenfahrrad
3100101,322,Kinderfahrrad
4300619,1760,Damenfahrrad
1100309,2505,Damenfahrrad
4300414,1220,Herrenfahrrad
3601453,764,Damenfahrrad
1200623,1097,Herrenfahrrad
4200311,212,Damenfahrrad
6400839,333,Damenfahrrad
4200308,600,divers
4200311,699,Damenfahrrad
7100204,700,Damenfahrrad
4501045,582,Damenfahrrad
7100102,999,Herrenfahrrad
3400826,999,Fahrrad
3601142,1380,divers
5100105,699,Damenfahrrad
4400833,1779,Herrenfahrrad
3100102,40,divers
7601237,999,Herrenfahrrad
11401033,600,Fahrrad
5200630,2800,Damenfahrrad
8100311,600,Fahrrad
10100312,700,Damenfahrrad
2300315,140,Herrenfahrrad
9200819,3250,Herrenfahrrad
1100312,850,Herrenfahrrad
2200209,220,Damenfahrrad
7400825,580,Damenfahrrad
9200715,1442,Damenfahrrad
3200205,425,Fahrrad
8100208,800,Fahrrad
3400620,500,Kinderfahrrad
2300314,1400,Fahrrad
4501147,1000,Herrenfahrrad
12200515,550,Fahrrad
2300314,40,Herrenfahrrad
8401244,557,Herrenfahrrad
2200211,806,Herrenfahrrad
9200511,1998,Herrenfahrrad
3601243,572,Fahrrad
11300725,580,Herrenfahrrad
1100415,498,Herrenfahrrad
2200209,140,Herrenfahrrad
2300419,120,Fahrrad
4300621,1494,Damenfahrrad
3601452,50,Damenfahrrad
6100102,302,Herrenfahrrad
1401047,1734,Herrenfahrrad
3601142,770,Fahrrad
6300527,420,Herrenfahrrad
2100106,530,Herrenfahrrad
8100311,1004,Damenfahrrad
1401049,247,Herrenfahrrad
2500835,960,Damenfahrrad
10400939,528,Damenfahrrad
1100415,456,Damenfahrrad
4200311,222,Herrenfahrrad
3601142,400,Herrenfahrrad
8100418,250,Fahrrad
1200623,300,Herrenfahrrad
8100415,600,Herrenfahrrad
3701660,715,Herrenfahrrad
5100210,450,Herrenfahrrad
3601243,200,Damenfahrrad
4501151,500,Herrenfahrrad
4501040,350,Herrenfahrrad
2500834,960,Fahrrad
2200212,200,Rennrad
1100102,500,Herrenfahrrad
2200211,200,Fahrrad
3601245,718,Herrenfahrrad
12100205,662,Damenfahrrad
4300518,500,Damenfahrrad
6200422,1130,Damenfahrrad
3400826,1052,Damenfahrrad
1100309,557,Damenfahrrad
7501029,676,Herrenfahrrad
3501037,555,Damenfahrrad
9100101,500,Herrenfahrrad
4300619,250,divers
9100202,1159,Damenfahrrad
10400939,2399,Damenfahrrad
9501939,1609,Herrenfahrrad
1100104,500,Herrenfahrrad
9501940,1222,Herrenfahrrad
9501940,1000,Herrenfahrrad
7100206,2495,Fahrrad
3701556,465,Damenfahrrad
2500831,1000,Fahrrad
4400835,999,Damenfahrrad
7300618,700,Herrenfahrrad
4300622,1900,Herrenfahrrad
3400721,220,Damenfahrrad
3400619,260,Herrenfahrrad
8100418,614,Damenfahrrad
11100206,240,Damenfahrrad
8100102,200,Damenfahrrad
2500727,100,Fahrrad
7300517,1590,Herrenfahrrad
11400931,300,Damenfahrrad
4501153,403,Herrenfahrrad
1200517,220,Herrenfahrrad
6400841,999,Damenfahrrad
3500936,1508,Herrenfahrrad
7300517,600,Damenfahrrad
2500727,400,Herrenfahrrad
6300527,499,Damenfahrrad
2500727,100,Fahrrad
6400842,1400,Herrenfahrrad
4400832,1300,Mountainbike
1401049,1050,Herrenfahrrad
12601134,1000,Damenfahrrad
5100316,428,Damenfahrrad
1400940,600,Damenfahrrad
5300737,499,Mountainbike
1100102,1378,Damenfahrrad
7300517,2527,Damenfahrrad
9200510,1000,Mountainbike
4100101,424,Herrenfahrrad
3701658,300,Mountainbike
10100208,400,Herrenfahrrad
4200310,1049,Herrenfahrrad
9401534,780,Damenfahrrad
3601245,2700,Damenfahrrad
3701660,5300,Fahrrad
3601347,266,Damenfahrrad
6400842,167,Kinderfahrrad
6100208,470,Damenfahrrad
1100310,247,Fahrrad
12200412,2999,Herrenfahrrad
6100208,480,Damenfahrrad
6100101,399,Damenfahrrad
5200630,976,Herrenfahrrad
2500831,450,Herrenfahrrad
8100314,350,Fahrrad
4501043,530,Damenfahrrad
6100102,1000,Damenfahrrad
7601236,241,Herrenfahrrad
8100415,540,Mountainbike
2200210,499,Damenfahrrad
2200212,556,Damenfahrrad
3500936,300,Kinderfahrrad
2100104,150,Damenfahrrad
10400939,799,Damenfahrrad
4200310,600,Herrenfahrrad
2300419,200,Fahrrad
1300730,649,Herrenfahrrad
7300515,899,Herrenfahrrad
2500835,100,Fahrrad
1100416,3000,Fahrrad
9200717,250,Kinderfahrrad
10400939,368,Fahrrad
2500833,200,Herrenfahrrad
7501133,500,divers
10100208,150,Herrenfahrrad
3701556,2850,Herrenfahrrad
7200409,1000,Fahrrad
2100106,700,Damenfahrrad
10200628,460,Damenfahrrad
2200211,450,Damenfahrrad
1100415,848,Damenfahrrad
3701554,600,Fahrrad
11501238,692,Herrenfahrrad
2500833,999,Herrenfahrrad
9300920,300,Fahrrad
2300419,260,Herrenfahrrad
9100304,300,Damenfahrrad
1400942,1099,Damenfahrrad
11400928,420,Mountainbike
8100416,1000,Herrenfahrrad
8100105,380,Herrenfahrrad
1200520,914,Fahrrad
2200211,1200,Herrenfahrrad
3300411,3899,Fahrrad
7100205,960,Herrenfahrrad
3500935,250,Herrenfahrrad
1300731,340,Herrenfahrrad
3400725,469,Damenfahrrad
3500935,2000,Herrenfahrrad
11400929,1779,Herrenfahrrad
12100205,249,Damenfahrrad
8401139,954,Fahrrad
10100316,500,Herrenfahrrad
3601453,500,Damenfahrrad
2500832,589,Damenfahrrad
11200514,499,Herrenfahrrad
6200420,400,Damenfahrrad
11400927,799,Herrenfahrrad
4501146,3200,Fahrrad
7200409,750,Damenfahrrad
9501940,1000,Fahrrad
2200208,200,Damenfahrrad
6400842,650,Herrenfahrrad
1100416,993,Herrenfahrrad
1200625,996,Herrenfahrrad
1300733,999,Herrenfahrrad
3400724,369,Damenfahrrad
9200510,1,Mountainbike
11501238,999,Damenfahrrad
1100310,568,Damenfahrrad
6200314,2464,Damenfahrrad
2200212,608,Damenfahrrad
2200213,2649,Damenfahrrad
11200410,70,Damenfahrrad
6300527,388,Damenfahrrad
11200410,800,Damenfahrrad
7300618,1274,Herrenfahrrad
7200414,738,Fahrrad
2500833,990,Fahrrad
7300618,2600,Fahrrad
2500726,999,Herrenfahrrad
8100418,400,Damenfahrrad
3601142,570,Fahrrad
1300733,499,Rennrad
1200521,420,Damenfahrrad
12100205,1,Mountainbike
6400737,1119,Fahrrad
12400720,588,Herrenfahrrad
9501737,1899,Damenfahrrad
4501149,2847,Herrenfahrrad
3601142,532,Herrenfahrrad
9100407,785,Herrenfahrrad
1200625,20,Damenfahrrad
2200210,479,Herrenfahrrad
11300725,999,Herrenfahrrad
3400831,344,Herrenfahrrad
11200411,300,Damenfahrrad
7400826,277,Damenfahrrad
7400721,180,Kinderfahrrad
4300624,200,Damenfahrrad
3701658,399,Damenfahrrad
6200313,170,Fahrrad
1100310,899,Damenfahrrad
6400839,470,Kinderfahrrad
3200207,1070,Herrenfahrrad
1100309,80,Kinderfahrrad
11400928,1143,Damenfahrrad
9100101,570,Herrenfahrrad
2200210,1200,Damenfahrrad
8100206,500,Fahrrad
3601244,190,Herrenfahrrad
3300412,200,Damenfahrrad
6200313,400,Damenfahrrad
3200207,1200,Mountainbike
3601244,699,Fahrrad
7400824,800,Herrenfahrrad
10300733,999,Damenfahrrad
11200512,150,Mountainbike
8100206,200,Fahrrad
10300733,928,Fahrrad
1100414,999,Herrenfahrrad
2500726,777,Damenfahrrad
4400728,150,Herrenfahrrad
3501037,337,Damenfahrrad
1100205,1500,Fahrrad
10400939,368,Damenfahrrad
4400728,150,Herrenfahrrad
1200628,3000,Fahrrad
3200207,1520,divers
3400829,934,Herrenfahrrad
9200715,750,Herrenfahrrad
5300840,1170,Herrenfahrrad
1100309,530,Herrenfahrrad
1300732,850,Herrenfahrrad
6100103,287,Herrenfahrrad
9501838,449,Herrenfahrrad
2500729,299,Mountainbike
9100304,900,Damenfahrrad
4501153,250,Herrenfahrrad
9100101,229,Herrenfahrrad
4501152,500,Damenfahrrad
4200309,416,Herrenfahrrad
3501038,699,Damenfahrrad
6400840,698,Damenfahrrad
1400942,500,Damenfahrrad
4300621,290,Damenfahrrad
2500832,2100,Herrenfahrrad
4500938,1380,Damenfahrrad
3500933,425,Damenfahrrad
4501041,800,Herrenfahrrad
12601134,400,Fahrrad
11401135,400,Damenfahrrad
11501339,5963,divers
3500933,250,Damenfahrrad
11300617,100,Herrenfahrrad
7200413,185,Herrenfahrrad
4300624,354,Damenfahrrad
6400844,2598,Herrenfahrrad
11300723,50,Herrenfahrrad
8100310,240,Herrenfahrrad
1100416,649,Kinderfahrrad
1400940,1423,Damenfahrrad
4300413,100,Damenfahrrad
4300413,600,Herrenfahrrad
2300419,633,Herrenfahrrad
11300724,670,Mountainbike
2300419,600,Herrenfahrrad
4501041,2960,Mountainbike
2100105,250,Fahrrad
2500835,2797,Mountainbike
7200308,806,Herrenfahrrad
6400844,800,Herrenfahrrad
2200208,358,Herrenfahrrad
8100312,1200,Damenfahrrad
3601346,1300,Herrenfahrrad
8100312,1515,Herrenfahrrad
11200513,537,Fahrrad
3601245,356,Damenfahrrad
11200513,438,Damenfahrrad
2200211,530,Herrenfahrrad
4300622,578,Herrenfahrrad
5200526,699,Fahrrad
6100102,935,Damenfahrrad
6300634,942,Herrenfahrrad
3400828,659,Damenfahrrad
8100417,599,Damenfahrrad
1100205,430,Herrenfahrrad
1300834,200,Mountainbike
7601238,399,Herrenfahrrad
7200409,500,Herrenfahrrad
2100101,550,Herrenfahrrad
5200629,199,Damenfahrrad
9200715,400,Damenfahrrad
9501939,1000,Fahrrad
8100208,899,Damenfahrrad
8100208,1049,Herrenfahrrad
2400623,675,Herrenfahrrad
9200510,803,Damenfahrrad
2300314,2300,Herrenfahrrad
3400723,260,Damenfahrrad
3400724,484,Damenfahrrad
6100101,3400,Damenfahrrad
9501736,750,Herrenfahrrad
3701556,3500,Mountainbike
1100313,638,Damenfahrrad
5200630,50,divers
9301025,270,Damenfahrrad
1100309,570,Damenfahrrad
3300514,350,Damenfahrrad
4501040,863,Herrenfahrrad
3601452,650,Herrenfahrrad
2300419,1799,Herrenfahrrad
3400724,400,Herrenfahrrad
1100313,638,Herrenfahrrad
3601347,831,Kinderfahrrad
4501153,250,Damenfahrrad
4300415,1449,Herrenfahrrad
2400623,650,Herrenfahrrad
4200310,744,Herrenfahrrad
3701556,1758,Herrenfahrrad
10200524,1600,Damenfahrrad
2300314,800,Damenfahrrad
3601142,2850,Herrenfahrrad
2500726,1500,Herrenfahrrad
2200211,658,Damenfahrrad
2200210,225,Herrenfahrrad
1300836,1500,Mountainbike
4400835,784,Herrenfahrrad
3601452,289,Kinderfahrrad
11400931,799,Herrenfahrrad
9502042,2414,Herrenfahrrad
10100312,175,Damenfahrrad
3200207,830,Mountainbike
4300517,699,Damenfahrrad
2500728,50,Damenfahrrad
4501147,1592,Herrenfahrrad
1100102,929,Damenfahrrad
2500832,400,Herrenfahrrad
1100415,250,Mountainbike
8100312,456,Fahrrad
11300722,100,Fahrrad
12400618,450,Damenfahrrad
11401135,544,Fahrrad
3500934,2841,Fahrrad
2300419,1144,Herrenfahrrad
3400725,800,Herrenfahrrad
2100102,2222,Herrenfahrrad
2500834,970,Herrenfahrrad
2400625,1149,Damenfahrrad
6200312,1000,Herrenfahrrad
2100104,200,Damenfahrrad
11501340,650,Damenfahrrad
2500835,1299,Herrenfahrrad
7601238,683,Herrenfahrrad
3701659,1000,Herrenfahrrad
9401329,1825,Herrenfahrrad
8401244,250,Fahrrad
3601142,550,Herrenfahrrad
11300616,1030,Herrenfahrrad
8100104,600,Rennrad
2300418,910,Herrenfahrrad
4300414,900,Herrenfahrrad
8100521,220,Fahrrad
12601235,220,Fahrrad
11400929,2000,Fahrrad
7100205,299,Herrenfahrrad
3701659,1035,Herrenfahrrad
3701659,600,Herrenfahrrad
3400724,772,Damenfahrrad
5100101,415,Damenfahrrad
3300411,200,Damenfahrrad
9100203,490,Damenfahrrad
3200205,1020,Damenfahrrad
1100415,999,Fahrrad
11501341,2936,Damenfahrrad
7300515,1445,Damenfahrrad
10100101,1999,Herrenfahrrad
4300415,2799,Damenfahrrad
2500836,653,Fahrrad
2100101,379,Damenfahrrad
3400827,860,Herrenfahrrad
11501339,460,Damenfahrrad
2400624,677,Damenfahrrad
7300619,499,Damenfahrrad
3300516,319,Kinderfahrrad
1100309,1178,Damenfahrrad
3400828,950,Herrenfahrrad
7501133,160,Kinderfahrrad
4300623,799,Herrenfahrrad
10300733,699,Herrenfahrrad
4501042,2799,Fahrrad
4501043,699,Damenfahrrad
3300413,378,Damenfahrrad
3500932,470,Damenfahrrad
4501042,2799,divers
4500939,470,Damenfahrrad
4300416,3410,Herrenfahrrad
8100207,150,Damenfahrrad
7100205,40,Kinderfahrrad
3601347,439,Damenfahrrad
6300526,404,Herrenfahrrad
4501045,1,Fahrrad
9200819,4301,divers
9501736,1282,Damenfahrrad
1100415,599,Mountainbike
6300633,1108,Damenfahrrad
9200819,3815,Fahrrad
3601140,1000,Herrenfahrrad
4300413,794,Damenfahrrad
2200211,999,Damenfahrrad
1100308,650,Fahrrad
1100207,1247,Damenfahrrad
9100101,591,Herrenfahrrad
7100206,1448,Herrenfahrrad
6200421,599,Herrenfahrrad
9501838,500,Fahrrad
2400521,298,Damenfahrrad
2300419,545,Damenfahrrad
9200715,500,Mountainbike
2200212,549,Damenfahrrad
9501939,2499,Damenfahrrad
11401137,550,Herrenfahrrad
11501340,499,Damenfahrrad
4300623,250,Mountainbike
4500936,400,Damenfahrrad
8100312,243,Herrenfahrrad
1100104,2700,Fahrrad
8100206,280,Herrenfahrrad
5100316,400,Damenfahrrad
11401137,499,Damenfahrrad
7200413,2400,Damenfahrrad
11100206,400,Damenfahrrad
9301025,421,Damenfahrrad
2400625,0,Fahrrad
2200212,280,Damenfahrrad
2500727,788,Herrenfahrrad
11200513,349,Damenfahrrad
12100102,1700,Herrenfahrrad
2500835,450,Damenfahrrad
9501939,2449,Damenfahrrad
2400624,150,Herrenfahrrad
8100208,350,Mountainbike
11400930,300,Herrenfahrrad
2300314,499,Herrenfahrrad
2400625,900,Herrenfahrrad
2500832,500,Fahrrad
8100102,629,Damenfahrrad
2200212,619,Damenfahrrad
4501041,680,Damenfahrrad
6300527,770,Herrenfahrrad
1401046,650,Fahrrad
11200513,525,Rennrad
2500830,3200,Herrenfahrrad
10300731,320,Kinderfahrrad
3601347,200,Mountainbike
4300518,999,Herrenfahrrad
3300411,280,Kinderfahrrad
2100102,870,Damenfahrrad
2400521,660,Herrenfahrrad
6400839,650,Damenfahrrad
9200715,434,Damenfahrrad
6300527,650,Herrenfahrrad
2500728,300,Herrenfahrrad
3500936,300,Damenfahrrad
11300826,3566,Fahrrad
1100104,400,Herrenfahrrad
8100520,300,Fahrrad
3400829,1000,Fahrrad
4501043,400,Mountainbike
2400522,700,Herrenfahrrad
8100207,589,Damenfahrrad
8100101,200,Herrenfahrrad
11401137,269,Damenfahrrad
3300411,434,Damenfahrrad
5100210,2900,divers
8100314,150,Herrenfahrrad
9200715,999,Herrenfahrrad
9100407,900,Herrenfahrrad
9501941,1199,Damenfahrrad
7200307,2000,Damenfahrrad
1100207,744,Herrenfahrrad
8100417,150,Damenfahrrad
1401047,200,Herrenfahrrad
4500938,3397,Damenfahrrad
5100315,200,Herrenfahrrad
4300416,200,Herrenfahrrad
3400830,649,Damenfahrrad
8100312,749,Herrenfahrrad
2300417,400,Rennrad
7100205,2999,Herrenfahrrad
11200514,179,Kinderfahrrad
10200525,700,Mountainbike
2500836,642,Fahrrad
9200715,750,Herrenfahrrad
4200310,680,Herrenfahrrad
1300834,572,Fahrrad
2300417,3466,Fahrrad
6400839,545,Damenfahrrad
4300518,1500,Herrenfahrrad
12601235,630,Damenfahrrad
4400834,797,Damenfahrrad
11300826,399,Herrenfahrrad
1401047,398,Herrenfahrrad
11300722,400,Damenfahrrad
2400623,365,Herrenfahrrad
4300518,2700,Fahrrad
8100311,800,Damenfahrrad
3400830,928,Herrenfahrrad
4300623,1358,Herrenfahrrad
8401242,518,Damenfahrrad
8401242,420,Herrenfahrrad
11200512,100,Damenfahrrad
1401049,500,Herrenfahrrad
4300415,599,Damenfahrrad
2500831,200,Herrenfahrrad
8100313,1500,Fahrrad
11100307,849,Damenfahrrad
6100209,399,Damenfahrrad
2500836,650,Herrenfahrrad
2200210,360,Mountainbike
12601134,767,Damenfahrrad
3601346,1050,Herrenfahrrad
11501341,805,Herrenfahrrad
3601141,1420,Damenfahrrad
6100102,1439,Damenfahrrad
4300624,3478,Herrenfahrrad
9501737,2199,Damenfahrrad
9501737,2893,Damenfahrrad
3701554,863,Damenfahrrad
7400720,209,Fahrrad
3601451,449,Damenfahrrad
2500834,600,Damenfahrrad
6300526,300,Herrenfahrrad
3400721,455,Herrenfahrrad
10200629,487,Herrenfahrrad
3601142,463,Damenfahrrad
3500934,100,Herrenfahrrad
9100202,699,Damenfahrrad
4300623,424,Herrenfahrrad
2100104,1043,Damenfahrrad
4501153,399,Herrenfahrrad
9200613,300,Herrenfahrrad
1200522,529,Damenfahrrad
3601243,1200,Herrenfahrrad
4501153,2380,Fahrrad
2400623,350,Herrenfahrrad
2500835,699,Damenfahrrad
8100208,600,Herrenfahrrad
1200628,400,Herrenfahrrad
1100311,420,Kinderfahrrad
7100102,100,Mountainbike
5100210,600,divers
1100102,800,Herrenfahrrad
6300527,800,Herrenfahrrad
4300415,1042,Herrenfahrrad
9501941,700,Damenfahrrad
1300733,100,Herrenfahrrad
11200515,549,Damenfahrrad
4300621,571,Herrenfahrrad
4300518,325,Fahrrad
7300516,399,Kinderfahrrad
4400727,276,Fahrrad
3601139,300,Fahrrad
6300633,398,Herrenfahrrad
12400616,1348,Herrenfahrrad
7300618,685,Damenfahrrad
12601134,1097,Herrenfahrrad
9401534,150,Herrenfahrrad
3300514,500,Fahrrad
7100101,939,Herrenfahrrad
3601346,350,Herrenfahrrad
4300622,900,divers
4501147,489,Herrenfahrrad
12500930,450,Damenfahrrad
12200310,650,Herrenfahrrad
3300412,699,Damenfahrrad
1401048,500,Fahrrad
8100314,599,Mountainbike
4500939,1369,Herrenfahrrad
2300419,599,Mountainbike
4501042,1822,Herrenfahrrad
6400839,299,Damenfahrrad
1100415,1785,Herrenfahrrad
7100204,1000,Herrenfahrrad
3601243,150,Fahrrad
8100417,349,Damenfahrrad
8100417,1000,Herrenfahrrad
4300416,675,Herrenfahrrad
4300416,616,Herrenfahrrad
11300618,800,Fahrrad
12601133,450,Damenfahrrad
10300732,1099,Herrenfahrrad
3500936,330,Damenfahrrad
2200211,1083,Herrenfahrrad
4300518,675,Mountainbike
8100209,260,Herrenfahrrad
11501238,50,Damenfahrrad
3500935,260,Herrenfahrrad
9100101,570,Damenfahrrad
1100206,0,Kinderfahrrad
3200310,383,Damenfahrrad
2100102,1220,Damenfahrrad
6300629,745,Damenfahrrad
3701554,1390,Herrenfahrrad
9100101,800,Herrenfahrrad
2500832,684,Herrenfahrrad
2500832,1879,Herrenfahrrad
2200211,330,Fahrrad
8100314,1055,Herrenfahrrad
2500832,699,Damenfahrrad
6400737,999,Herrenfahrrad
2500832,819,Herrenfahrrad
2500832,1087,Damenfahrrad
11401034,520,Herrenfahrrad
1100102,1105,Herrenfahrrad
1100415,1500,Herrenfahrrad
2200211,398,Damenfahrrad
10300733,860,Herrenfahrrad
7200413,490,Herrenfahrrad
1100309,550,Fahrrad
3200309,339,Herrenfahrrad
4300416,160,Herrenfahrrad
4400835,640,Damenfahrrad
2400625,1920,Herrenfahrrad
2200211,800,Herrenfahrrad
1200628,1459,Herrenfahrrad
6100209,1699,Herrenfahrrad
4501147,600,Herrenfahrrad
4501044,645,Fahrrad
1401044,550,Herrenfahrrad
6200312,599,Damenfahrrad
8100311,90,Damenfahrrad
1200522,2000,Damenfahrrad
12400720,524,Herrenfahrrad
9100101,300,Herrenfahrrad
3400723,699,Herrenfahrrad
7200308,718,Herrenfahrrad
10400939,400,Damenfahrrad
1100312,360,Herrenfahrrad
6300526,795,Damenfahrrad
1300733,220,Herrenfahrrad
2200210,750,Herrenfahrrad
1300730,420,Herrenfahrrad
3701554,450,Mountainbike
3601347,340,Damenfahrrad
3701659,530,Herrenfahrrad
1100415,760,Damenfahrrad
7200412,218,Herrenfahrrad
3701658,250,Fahrrad
7100103,600,Damenfahrrad
11400929,800,Herrenfahrrad
4400728,1150,Herrenfahrrad
2200213,670,Damenfahrrad
8100102,1034,Herrenfahrrad
4500937,250,Damenfahrrad
4400726,760,Herrenfahrrad
3601245,1714,Herrenfahrrad
3701657,1534,Herrenfahrrad
8100311,200,Herrenfahrrad
4300623,250,Herrenfahrrad
3300514,600,Damenfahrrad
9200613,150,Damenfahrrad
7400927,792,Herrenfahrrad
1200629,200,Kinderfahrrad
4500937,0,divers
7100206,50,Damenfahrrad
3601139,850,Fahrrad
4300623,1099,Herrenfahrrad
3601245,940,Herrenfahrrad
8100314,3500,Herrenfahrrad
1200521,300,Herrenfahrrad
3300514,600,Damenfahrrad
11100309,500,Fahrrad
9200510,599,Herrenfahrrad
7300515,1650,Herrenfahrrad
4501153,1300,Damenfahrrad
9200511,439,Mountainbike
10200524,487,Damenfahrrad
2500727,500,Fahrrad
4501150,300,Damenfahrrad
2100101,889,Fahrrad
3601141,500,Damenfahrrad
4400729,618,Herrenfahrrad
2200213,390,Herrenfahrrad
11100101,348,Fahrrad
3601140,475,Damenfahrrad
2300316,300,Rennrad
9200715,150,Herrenfahrrad
4501042,400,Fahrrad
9100101,339,Damenfahrrad
1401044,900,Herrenfahrrad
7300515,999,Damenfahrrad
4501152,270,Kinderfahrrad
2100105,700,Damenfahrrad
8100209,1000,Herrenfahrrad
8100207,1179,Herrenfahrrad
11401032,320,Herrenfahrrad
8100209,350,Herrenfahrrad
2500729,300,Damenfahrrad
3200207,629,Damenfahrrad
9100202,884,Herrenfahrrad
1300733,999,Herrenfahrrad
10200629,1,Herrenfahrrad
2400521,595,Herrenfahrrad
1300836,280,Mountainbike
2500836,850,Herrenfahrrad
3400721,540,Herrenfahrrad
12601134,500,Damenfahrrad
2300419,416,Damenfahrrad
1100309,2000,Fahrrad
1100309,900,Fahrrad
4300623,2000,Mountainbike
2200211,449,Herrenfahrrad
8301037,800,Damenfahrrad
7100205,499,Fahrrad
8100310,400,Damenfahrrad
7200413,250,Damenfahrrad
4400833,1599,Fahrrad
6100103,565,Mountainbike
9100305,300,Damenfahrrad
6100209,428,Damenfahrrad
3701659,699,Damenfahrrad
3701659,1374,Herrenfahrrad
3601348,352,Kinderfahrrad
9100407,600,Mountainbike
3701554,1000,Herrenfahrrad
2400624,530,Herrenfahrrad
3601142,550,Herrenfahrrad
2500729,599,Fahrrad
3701554,1099,Fahrrad
1100414,874,Herrenfahrrad
4500937,550,Fahrrad
1100416,990,Damenfahrrad
7200307,1054,Damenfahrrad
7200411,749,Damenfahrrad
1200626,600,Herrenfahrrad
8100419,700,Damenfahrrad
10200526,600,Herrenfahrrad
2300419,600,Herrenfahrrad
1300834,401,divers
11401032,444,Herrenfahrrad
6300526,869,Damenfahrrad
3300514,415,Herrenfahrrad
5300737,250,Herrenfahrrad
4300416,392,Kinderfahrrad
7200411,499,Damenfahrrad
7200307,349,Damenfahrrad
3601141,700,Herrenfahrrad
7100205,250,Fahrrad
11501339,564,Damenfahrrad
8100206,300,Mountainbike
4300414,252,Fahrrad
3400722,320,Fahrrad
3500935,603,Herrenfahrrad
9200510,2500,Mountainbike
8100206,399,Herrenfahrrad
1100309,300,Herrenfahrrad
8100417,2500,Fahrrad
4200308,2612,divers
1100101,988,Herrenfahrrad
7300618,3154,Damenfahrrad
2300418,320,Herrenfahrrad
3200205,699,Mountainbike
2200210,540,Rennrad
1200522,299,Herrenfahrrad
9200715,935,Damenfahrrad
7501133,660,Damenfahrrad
2100104,1070,Fahrrad
11501341,450,Herrenfahrrad
10200524,289,Damenfahrrad
9200818,899,Mountainbike
2200208,490,Herrenfahrrad
11200512,700,Herrenfahrrad
2100106,400,Herrenfahrrad
1100308,646,Herrenfahrrad
1401047,637,Damenfahrrad
3701555,1840,Herrenfahrrad
8100209,494,Fahrrad
12500825,560,Damenfahrrad
1400942,750,Herrenfahrrad
4501042,800,Herrenfahrrad
2300417,700,Damenfahrrad
8100208,350,Herrenfahrrad
8100101,850,Herrenfahrrad
2100101,250,Kinderfahrrad
2200210,1600,Damenfahrrad
9200818,599,Herrenfahrrad
9501940,300,Herrenfahrrad
9501940,500,Kinderfahrrad
9301024,353,Herrenfahrrad
4501043,339,Herrenfahrrad
3601452,450,Damenfahrrad
7300517,835,Damenfahrrad
5100105,1017,Herrenfahrrad
9100101,500,Herrenfahrrad
10300733,499,Damenfahrrad
2400624,300,Kinderfahrrad
9300920,617,Damenfahrrad
5200629,900,Herrenfahrrad
8100314,200,Rennrad
4501149,999,Herrenfahrrad
6100210,500,Herrenfahrrad
6300629,500,Damenfahrrad
12400721,964,Damenfahrrad
11200514,199,Damenfahrrad
1400937,200,Fahrrad
12400618,450,Kinderfahrrad
10100311,1000,Damenfahrrad
10200630,658,Fahrrad
4501044,599,Herrenfahrrad
8100311,400,Herrenfahrrad
11501341,400,Fahrrad
1200628,769,Herrenfahrrad
2300316,899,Herrenfahrrad
3601243,540,Herrenfahrrad
1200519,220,Herrenfahrrad
9200715,500,Herrenfahrrad
3400724,1580,Herrenfahrrad
3400724,1119,Damenfahrrad
2200211,400,Fahrrad
8100310,916,Damenfahrrad
6200421,449,Herrenfahrrad
10100311,2440,divers
9501737,750,Fahrrad
3701555,0,Kinderfahrrad
4400832,549,Damenfahrrad
3601348,859,Herrenfahrrad
1200522,799,Damenfahrrad
11501340,1043,Herrenfahrrad
10200417,500,divers
7100206,580,Herrenfahrrad
1100312,260,Herrenfahrrad
3701554,1500,Mountainbike
8100104,1329,Herrenfahrrad
1100313,3300,Herrenfahrrad
7400927,179,Herrenfahrrad
3601243,2500,Herrenfahrrad
3701660,980,Damenfahrrad
8100417,1000,Herrenfahrrad
4300414,70,Kinderfahrrad
11200513,388,Herrenfahrrad
10200627,499,Herrenfahrrad
6100102,1100,Herrenfahrrad
4100101,1366,divers
8100311,1500,Herrenfahrrad
8100104,1000,Herrenfahrrad
7501133,837,Damenfahrrad
1100415,449,Fahrrad
4501043,576,Damenfahrrad
3601451,349,Herrenfahrrad
9100101,400,Rennrad
3501038,470,Damenfahrrad
4501149,200,Herrenfahrrad
1100206,749,Herrenfahrrad
9200715,876,Herrenfahrrad
9200715,400,Herrenfahrrad
9100101,190,Damenfahrrad
2200213,800,Herrenfahrrad
4400727,650,Damenfahrrad
7400928,1000,Herrenfahrrad
8301037,494,Damenfahrrad
3601346,1119,Herrenfahrrad
8401245,493,Herrenfahrrad
4200309,1150,Mountainbike
8100313,682,Damenfahrrad
5200423,330,Herrenfahrrad
2400623,600,Herrenfahrrad
7300618,498,Damenfahrrad
4501045,1800,Herrenfahrrad
1100310,800,Damenfahrrad
4300624,1500,Fahrrad
11100309,999,Herrenfahrrad
3200205,649,Damenfahrrad
1100308,1200,Damenfahrrad
9200715,899,Damenfahrrad
3601451,1000,Herrenfahrrad
5300736,612,Damenfahrrad
6300526,700,Damenfahrrad
4500938,2300,Damenfahrrad
2100103,1826,Herrenfahrrad
7200307,499,Damenfahrrad
4300621,100,Damenfahrrad
2100105,2400,Herrenfahrrad
1100416,799,Herrenfahrrad
2100103,899,Fahrrad
6200420,350,Fahrrad
6400736,857,Damenfahrrad
5400943,363,Fahrrad
2400623,150,Herrenfahrrad
3601243,3147,Herrenfahrrad
4501043,1595,Herrenfahrrad
4501152,2550,Herrenfahrrad
11401034,803,Herrenfahrrad
11300620,350,Damenfahrrad
9200715,599,Damenfahrrad
10400836,400,Fahrrad
8100415,250,Herrenfahrrad
7400720,700,Damenfahrrad
3400724,50,Damenfahrrad
3701556,250,Herrenfahrrad
2300419,975,Herrenfahrrad
1200522,2000,Herrenfahrrad
3400722,250,Herrenfahrrad
2500832,650,Fahrrad
3701658,775,Herrenfahrrad
5100208,230,Damenfahrrad
11300725,1355,Herrenfahrrad
1200518,500,Fahrrad
2400624,1,Damenfahrrad
4300414,1600,divers
3300412,399,Mountainbike
3601244,335,Kinderfahrrad
4501151,500,Fahrrad
9200818,2498,Fahrrad
4200308,249,Herrenfahrrad
11501341,900,Herrenfahrrad
8100101,150,Herrenfahrrad
11300616,330,Herrenfahrrad
3601139,1108,Herrenfahrrad
3701659,460,Rennrad
9200510,3196,Fahrrad
5100314,335,Herrenfahrrad
11300723,500,Damenfahrrad
4501044,460,Herrenfahrrad
7100205,362,Herrenfahrrad
3500936,500,Herrenfahrrad
2400624,479,Kinderfahrrad
9401329,1161,Herrenfahrrad
7501029,334,divers
7400927,338,Mountainbike
2200207,298,Kinderfahrrad
9300921,400,Herrenfahrrad
8100416,850,Fahrrad
2100105,300,Damenfahrrad
11501238,430,Herrenfahrrad
2300315,500,Fahrrad
2300315,400,Fahrrad
3701660,50,Damenfahrrad
4400835,200,Herrenfahrrad
3701659,873,Herrenfahrrad
2500728,298,Kinderfahrrad
7400720,950,Damenfahrrad
12200309,799,Herrenfahrrad
12100206,579,Herrenfahrrad
11300616,600,Fahrrad
3200206,550,Herrenfahrrad
7400720,83,Mountainbike
4300623,458,Damenfahrrad
3601348,1100,Herrenfahrrad
2500729,2980,Mountainbike
9501737,150,Damenfahrrad
9200716,699,Herrenfahrrad
2400623,370,Herrenfahrrad
3400722,1,Damenfahrrad
9100305,1945,divers
3500934,430,Fahrrad
3200206,1496,Damenfahrrad
2500728,549,Herrenfahrrad
4501148,1450,Herrenfahrrad
12200309,439,Damenfahrrad
9300923,200,Damenfahrrad
1100104,999,Damenfahrrad
7200307,70,Damenfahrrad
6100205,573,Damenfahrrad
4501152,280,Herrenfahrrad
2300315,739,Herrenfahrrad
9100202,504,Herrenfahrrad
2100105,350,Herrenfahrrad
6400838,1000,Herrenfahrrad
2200208,349,Herrenfahrrad
3601451,749,Rennrad
2200208,2000,Herrenfahrrad
1200623,300,Herrenfahrrad
1200522,1499,Fahrrad
9100202,287,Herrenfahrrad
2100101,1199,Herrenfahrrad
1300733,500,Herrenfahrrad
11501339,250,Herrenfahrrad
11400928,969,Herrenfahrrad
5200631,3169,Fahrrad
7200409,1500,Mountainbike
12100102,400,Herrenfahrrad
7200308,490,Mountainbike
9501941,450,Damenfahrrad
12200515,100,Damenfahrrad
1100416,280,Herrenfahrrad
7300515,495,Damenfahrrad
7100102,800,Herrenfahrrad
1100206,1215,Fahrrad
11300724,1447,divers
3701554,1144,Damenfahrrad
3300514,599,Herrenfahrrad
7100102,1082,Herrenfahrrad
1200520,1076,Herrenfahrrad
1100101,1000,Herrenfahrrad
7400823,40,Fahrrad
9200715,3100,Damenfahrrad
7300619,579,Herrenfahrrad
4300416,1500,Herrenfahrrad
1100312,1630,Damenfahrrad
1100206,1711,Herrenfahrrad
1100309,2100,Herrenfahrrad
2200211,900,Damenfahrrad
1200626,285,Herrenfahrrad
9200716,330,Damenfahrrad
7100103,900,divers
4300621,214,Kinderfahrrad
9100101,499,Fahrrad
4300620,380,Herrenfahrrad
11200513,749,Herrenfahrrad
11400929,1226,Herrenfahrrad
3300514,50,Herrenfahrrad
9100101,499,Herrenfahrrad
1200522,400,Damenfahrrad
12100205,304,Herrenfahrrad
4100101,800,Damenfahrrad
6100209,500,divers
12400721,320,Damenfahrrad
12100205,333,Fahrrad
1200628,1500,Damenfahrrad
9301126,1800,Fahrrad
7300515,599,Damenfahrrad
8100417,2000,Herrenfahrrad
3701659,999,Herrenfahrrad
9301126,1639,Fahrrad
6100205,292,Herrenfahrrad
7501134,850,Damenfahrrad
1100309,3000,Fahrrad
1100309,3000,Fahrrad
7400822,1511,Fahrrad
4200207,550,Herrenfahrrad
3601142,625,Fahrrad
7300618,200,Herrenfahrrad
2200213,780,Herrenfahrrad
9200511,250,Damenfahrrad
4501146,450,Fahrrad
11200512,440,Damenfahrrad
4300414,500,Damenfahrrad
10400835,259,Damenfahrrad
9501736,970,Herrenfahrrad
1100415,1410,Herrenfahrrad
8300935,398,Herrenfahrrad
9301025,279,Damenfahrrad
3500934,1054,Damenfahrrad
7601443,333,Kinderfahrrad
8100310,399,Damenfahrrad
12500930,530,Damenfahrrad
3400830,500,Herrenfahrrad
10400938,299,Herrenfahrrad
4501042,600,Herrenfahrrad
4300621,100,Fahrrad
3200207,900,Damenfahrrad
4200311,1029,Herrenfahrrad
7601443,500,Kinderfahrrad
11300722,1800,Rennrad
7100101,450,Mountainbike
4501151,510,Herrenfahrrad
1200519,1250,Damenfahrrad
3601245,600,Damenfahrrad
4501042,1900,Herrenfahrrad
8401246,333,Damenfahrrad
9401534,1400,Herrenfahrrad
1100205,3900,Herrenfahrrad
4500939,615,Herrenfahrrad
9200715,349,Damenfahrrad
3400721,1075,Damenfahrrad
3701660,350,Kinderfahrrad
4300623,3222,Damenfahrrad
3601141,2000,Herrenfahrrad
2500831,500,Damenfahrrad
5200629,2459,Herrenfahrrad
9501736,226,Herrenfahrrad
1100312,439,Herrenfahrrad
9200613,165,Herrenfahrrad
3701556,350,Herrenfahrrad
3601347,300,Damenfahrrad
3601245,866,Herrenfahrrad
5200629,393,Herrenfahrrad
11501238,1350,Herrenfahrrad
4200207,356,Kinderfahrrad
6400839,792,Mountainbike
3601348,380,Fahrrad
11200513,50,Fahrrad
3400828,499,Herrenfahrrad
11501238,1000,Fahrrad
9501939,1200,Damenfahrrad
9100202,280,Fahrrad
8100417,400,Herrenfahrrad
8100417,150,Damenfahrrad
1100103,600,Rennrad
8401138,250,Kinderfahrrad
11501238,2000,Herrenfahrrad
2500834,239,Kinderfahrrad
2500834,899,Herrenfahrrad
1300834,630,Herrenfahrrad
8100101,1030,Herrenfahrrad
1300834,500,Herrenfahrrad
6200315,500,Herrenfahrrad
11501238,1299,Herrenfahrrad
2500726,940,Herrenfahrrad
4300624,305,Herrenfahrrad
7601236,799,Damenfahrrad
10100210,450,Herrenfahrrad
11200411,350,Kinderfahrrad
1100310,145,Herrenfahrrad
11300618,250,Damenfahrrad
9200717,500,Mountainbike
3500932,150,Damenfahrrad
4100102,500,Herrenfahrrad
10100102,299,Damenfahrrad
4400834,550,Damenfahrrad
9200512,200,Herrenfahrrad
9200715,400,Herrenfahrrad
3601140,4510,Rennrad
1100206,1,Fahrrad
1100313,685,Herrenfahrrad
2300417,500,Herrenfahrrad
11200512,385,Damenfahrrad
1400940,500,Herrenfahrrad
2200208,701,Herrenfahrrad
3200205,1175,Damenfahrrad
2300418,250,Fahrrad
3601346,1400,Herrenfahrrad
9100101,1600,Fahrrad
10100312,207,Damenfahrrad
3400830,860,Herrenfahrrad
2300417,399,Herrenfahrrad
8100104,1650,Herrenfahrrad
1400940,900,divers
3100103,650,Herrenfahrrad
11400930,420,Damenfahrrad
7200409,593,Herrenfahrrad
12200308,2000,Herrenfahrrad
4501152,1200,Fahrrad
2400623,700,Fahrrad
1100311,800,Fahrrad
4501043,819,Herrenfahrrad
11401137,500,Herrenfahrrad
2300314,599,Herrenfahrrad
3400828,1400,Herrenfahrrad
7400927,45,Kinderfahrrad
3100103,740,divers
4400726,500,Herrenfahrrad
9501737,650,Herrenfahrrad
8100313,75,Herrenfahrrad
8300934,687,Herrenfahrrad
3601142,430,Herrenfahrrad
1401044,150,Mountainbike
2400624,2000,Herrenfahrrad
3100103,999,Fahrrad
3701660,549,Damenfahrrad
4300619,799,Fahrrad
2200209,900,Fahrrad
9200613,1284,Herrenfahrrad
2300316,525,Damenfahrrad
11100308,360,Fahrrad
2400521,500,Damenfahrrad
3701554,930,Herrenfahrrad
1400937,398,divers
3601243,779,Herrenfahrrad
2300419,734,Herrenfahrrad
1200624,878,Damenfahrrad
4501149,1000,Damenfahrrad
2500831,292,Damenfahrrad
3601243,1116,Herrenfahrrad
6100103,1414,Herrenfahrrad
6100103,789,Herrenfahrrad
2100102,1000,Herrenfahrrad
3601142,300,Herrenfahrrad
12100103,100,Herrenfahrrad
4500939,1199,Damenfahrrad
3701556,1571,Herrenfahrrad
10200525,300,Mountainbike
5200631,600,Herrenfahrrad
9200819,1250,Damenfahrrad
5300736,2455,Damenfahrrad
6200311,295,Herrenfahrrad
8100206,1000,Herrenfahrrad
7200308,869,Damenfahrrad
8100105,299,Mountainbike
1200518,180,Herrenfahrrad
3100101,3000,Herrenfahrrad
3400826,180,Herrenfahrrad
3601451,1490,Fahrrad
8100311,790,Herrenfahrrad
4300517,350,Herrenfahrrad
11300721,300,Herrenfahrrad
1400942,209,Herrenfahrrad
2200211,800,Fahrrad
7200413,889,Damenfahrrad
4300517,1000,Herrenfahrrad
4300416,2417,Herrenfahrrad
4300416,1392,Herrenfahrrad
4100101,500,Herrenfahrrad
1300733,150,Kinderfahrrad
4400834,200,Herrenfahrrad
2500831,459,Herrenfahrrad
2300315,720,Damenfahrrad
3300514,350,Fahrrad
1300731,499,Herrenfahrrad
5100313,248,Damenfahrrad
6100101,370,Fahrrad
3601141,149,Fahrrad
1100416,540,Herrenfahrrad
4501147,1349,Herrenfahrrad
2200207,815,Herrenfahrrad
3300514,619,Herrenfahrrad
3400722,680,Damenfahrrad
1401047,500,Herrenfahrrad
3601453,478,Damenfahrrad
3601245,430,Damenfahrrad
2400624,210,Fahrrad
11300826,190,Herrenfahrrad
2300419,170,Fahrrad
8100310,6500,Herrenfahrrad
12100205,923,Herrenfahrrad
9100101,0,Rennrad
1100102,1028,Herrenfahrrad
11300617,3652,Herrenfahrrad
6300527,2340,Damenfahrrad
6100102,1078,Herrenfahrrad
9200510,590,Herrenfahrrad
11100206,680,Damenfahrrad
1300733,490,Fahrrad
3400723,639,Herrenfahrrad
11401137,1000,Herrenfahrrad
3501038,280,Damenfahrrad
3400723,615,Herrenfahrrad
1401043,703,Mountainbike
4500938,1041,Damenfahrrad
6300527,2485,Damenfahrrad
2500835,500,Damenfahrrad
4100101,1640,Fahrrad
4400830,428,Kinderfahrrad
2500835,2764,Herrenfahrrad
3100103,462,Kinderfahrrad
1100206,959,Herrenfahrrad
4500939,1600,Herrenfahrrad
3200207,3199,Herrenfahrrad
8401242,65,Herrenfahrrad
4501146,499,Damenfahrrad
3601245,1750,Damenfahrrad
1300730,322,Damenfahrrad
1200517,799,Herrenfahrrad
2400623,399,Herrenfahrrad
2300418,0,Rennrad
2300315,1319,Rennrad
6300526,799,Damenfahrrad
3601245,1465,Herrenfahrrad
3300412,500,Fahrrad
5200629,2500,Herrenfahrrad
4300623,1000,Rennrad
4500936,225,Herrenfahrrad
2300419,321,Damenfahrrad
6300525,3084,Herrenfahrrad
1300836,749,Damenfahrrad
8100521,1,Mountainbike
8200727,275,Fahrrad
8200730,340,Damenfahrrad
7200412,1300,Herrenfahrrad
8100311,744,Herrenfahrrad
2300418,500,Kinderfahrrad
1100313,3377,Herrenfahrrad
4200310,100,Fahrrad
3701555,624,Damenfahrrad
1200518,480,Mountainbike
2200212,318,Damenfahrrad
1100416,500,Herrenfahrrad
4200310,300,Herrenfahrrad
2300419,1500,Herrenfahrrad
2500728,1300,Damenfahrrad
11401032,250,Damenfahrrad
8100415,399,Herrenfahrrad
4400726,905,Herrenfahrrad
3701555,250,Herrenfahrrad
1300836,320,Mountainbike
1300835,2880,Herrenfahrrad
3200207,380,Herrenfahrrad
10200524,1100,Herrenfahrrad
11400929,650,Herrenfahrrad
7200409,500,divers
8100104,520,Herrenfahrrad
11300725,4800,Fahrrad
7501031,420,Damenfahrrad
5100103,600,Fahrrad
1100416,1000,Herrenfahrrad
8100102,225,Herrenfahrrad
11400929,583,Herrenfahrrad
9200613,399,Herrenfahrrad
2100103,1200,Herrenfahrrad
1100207,399,Herrenfahrrad
1100311,835,Fahrrad
2500834,300,Herrenfahrrad
4501149,289,Herrenfahrrad
1100415,1215,Damenfahrrad
12100102,360,Herrenfahrrad
7400825,536,Damenfahrrad
8100102,700,Herrenfahrrad
4300624,3200,Damenfahrrad
4300517,930,Herrenfahrrad
9501940,249,Kinderfahrrad
6400842,2699,Rennrad
4300623,362,Damenfahrrad
1100310,539,Herrenfahrrad
8100311,700,Fahrrad
2200207,800,Damenfahrrad
3400722,855,Herrenfahrrad
8100314,2300,Damenfahrrad
1300732,150,Herrenfahrrad
6100206,500,Fahrrad
2200213,420,Herrenfahrrad
2200207,400,Herrenfahrrad
2500729,335,Kinderfahrrad
2500729,1108,Herrenfahrrad
2300419,589,Herrenfahrrad
2200211,200,Damenfahrrad
4500936,400,Damenfahrrad
9100101,1350,Herrenfahrrad
6200420,605,Herrenfahrrad
3300516,486,Herrenfahrrad
10400836,470,Mountainbike
8100418,500,Herrenfahrrad
7100102,870,Damenfahrrad
2400625,1500,Herrenfahrrad
1401043,999,Herrenfahrrad
12601235,1600,Fahrrad
2400520,447,Kinderfahrrad
3400725,609,Herrenfahrrad
3601141,240,Damenfahrrad
5200629,499,Herrenfahrrad
1200626,600,Herrenfahrrad
2100101,385,Fahrrad
1100104,120,Damenfahrrad
2300419,1078,Herrenfahrrad
2300419,350,Herrenfahrrad
7200308,899,Herrenfahrrad
1300836,539,Damenfahrrad
1400942,380,Mountainbike
4501041,1400,Herrenfahrrad
7400720,509,Herrenfahrrad
1100416,1499,Damenfahrrad
2400520,442,Kinderfahrrad
11501341,800,Herrenfahrrad
4300414,125,Kinderfahrrad
4300414,2350,Herrenfahrrad
7400720,2000,Damenfahrrad
1200626,1000,Herrenfahrrad
8100417,400,Mountainbike
3400830,529,Herrenfahrrad
3100103,478,Herrenfahrrad
7400721,699,Fahrrad
6300526,500,Damenfahrrad
7100206,1080,Damenfahrrad
4501045,1182,Damenfahrrad
5100103,675,divers
2100106,299,Fahrrad
8100310,699,Damenfahrrad
7100204,700,Herrenfahrrad
3400724,654,Herrenfahrrad
4400835,1560,Mountainbike
3601348,849,Damenfahrrad
4300412,1000,Damenfahrrad
12100204,110,Damenfahrrad
4300415,774,Herrenfahrrad
11501341,595,Herrenfahrrad
4300415,650,Fahrrad
4200309,1104,Damenfahrrad
9100304,502,Herrenfahrrad
3200310,300,Fahrrad
6400839,500,Damenfahrrad
7100204,2160,Herrenfahrrad
1100312,763,Damenfahrrad
1200518,200,Rennrad
8301037,400,Herrenfahrrad
2200212,209,Herrenfahrrad
6100209,250,Damenfahrrad
1100205,900,Herrenfahrrad
7300619,500,Herrenfahrrad
10100312,1000,divers
7300516,600,Herrenfahrrad
1100311,1700,Herrenfahrrad
10200630,600,Mountainbike
9401534,2918,Damenfahrrad
11200411,602,Herrenfahrrad
1200519,800,divers
4501149,513,Herrenfahrrad
8100208,494,Herrenfahrrad
4501043,209,Damenfahrrad
2200211,950,Damenfahrrad
3300516,999,Herrenfahrrad
9501941,1400,divers
7200412,400,Herrenfahrrad
1300834,750,Herrenfahrrad
7300619,95,Kinderfahrrad
12100102,1699,divers
1300836,661,Herrenfahrrad
9501939,589,Herrenfahrrad
2200211,594,Mountainbike
9200510,100,Herrenfahrrad
8100314,300,Damenfahrrad
3701556,200,Herrenfahrrad
7100204,1300,Damenfahrrad
3601346,1198,Damenfahrrad
10300733,180,Herrenfahrrad
1200519,1670,Damenfahrrad
4200310,498,Kinderfahrrad
4300623,1899,Herrenfahrrad
10300731,1099,Damenfahrrad
3601142,700,Damenfahrrad
9200511,1050,Herrenfahrrad
4300412,1500,Fahrrad
11300617,350,Damenfahrrad
1200522,700,Damenfahrrad
4501040,250,Fahrrad
7300515,567,Kinderfahrrad
3400723,680,Damenfahrrad
11501340,389,Damenfahrrad
9100305,235,Damenfahrrad
8100416,480,divers
4500939,1500,Fahrrad
11300826,652,Fahrrad
8100206,100,Herrenfahrrad
4400835,699,Herrenfahrrad
6300526,945,Damenfahrrad
8100417,1650,Herrenfahrrad
3601243,1299,Herrenfahrrad
1401043,100,Damenfahrrad
7300619,200,Damenfahrrad
7400927,500,Herrenfahrrad
12400720,950,Herrenfahrrad
2100106,614,Damenfahrrad
2200208,860,Herrenfahrrad
6200317,485,Herrenfahrrad
7100206,300,Herrenfahrrad
6100102,810,Mountainbike
2500832,500,Herrenfahrrad
8100207,271,Mountainbike
11100206,250,Herrenfahrrad
1300836,999,Herrenfahrrad
9301126,200,Herrenfahrrad
11200410,950,Herrenfahrrad
3501037,180,Damenfahrrad
3601449,450,Herrenfahrrad
9200512,1999,Herrenfahrrad
6200422,200,Damenfahrrad
12400720,460,Herrenfahrrad
6400735,721,Herrenfahrrad
7601545,270,Mountainbike
1100102,2000,Damenfahrrad
3601245,730,Damenfahrrad
2200210,1998,Fahrrad
2200207,1900,Fahrrad
10400836,780,Herrenfahrrad
11501339,499,Herrenfahrrad
1100309,430,Herrenfahrrad
1100101,772,Herrenfahrrad
10100206,450,Herrenfahrrad
1100313,1,Damenfahrrad
3501037,205,Damenfahrrad
4501151,1108,Herrenfahrrad
2200212,640,Damenfahrrad
3200308,393,Herrenfahrrad
9501838,575,Herrenfahrrad
9200819,899,Herrenfahrrad
3200206,350,Herrenfahrrad
3100103,463,Fahrrad
6100102,500,Damenfahrrad
8200726,664,Kinderfahrrad
9100202,906,divers
5200528,300,Mountainbike
3701658,479,Herrenfahrrad
4300623,692,Damenfahrrad
4501041,1300,Damenfahrrad
11501340,371,Herrenfahrrad
7400824,250,Damenfahrrad
3300412,399,Damenfahrrad
4300624,996,divers
1200623,700,Fahrrad
1100205,3100,Fahrrad
6300526,1950,Herrenfahrrad
11200514,459,Damenfahrrad
1300835,700,Damenfahrrad
9200819,3499,Damenfahrrad
4300623,499,Herrenfahrrad
10200628,500,Herrenfahrrad
1200623,485,Herrenfahrrad
8100102,480,Damenfahrrad
2500834,1000,Herrenfahrrad
11100308,150,divers
3300412,874,Herrenfahrrad
7100102,1699,Fahrrad
3601346,999,Herrenfahrrad
3601243,950,Damenfahrrad
7400927,510,Damenfahrrad
11100205,388,Kinderfahrrad
3500936,710,Damenfahrrad
2500835,499,Damenfahrrad
9501737,200,Mountainbike
9200715,600,Herrenfahrrad
12200515,1140,Herrenfahrrad
7200308,100,Damenfahrrad
4400727,500,Fahrrad
12400618,555,Damenfahrrad
7200409,410,Herrenfahrrad
2400624,599,Damenfahrrad
7200409,480,Herrenfahrrad
8100209,1914,Damenfahrrad
3601244,1994,Herrenfahrrad
6300526,600,Herrenfahrrad
3601348,340,divers
9100101,270,Kinderfahrrad
1100415,711,Damenfahrrad
8100314,600,Rennrad
3601141,1485,Herrenfahrrad
7601545,80,Damenfahrrad
1401047,2050,Mountainbike
10300733,299,Kinderfahrrad
3400723,300,Damenfahrrad
11100206,333,Damenfahrrad
1200626,900,Herrenfahrrad
1401043,400,Kinderfahrrad
3601139,808,Damenfahrrad
5300841,424,Damenfahrrad
1400938,534,Fahrrad
4200310,979,Herrenfahrrad
1200520,2638,Fahrrad
2100101,3900,divers
10300732,1568,divers
9501939,1399,Herrenfahrrad
9401534,599,Mountainbike
9100202,367,Damenfahrrad
2400623,1000,Herrenfahrrad
4400831,800,Herrenfahrrad
8100312,549,Herrenfahrrad
1200518,540,Damenfahrrad
7100206,800,Herrenfahrrad
5100209,500,Fahrrad
3601243,412,Damenfahrrad
3300514,545,Damenfahrrad
6100206,750,Damenfahrrad
3601139,750,Herrenfahrrad
8100102,1040,Herrenfahrrad
7100103,699,Damenfahrrad
10300733,900,Herrenfahrrad
3300514,850,Damenfahrrad
11100307,634,Herrenfahrrad
8100314,3180,Herrenfahrrad
2500835,120,Damenfahrrad
4200311,2545,Herrenfahrrad
7400825,860,Fahrrad
12400720,937,Fahrrad
7400823,670,Herrenfahrrad
1401044,700,Damenfahrrad
12400723,1269,Mountainbike
3701658,292,Fahrrad
8100520,940,Herrenfahrrad
9100101,2000,Fahrrad
7300515,900,Damenfahrrad
1100308,0,divers
11300826,239,Damenfahrrad
3200310,500,Damenfahrrad
4501042,1000,Mountainbike
4501042,1100,Rennrad
4501043,0,divers
1100311,1600,Herrenfahrrad
4200205,187,Herrenfahrrad
4300416,2200,Damenfahrrad
1200520,500,Herrenfahrrad
2500836,1,Herrenfahrrad
2100102,379,Herrenfahrrad
4200311,500,Damenfahrrad
2100104,371,Herrenfahrrad
1200625,1300,Damenfahrrad
7100102,399,Herrenfahrrad
5100105,250,Damenfahrrad
1100103,900,Fahrrad
2300419,295,Herrenfahrrad
2300418,1500,Herrenfahrrad
1100102,999,Herrenfahrrad
2300314,2000,Damenfahrrad
3601245,999,Damenfahrrad
1400942,899,Fahrrad
3601449,400,Herrenfahrrad
2500832,50,Herrenfahrrad
2300418,799,Herrenfahrrad
4501043,664,Herrenfahrrad
3100103,621,Damenfahrrad
1400938,1000,Herrenfahrrad
3400723,685,Herrenfahrrad
11501238,720,Damenfahrrad
10200419,585,Fahrrad
1100102,2500,Herrenfahrrad
2200210,1500,Fahrrad
8100310,2578,Herrenfahrrad
6400735,1444,Herrenfahrrad
8100312,1700,Fahrrad
9200716,150,Herrenfahrrad
7300619,1250,Herrenfahrrad
2500729,999,Herrenfahrrad
1100313,359,Damenfahrrad
10100314,750,Herrenfahrrad
9100101,100,Damenfahrrad
6400842,585,Herrenfahrrad
3500936,750,Damenfahrrad
6400841,550,Herrenfahrrad
7601544,399,Damenfahrrad
4300624,560,Herrenfahrrad
1200522,1000,Herrenfahrrad
4300624,1100,Mountainbike
1300834,500,Damenfahrrad
2400625,5500,Herrenfahrrad
8200726,150,Fahrrad
4300414,579,Damenfahrrad
4400835,385,Damenfahrrad
7100206,599,Herrenfahrrad
4501044,1099,Herrenfahrrad
3100103,196,Kinderfahrrad
2400624,420,Damenfahrrad
12400618,332,Herrenfahrrad
10200524,329,Fahrrad
4501152,850,Damenfahrrad
3701660,1184,Herrenfahrrad
2300419,377,Damenfahrrad
3601139,400,Herrenfahrrad
7601443,333,Kinderfahrrad
12100102,645,Herrenfahrrad
4501146,800,Herrenfahrrad
1300835,1800,Herrenfahrrad
2200213,1625,Fahrrad
7300517,1050,Herrenfahrrad
2500835,377,Herrenfahrrad
3601243,300,Herrenfahrrad
3300514,268,Herrenfahrrad
9501737,700,Rennrad
1100207,1399,Fahrrad
6300528,800,Herrenfahrrad
7400720,589,Damenfahrrad
6100210,709,Herrenfahrrad
8100310,600,Herrenfahrrad
7501133,440,divers
2300314,350,Fahrrad
3400723,729,Herrenfahrrad
2200210,676,Fahrrad
6100210,599,Herrenfahrrad
9401431,536,Herrenfahrrad
8100419,771,Herrenfahrrad
4200206,250,Rennrad
12100205,460,Damenfahrrad
7200413,600,Herrenfahrrad
8100314,374,Damenfahrrad
12100103,379,Damenfahrrad
1300836,690,Damenfahrrad
5100316,749,Damenfahrrad
9200613,2000,Herrenfahrrad
1100207,870,Herrenfahrrad
7200412,370,Herrenfahrrad
9200715,360,Fahrrad
7300619,400,Fahrrad
4501147,850,Fahrrad
9100101,2700,Rennrad
8401244,2421,Damenfahrrad
6100207,990,Herrenfahrrad
1401043,1064,Damenfahrrad
2500833,799,Herrenfahrrad
4300414,750,Herrenfahrrad
3500933,1059,Kinderfahrrad
7200411,380,Kinderfahrrad
2300418,600,Herrenfahrrad
10100206,250,Fahrrad
4501150,500,Fahrrad
4501152,269,Herrenfahrrad
3400724,500,Mountainbike
2200208,400,Herrenfahrrad
1300834,800,Herrenfahrrad
11200514,1,Herrenfahrrad
3501038,1200,Fahrrad
4501045,220,Fahrrad
8100416,710,Herrenfahrrad
11400927,400,Damenfahrrad
7100206,989,Damenfahrrad
9200614,269,Kinderfahrrad
1400939,459,Mountainbike
3601243,528,Herrenfahrrad
6400839,549,Herrenfahrrad
5100316,1099,Fahrrad
2400522,300,Fahrrad
1100104,1000,Damenfahrrad
10200526,300,Fahrrad
9300922,1150,Fahrrad
11501238,357,Herrenfahrrad
6200313,430,Herrenfahrrad
8100102,1700,Damenfahrrad
3601142,2800,Damenfahrrad
2500833,2700,Herrenfahrrad
8100208,200,Damenfahrrad
8100208,469,Damenfahrrad
9501737,500,Damenfahrrad
6100102,2499,Fahrrad
4501149,1850,Herrenfahrrad
3400830,100,Damenfahrrad
2200210,549,Damenfahrrad
8100208,2600,divers
11300620,220,Herrenfahrrad
3701658,200,Herrenfahrrad
3601142,366,Damenfahrrad
5100207,750,Herrenfahrrad
1200629,230,Mountainbike
3400619,500,divers
7100204,642,Damenfahrrad
2300314,1,Fahrrad
2500728,681,Herrenfahrrad
2500834,1799,divers
1100416,650,Mountainbike
1100311,350,Herrenfahrrad
6300634,446,Herrenfahrrad
2100102,230,Herrenfahrrad
6400842,429,Herrenfahrrad
2500834,1700,Herrenfahrrad
2300316,600,Damenfahrrad
7100204,1250,Herrenfahrrad
3701554,301,Herrenfahrrad
1100415,750,Herrenfahrrad
6100206,1160,Damenfahrrad
1300836,1199,Herrenfahrrad
9200716,689,Herrenfahrrad
2400520,662,Herrenfahrrad
8200623,999,Herrenfahrrad
1300836,1889,Damenfahrrad
11300725,490,Herrenfahrrad
2100101,500,Lastenfahrrad
6400737,250,Damenfahrrad
6400737,650,Damenfahrrad
10100313,725,Damenfahrrad
8100314,580,Fahrrad
1100416,712,Herrenfahrrad
3601347,1668,Herrenfahrrad
8100208,899,Fahrrad
6400838,350,Herrenfahrrad
2200207,1090,Damenfahrrad
3400725,608,Herrenfahrrad
1200629,700,Fahrrad
7300517,1000,Herrenfahrrad
4400830,1045,Fahrrad
7300618,1200,Herrenfahrrad
6400840,2300,divers
3400721,472,Herrenfahrrad
6100102,780,Damenfahrrad
1200629,559,Herrenfahrrad
9100101,887,Damenfahrrad
1100103,1250,Herrenfahrrad
2500726,400,Damenfahrrad
2200212,388,Kinderfahrrad
11300616,666,Damenfahrrad
2200213,450,Damenfahrrad
6100209,2058,Fahrrad
5100207,634,Herrenfahrrad
1200623,328,Damenfahrrad
11300618,428,Herrenfahrrad
9200716,1100,Herrenfahrrad
1100104,331,Damenfahrrad
4300620,550,Herrenfahrrad
6100206,400,Herrenfahrrad
3601347,994,Damenfahrrad
1200628,828,Damenfahrrad
12400618,400,Damenfahrrad
3601140,50,Damenfahrrad
7200307,3000,Herrenfahrrad
1200520,425,Herrenfahrrad
3601140,250,Damenfahrrad
9501737,1005,Damenfahrrad
2300314,100,Herrenfahrrad
3601347,799,Herrenfahrrad
1100102,391,Damenfahrrad
2400522,1750,Herrenfahrrad
3701658,1057,Herrenfahrrad
3601452,478,Fahrrad
2400625,720,Damenfahrrad
1100308,400,Damenfahrrad
9200716,290,Damenfahrrad
7200413,1400,Herrenfahrrad
1100207,998,Herrenfahrrad
3701556,400,Herrenfahrrad
2100101,565,Mountainbike
1300836,424,divers
2200211,1000,Herrenfahrrad
12400616,963,Fahrrad
7100206,320,Herrenfahrrad
10400835,448,Mountainbike
3400722,615,Damenfahrrad
3601243,1218,Herrenfahrrad
7300517,639,Damenfahrrad
7200414,1240,Damenfahrrad
3200207,599,Damenfahrrad
3601244,500,Mountainbike
1200624,338,Damenfahrrad
5300839,847,Damenfahrrad
2100102,1307,Damenfahrrad
8100206,1144,Herrenfahrrad
1100103,703,Herrenfahrrad
4300518,673,Damenfahrrad
12400721,1500,divers
4300623,1200,Damenfahrrad
10400836,250,Herrenfahrrad
2100104,1000,Fahrrad
4501044,1000,Herrenfahrrad
7300517,650,Herrenfahrrad
1200624,837,Herrenfahrrad
9200716,390,Herrenfahrrad
6200311,500,Damenfahrrad
2300418,1000,Herrenfahrrad
4100101,350,Herrenfahrrad
8100102,2668,Herrenfahrrad
11501341,799,Herrenfahrrad
2300419,1000,Herrenfahrrad
1200518,919,Herrenfahrrad
11501238,70,Herrenfahrrad
4300623,450,Damenfahrrad
9501939,2000,Fahrrad
9301126,100,Damenfahrrad
1401045,1119,Damenfahrrad
2300419,599,Herrenfahrrad
1100207,387,Damenfahrrad
2500833,398,Kinderfahrrad
10300734,250,Herrenfahrrad
3601452,601,Fahrrad
2300418,1305,Herrenfahrrad
4300412,880,Herrenfahrrad
2300316,350,Herrenfahrrad
9501838,794,Herrenfahrrad
2300419,817,Herrenfahrrad
9200715,632,Herrenfahrrad
3500934,2004,Herrenfahrrad
10100102,320,Herrenfahrrad
1100311,267,Kinderfahrrad
7300618,1093,Damenfahrrad
8100105,1000,Herrenfahrrad
8200622,1600,Fahrrad
1300835,150,Herrenfahrrad
4200203,2861,Herrenfahrrad
6300634,600,Herrenfahrrad
2500727,1397,Herrenfahrrad
2200213,200,Kinderfahrrad
4200309,328,Damenfahrrad
8200624,336,Damenfahrrad
3300514,300,Damenfahrrad
3601243,150,Damenfahrrad
5200527,299,Kinderfahrrad
7100204,599,Herrenfahrrad
1200625,487,Herrenfahrrad
10400837,1400,Herrenfahrrad
9200613,548,Herrenfahrrad
4300518,540,Herrenfahrrad
2400521,1215,Damenfahrrad
3100103,428,Damenfahrrad
4200205,2899,Damenfahrrad
8200726,1100,Herrenfahrrad
5100317,850,Herrenfahrrad
11400929,470,Damenfahrrad
8100416,900,Herrenfahrrad
3500934,100,Herrenfahrrad
6300633,1000,Herrenfahrrad
8100314,550,Damenfahrrad
3500936,1100,Fahrrad
7400823,440,Damenfahrrad
9300922,100,Fahrrad
6100103,0,Herrenfahrrad
3500936,1060,Damenfahrrad
3601142,1000,Herrenfahrrad
5200629,673,Herrenfahrrad
3300516,850,Herrenfahrrad
2300418,300,Damenfahrrad
3200207,498,Fahrrad
12100103,200,Damenfahrrad
1200519,350,Herrenfahrrad
9501941,422,Herrenfahrrad
1100416,350,Herrenfahrrad
9200717,379,Herrenfahrrad
12200309,510,Herrenfahrrad
10100208,250,Damenfahrrad
4200308,564,Kinderfahrrad
2300417,170,Herrenfahrrad
2500830,800,Herrenfahrrad
2300314,350,Damenfahrrad
6100207,350,Damenfahrrad
11400927,700,Herrenfahrrad
3400721,528,Herrenfahrrad
10400837,413,Damenfahrrad
1200629,3748,Herrenfahrrad
8100415,650,Rennrad
4300414,430,Mountainbike
5200629,460,Damenfahrrad
1200624,499,Herrenfahrrad
2100104,450,Damenfahrrad
9501737,600,Mountainbike
4300621,2200,divers
2200210,2669,Damenfahrrad
7100102,800,Damenfahrrad
4500937,300,Damenfahrrad
2200207,199,Herrenfahrrad
4300623,249,Herrenfahrrad
7300619,750,Damenfahrrad
7300619,755,Herrenfahrrad
7100204,1079,Damenfahrrad
3601449,2399,Damenfahrrad
10400941,595,Herrenfahrrad
2100104,584,Herrenfahrrad
1100310,899,Herrenfahrrad
3400721,450,Damenfahrrad
12400618,550,Damenfahrrad
6300527,449,Damenfahrrad
6200315,648,Herrenfahrrad
7200307,292,Herrenfahrrad
2500835,696,Herrenfahrrad
3701556,750,Herrenfahrrad
11200410,200,Damenfahrrad
2200210,235,Damenfahrrad
10100104,250,Kinderfahrrad
11400929,600,Fahrrad
1200518,50,Damenfahrrad
12500928,700,divers
7100103,90,Mountainbike
1100207,1499,Damenfahrrad
1100206,1200,Damenfahrrad
4300623,800,Herrenfahrrad
2300314,139,Herrenfahrrad
1200519,635,Damenfahrrad
9501939,854,Herrenfahrrad
1200623,586,Herrenfahrrad
7100204,717,Herrenfahrrad
3701658,999,Herrenfahrrad
1100416,1270,Herrenfahrrad
3601244,690,Fahrrad
1200519,574,Herrenfahrrad
7100102,950,Kinderfahrrad
8100102,399,Herrenfahrrad
2300417,1000,Herrenfahrrad
12400721,1324,Damenfahrrad
5200629,1499,Herrenfahrrad
1300834,30,Damenfahrrad
8100417,363,Herrenfahrrad
8100417,649,Herrenfahrrad
4501045,2459,Herrenfahrrad
3500936,1000,Damenfahrrad
2500833,400,Herrenfahrrad
9100101,200,Damenfahrrad
1100311,1729,Fahrrad
5100316,549,Damenfahrrad
6400838,993,Damenfahrrad
10200628,100,Kinderfahrrad
5100210,400,Damenfahrrad
2500831,8075,Mountainbike
3701660,399,Damenfahrrad
10400835,500,divers
2400625,772,Herrenfahrrad
7100101,566,Herrenfahrrad
10400835,50,Herrenfahrrad
10400835,170,Herrenfahrrad
8100312,1000,Herrenfahrrad
7200411,399,Herrenfahrrad
7100101,2373,Fahrrad
2200210,350,Herrenfahrrad
2200210,2669,Damenfahrrad
7100102,729,Damenfahrrad
9200510,1000,Herrenfahrrad
5200632,950,Fahrrad
2200212,720,Herrenfahrrad
3400721,836,Herrenfahrrad
2300419,800,Damenfahrrad
12200307,350,Damenfahrrad
7300517,360,Herrenfahrrad
10200524,179,Damenfahrrad
11200411,130,Damenfahrrad
7200410,1199,Herrenfahrrad
3400826,270,Damenfahrrad
1200629,200,Fahrrad
2100102,799,Herrenfahrrad
3100103,514,Herrenfahrrad
6400840,704,Herrenfahrrad
3601450,300,Herrenfahrrad
8100311,849,Herrenfahrrad
8100105,639,Herrenfahrrad
1300836,300,Damenfahrrad
11300722,1704,Herrenfahrrad
6400838,677,Damenfahrrad
10400835,599,Fahrrad
1100313,200,Herrenfahrrad
6400737,423,Damenfahrrad
8100521,999,Damenfahrrad
1300835,719,Damenfahrrad
1100310,300,Damenfahrrad
3400723,775,Herrenfahrrad
10100207,340,Herrenfahrrad
11300618,1259,Herrenfahrrad
7100204,1362,Herrenfahrrad
1200522,698,Damenfahrrad
11300724,600,Fahrrad
3500932,200,Mountainbike
3400830,1300,Herrenfahrrad
1300834,650,Herrenfahrrad
3100103,699,Damenfahrrad
10100311,180,Herrenfahrrad
2200212,229,Damenfahrrad
5200629,999,Damenfahrrad
6100101,500,Herrenfahrrad
4300416,700,Damenfahrrad
8100209,1500,Herrenfahrrad
1200626,3999,Herrenfahrrad
2300417,210,Herrenfahrrad
5100317,950,Damenfahrrad
8100208,500,Herrenfahrrad
3701658,700,Fahrrad
8100104,1500,Herrenfahrrad
12500824,700,Herrenfahrrad
4501045,666,Damenfahrrad
11100102,399,Damenfahrrad
1300834,500,Fahrrad
4300624,580,Mountainbike
11300721,350,Fahrrad
7300619,310,Fahrrad
11501339,569,Mountainbike
4300620,310,Herrenfahrrad
12500927,761,Damenfahrrad
11401135,530,Herrenfahrrad
1300835,190,Damenfahrrad
8100314,1800,Fahrrad
11200513,400,Herrenfahrrad
8100209,319,Damenfahrrad
9301126,494,Damenfahrrad
2200209,280,Kinderfahrrad
9200613,448,Damenfahrrad
4501147,649,divers
1200628,1179,Damenfahrrad
6100206,500,Damenfahrrad
12100101,499,Herrenfahrrad
10100104,448,Herrenfahrrad
1100308,350,Herrenfahrrad
9100408,499,Herrenfahrrad
7100101,500,Damenfahrrad
9501737,648,Fahrrad
1400940,400,Fahrrad
8200831,550,Damenfahrrad
7100204,679,Herrenfahrrad
11300616,399,Herrenfahrrad
8100104,474,Kinderfahrrad
4300622,3500,Herrenfahrrad
1100414,1301,Damenfahrrad
10400939,279,Kinderfahrrad
2500833,1177,Herrenfahrrad
6100209,599,Herrenfahrrad
6100102,839,Herrenfahrrad
3601451,500,Damenfahrrad
3400723,700,Damenfahrrad
3601140,390,Herrenfahrrad
1100104,500,Herrenfahrrad
2300419,1299,Herrenfahrrad
3601346,700,Damenfahrrad
2500834,819,divers
3601245,548,Damenfahrrad
7300516,320,Herrenfahrrad
2200209,189,Fahrrad
3601243,750,Herrenfahrrad
2300419,210,Herrenfahrrad
7200410,800,Herrenfahrrad
4500936,240,Damenfahrrad
10200422,299,Herrenfahrrad
6400840,762,Herrenfahrrad
2400522,240,Herrenfahrrad
3701657,350,Herrenfahrrad
8100209,350,Kinderfahrrad
8100416,995,Damenfahrrad
3400725,560,Fahrrad
7300517,1410,Herrenfahrrad
2500729,999,Herrenfahrrad
2300315,1149,Damenfahrrad
7100206,1104,Herrenfahrrad
11300619,599,Herrenfahrrad
3601453,2025,Damenfahrrad
4400835,150,Herrenfahrrad
2200213,399,Damenfahrrad
4501152,210,Herrenfahrrad
7400720,830,Damenfahrrad
11300619,290,Damenfahrrad
9100101,199,Fahrrad
3400828,400,Damenfahrrad
4300416,1,Herrenfahrrad
10100208,499,Kinderfahrrad
2400623,70,Damenfahrrad
3500935,800,Herrenfahrrad
1300835,307,Damenfahrrad
7601544,890,Herrenfahrrad
4200311,300,Herrenfahrrad
7400927,399,Herrenfahrrad
8100418,600,Damenfahrrad
11200515,475,Kinderfahrrad
9100101,600,Herrenfahrrad
1100416,899,Herrenfahrrad
11501339,1600,Herrenfahrrad
8100314,1011,Damenfahrrad
2500835,1100,Mountainbike
4501151,140,Kinderfahrrad
2200208,639,Fahrrad
9100101,550,Damenfahrrad
9100409,100,Kinderfahrrad
1100414,635,Damenfahrrad
11300725,90,Herrenfahrrad
3701555,430,Herrenfahrrad
2200211,550,Herrenfahrrad
7200411,280,Herrenfahrrad
4300621,449,Kinderfahrrad
8100417,809,Damenfahrrad
6100206,300,Damenfahrrad
6200421,1486,Damenfahrrad
4501148,1100,Damenfahrrad
3601346,599,Herrenfahrrad
8100208,472,Herrenfahrrad
2200212,1099,Herrenfahrrad
9300920,539,Herrenfahrrad
1401049,329,Fahrrad
8100311,2399,Fahrrad
4200311,742,Herrenfahrrad
1100102,750,Herrenfahrrad
3400724,532,Herrenfahrrad
3701556,120,Damenfahrrad
3300516,1149,divers
2100103,984,Herrenfahrrad
3400723,549,Damenfahrrad
1100102,2800,Fahrrad
4500939,1216,Herrenfahrrad
3601243,2200,Herrenfahrrad
7400721,120,Fahrrad
2300419,250,divers
1100311,1098,Herrenfahrrad
1300834,250,Herrenfahrrad
8100102,1000,Herrenfahrrad
7200411,350,divers
7100206,559,Herrenfahrrad
10300734,350,Damenfahrrad
8100310,400,Kinderfahrrad
7100102,800,Herrenfahrrad
9100101,180,Herrenfahrrad
11100308,488,Damenfahrrad
7100101,1,Fahrrad
7100101,299,Herrenfahrrad
4100101,600,Herrenfahrrad
8100209,200,Damenfahrrad
7501134,420,Herrenfahrrad
10200629,260,Damenfahrrad
4500937,628,Herrenfahrrad
8100416,850,Herrenfahrrad
7200410,839,Damenfahrrad
1300731,1180,Fahrrad
7400720,1500,Damenfahrrad
7100101,999,Herrenfahrrad
11200410,599,Damenfahrrad
9501838,2200,Herrenfahrrad
4400830,284,Fahrrad
5300737,96,Herrenfahrrad
2200208,220,Herrenfahrrad
3701659,150,Kinderfahrrad
2200210,288,Damenfahrrad
4501045,180,Herrenfahrrad
2300315,305,Damenfahrrad
8100417,809,Herrenfahrrad
1200625,110,Damenfahrrad
9501737,230,Herrenfahrrad
3400721,399,Herrenfahrrad
8100418,300,Herrenfahrrad
2400522,1392,Herrenfahrrad
4300414,599,Herrenfahrrad
7601545,349,Damenfahrrad
1100312,250,Damenfahrrad
1300834,999,Herrenfahrrad
4501042,402,Damenfahrrad
11400927,4800,Fahrrad
7100103,460,Damenfahrrad
1100102,900,Herrenfahrrad
3400721,2488,Damenfahrrad
10300733,2977,Herrenfahrrad
1400942,699,Damenfahrrad
2400623,682,Damenfahrrad
2200213,750,Damenfahrrad
1100103,600,Fahrrad
4501147,2659,Damenfahrrad
12200413,2710,Rennrad
3400721,400,Fahrrad
8100311,1300,Herrenfahrrad
6100102,299,Damenfahrrad
3300412,172,Damenfahrrad
10300733,774,Herrenfahrrad
2100105,200,Mountainbike
8100310,650,Mountainbike
2300316,635,Damenfahrrad
4501147,5200,Herrenfahrrad
11501341,499,Damenfahrrad
3701660,937,Herrenfahrrad
8100417,1000,Herrenfahrrad
8100104,500,Herrenfahrrad
11400929,294,Herrenfahrrad
9100203,50,Kinderfahrrad
2100102,100,Fahrrad
10100206,300,Mountainbike
3601449,238,Herrenfahrrad
10400939,599,Herrenfahrrad
2400625,406,Damenfahrrad
2300419,318,Damenfahrrad
6300526,1200,Herrenfahrrad
6400737,600,Herrenfahrrad
2200208,1519,Mountainbike
4501042,3150,Damenfahrrad
6300633,549,Kinderfahrrad
6300632,398,Fahrrad
3701658,470,Mountainbike
12400722,350,Mountainbike
10300732,196,Kinderfahrrad
10200417,60,Kinderfahrrad
2200209,3989,Herrenfahrrad
11100206,1600,Herrenfahrrad
6400735,3400,Herrenfahrrad
2300316,699,Damenfahrrad
6100208,219,Fahrrad
8200623,499,Damenfahrrad
3400830,400,Fahrrad
7400720,350,Herrenfahrrad
3601452,999,Damenfahrrad
2100106,420,Damenfahrrad
2200213,550,Damenfahrrad
1100102,688,Herrenfahrrad
1200628,2600,Herrenfahrrad
8100312,300,Damenfahrrad
2400625,400,Herrenfahrrad
11100309,900,Herrenfahrrad
4501146,850,Herrenfahrrad
9401431,1030,Herrenfahrrad
1401044,500,Mountainbike
5100316,300,Herrenfahrrad
3601244,400,Damenfahrrad
12500825,2120,divers
8100311,1000,Herrenfahrrad
4300412,3500,Damenfahrrad
2500727,400,Fahrrad
6300632,814,Damenfahrrad
8100314,500,Herrenfahrrad
7300515,999,Herrenfahrrad
7300515,849,Damenfahrrad
3601453,2350,Damenfahrrad
6200315,419,Damenfahrrad
1401048,493,Damenfahrrad
4300415,649,Herrenfahrrad
4501043,2527,Herrenfahrrad
4501040,545,Mountainbike
2300418,280,Damenfahrrad
9501838,150,Herrenfahrrad
6100101,999,Herrenfahrrad
1100104,700,Fahrrad
8100206,780,Damenfahrrad
7300517,1934,Herrenfahrrad
9401431,398,Damenfahrrad
8100206,680,Herrenfahrrad
11200513,300,Damenfahrrad
1200629,600,Rennrad
2500834,300,Fahrrad
4400835,478,divers
4501045,2799,Damenfahrrad
7300618,1199,Herrenfahrrad
11300826,700,Herrenfahrrad
11100206,599,Damenfahrrad
2200209,549,Damenfahrrad
9200510,899,Damenfahrrad
3601141,400,Herrenfahrrad
2100106,400,Damenfahrrad
7300517,400,Damenfahrrad
10300731,599,Herrenfahrrad
2200210,407,Kinderfahrrad
12200308,470,Mountainbike
7501134,470,Damenfahrrad
7400822,505,Damenfahrrad
3601450,525,Mountainbike
5100316,1070,Damenfahrrad
3601451,1234,Herrenfahrrad
9100101,214,Mountainbike
3601348,200,Herrenfahrrad
2200207,1099,Herrenfahrrad
3601244,399,Herrenfahrrad
1100311,500,Damenfahrrad
4300415,500,Damenfahrrad
9501939,586,Herrenfahrrad
8100311,400,Herrenfahrrad
10200423,300,Damenfahrrad
3500936,4000,Herrenfahrrad
1100102,3047,Damenfahrrad
1300733,250,Damenfahrrad
1100206,399,Herrenfahrrad
2200210,100,Damenfahrrad
2200208,650,Herrenfahrrad
9100101,550,Fahrrad
3500935,434,Herrenfahrrad
8100208,80,Damenfahrrad
3400827,640,Damenfahrrad
2200208,505,Herrenfahrrad
9301126,1500,Herrenfahrrad
1100309,316,Herrenfahrrad
3400725,380,Damenfahrrad
2200211,857,Damenfahrrad
9200510,2000,Fahrrad
3500933,590,Herrenfahrrad
3601348,750,Damenfahrrad
11501341,10,Damenfahrrad
4400830,1000,Fahrrad
7200413,1000,Damenfahrrad
3701657,333,Damenfahrrad
3400722,280,Damenfahrrad
4501042,1800,Herrenfahrrad
3601140,199,Damenfahrrad
4300623,950,Herrenfahrrad
8100418,120,Damenfahrrad
7300517,750,Herrenfahrrad
6300526,555,Damenfahrrad
3501038,2610,Fahrrad
3601142,927,Herrenfahrrad
1200519,70,Damenfahrrad
2400624,699,Herrenfahrrad
4200309,673,Herrenfahrrad
1200522,609,Herrenfahrrad
3701555,550,Herrenfahrrad
3200205,999,Damenfahrrad
2100103,799,Damenfahrrad
1200629,400,Herrenfahrrad
5300839,450,Herrenfahrrad
3601243,259,Herrenfahrrad
11200514,460,Damenfahrrad
8100207,1360,Herrenfahrrad
8100102,699,Damenfahrrad
6100207,200,Fahrrad
3501037,555,Damenfahrrad
12601032,500,Herrenfahrrad
1100416,405,Damenfahrrad
11300618,573,Mountainbike
2500834,399,Kinderfahrrad
1300733,656,Herrenfahrrad
4300518,536,Damenfahrrad
2200211,300,Herrenfahrrad
4501045,180,Kinderfahrrad
7100204,370,Herrenfahrrad
5100315,337,Kinderfahrrad
11200410,799,Damenfahrrad
8301036,400,Herrenfahrrad
10100103,3126,Herrenfahrrad
1100308,250,Damenfahrrad
12400723,520,Herrenfahrrad
2300419,1359,Herrenfahrrad
8301036,80,Herrenfahrrad
3601140,637,Damenfahrrad
5200423,300,Kinderfahrrad
6300632,350,divers
1401043,1233,Herrenfahrrad
2500831,500,Herrenfahrrad
12400722,1000,Mountainbike
11300722,3300,Herrenfahrrad
9200510,950,Herrenfahrrad
1100311,299,Damenfahrrad
4501153,599,Damenfahrrad
7100206,320,Herrenfahrrad
2400520,300,Herrenfahrrad
4300622,2470,Fahrrad
1100207,450,Herrenfahrrad
8200624,3500,Herrenfahrrad
7501029,799,Herrenfahrrad
12400721,799,Damenfahrrad
2200212,1684,Mountainbike
12400723,1193,Fahrrad
5200527,5800,divers
5100316,950,Herrenfahrrad
1400942,665,Herrenfahrrad
4300517,599,Damenfahrrad
4500939,600,Herrenfahrrad
4400833,398,Kinderfahrrad
2100104,1000,divers
8100311,400,Herrenfahrrad
3601347,500,Damenfahrrad
8100311,420,Damenfahrrad
5400943,400,Damenfahrrad
3701660,250,Herrenfahrrad
2500833,480,Herrenfahrrad
1300836,999,Damenfahrrad
7400824,500,Damenfahrrad
3701555,899,Damenfahrrad
7300517,299,Damenfahrrad
1200520,350,Fahrrad
9200512,500,Fahrrad
8100314,550,Fahrrad
3701556,549,Damenfahrrad
3601142,1899,Mountainbike
4501045,512,Damenfahrrad
3601347,2650,Herrenfahrrad
6400737,400,Mountainbike
5100317,270,Herrenfahrrad
1400939,400,Damenfahrrad
12200515,600,Mountainbike
9200715,700,Herrenfahrrad
9100305,1291,Herrenfahrrad
2100102,750,Mountainbike
6400842,700,Damenfahrrad
1300835,1043,Damenfahrrad
8100310,449,Damenfahrrad
2300315,599,Damenfahrrad
2400522,1049,Damenfahrrad
7100206,894,Damenfahrrad
2500834,998,Herrenfahrrad
7200413,674,Herrenfahrrad
4501151,399,Damenfahrrad
5300839,1483,divers
12601134,499,Herrenfahrrad
8100417,2900,Damenfahrrad
8100311,420,Damenfahrrad
1300836,450,Herrenfahrrad
2300419,1969,Fahrrad
8100102,700,Damenfahrrad
3400620,700,Herrenfahrrad
9100305,1000,Herrenfahrrad
7100103,300,Damenfahrrad
1100416,600,Herrenfahrrad
11200515,498,Herrenfahrrad
2100101,760,Herrenfahrrad
7400823,1692,Damenfahrrad
7100102,539,Damenfahrrad
1100207,574,Damenfahrrad
4300415,392,Herrenfahrrad
2300315,506,Herrenfahrrad
5200421,185,Mountainbike
10200627,400,Mountainbike
3601347,1099,Herrenfahrrad
3601244,370,Herrenfahrrad
3100103,375,Fahrrad
1200625,799,Herrenfahrrad
4501045,398,Damenfahrrad
2200210,490,Fahrrad
2400625,389,Herrenfahrrad
10300734,498,Herrenfahrrad
1300733,430,Damenfahrrad
2500728,180,Damenfahrrad
3500933,544,Damenfahrrad
3400827,0,Herrenfahrrad
1200519,80,Herrenfahrrad
8100101,699,Herrenfahrrad
1100104,500,Herrenfahrrad
11300618,1388,Damenfahrrad
7100101,700,Mountainbike
9200716,600,Herrenfahrrad
3500934,510,Herrenfahrrad
7601545,349,Fahrrad
4501148,999,Herrenfahrrad
1100206,1000,Mountainbike
4501149,570,Damenfahrrad
2400625,600,Damenfahrrad
2100103,80,Damenfahrrad
2500728,599,Damenfahrrad
8300935,450,Fahrrad
3400826,925,Damenfahrrad
9501941,1099,Herrenfahrrad
7200409,650,Herrenfahrrad
12500927,464,divers
4300517,450,Damenfahrrad
9301025,499,Fahrrad
7400927,429,Herrenfahrrad
4501148,500,Herrenfahrrad
8100418,500,Damenfahrrad
1100313,1060,Herrenfahrrad
6400735,1916,Fahrrad
2300419,800,Fahrrad
11100205,350,Herrenfahrrad
6100208,3000,Herrenfahrrad
4300623,500,Fahrrad
11501339,550,Herrenfahrrad
4501152,799,Herrenfahrrad
1100416,600,Herrenfahrrad
11501339,300,Mountainbike
7100206,1100,Herrenfahrrad
8401244,120,Herrenfahrrad
8100314,800,Herrenfahrrad
6300632,570,Herrenfahrrad
4300624,800,Damenfahrrad
11400929,700,Herrenfahrrad
11400929,600,Fahrrad
8200725,2100,divers
10100104,300,Kinderfahrrad
1200519,573,Herrenfahrrad
3100101,200,Damenfahrrad
9501941,500,Herrenfahrrad
3300411,299,Herrenfahrrad
3601142,767,Herrenfahrrad
3701556,0,Damenfahrrad
8100419,450,Damenfahrrad
2200213,110,Kinderfahrrad
9301024,1998,Herrenfahrrad
1200519,635,Damenfahrrad
2300315,914,Herrenfahrrad
1100101,1170,Herrenfahrrad
3400725,549,Herrenfahrrad
11300722,600,Damenfahrrad
2300419,1,Damenfahrrad
8200831,630,Damenfahrrad
4300414,3500,Damenfahrrad
2500833,2962,Herrenfahrrad
4501147,825,Damenfahrrad
1300835,499,Damenfahrrad
3601452,769,Herrenfahrrad
6400842,809,Herrenfahrrad
9501737,1250,Herrenfahrrad
9501736,569,Herrenfahrrad
2500729,280,Damenfahrrad
3601451,2800,Herrenfahrrad
11300725,2000,Herrenfahrrad
3400831,899,Herrenfahrrad
5200420,333,Damenfahrrad
6400737,1689,Herrenfahrrad
1100416,800,Damenfahrrad
3601142,250,Herrenfahrrad
12400720,1099,Herrenfahrrad
8100310,700,Herrenfahrrad
3601346,788,Damenfahrrad
2500727,3000,Fahrrad
3200206,600,Herrenfahrrad
3601347,1244,Herrenfahrrad
9200818,392,Damenfahrrad
11100309,320,Mountainbike
10100209,1200,Herrenfahrrad
7100101,1200,Herrenfahrrad
9501736,1316,Herrenfahrrad
2200211,1919,Damenfahrrad
11501339,1129,Herrenfahrrad
3601348,950,Herrenfahrrad
1100308,848,Damenfahrrad
4500939,2899,Mountainbike
10200420,757,Herrenfahrrad
4501041,700,Damenfahrrad
3601346,586,Herrenfahrrad
4501150,549,Herrenfahrrad
2200207,500,Herrenfahrrad
9200716,330,Damenfahrrad
3300411,450,Damenfahrrad
10100104,239,Damenfahrrad
8100102,600,Fahrrad
4300623,1299,Fahrrad
3601141,500,Rennrad
2200209,1119,Herrenfahrrad
3601140,300,Herrenfahrrad
6100103,300,Herrenfahrrad
4200311,150,Herrenfahrrad
6400737,1000,Herrenfahrrad
9100408,2792,Damenfahrrad
2200208,600,Fahrrad
4200309,2325,Damenfahrrad
2200210,280,Herrenfahrrad
9200510,2499,Fahrrad
2500728,199,Damenfahrrad
7100102,1000,Herrenfahrrad
3601452,554,Herrenfahrrad
11300618,899,Herrenfahrrad
4200311,1200,Damenfahrrad
6100208,600,Damenfahrrad
10400938,50,Kinderfahrrad
3701556,2900,Damenfahrrad
9200715,1256,Herrenfahrrad
1100312,760,Herrenfahrrad
3400829,400,Damenfahrrad
9501940,1075,Damenfahrrad
7601544,600,Herrenfahrrad
4200310,554,Herrenfahrrad
4200311,715,Damenfahrrad
3400722,399,Kinderfahrrad
1300835,699,Damenfahrrad
3200207,250,Damenfahrrad
10400836,586,Damenfahrrad
4501044,338,Kinderfahrrad
3200206,473,Kinderfahrrad
2400521,585,Damenfahrrad
10200630,734,Herrenfahrrad
1200628,300,Herrenfahrrad
1100308,1184,Herrenfahrrad
6400838,799,Damenfahrrad
11501340,906,Herrenfahrrad
9501941,1148,Damenfahrrad
3400723,350,Herrenfahrrad
8100102,300,Damenfahrrad
3601451,498,Fahrrad
9200819,1000,divers
2400520,899,Herrenfahrrad
9200510,3600,Damenfahrrad
1200522,349,Fahrrad
7300619,809,Damenfahrrad
8100206,761,Fahrrad
9100101,780,Herrenfahrrad
4300621,234,Herrenfahrrad
3701660,798,Damenfahrrad
1200522,499,Herrenfahrrad
7100205,650,Fahrrad
3200309,534,Damenfahrrad
2400624,1200,Herrenfahrrad
11300722,570,Damenfahrrad
4200309,786,Damenfahrrad
8100314,490,Damenfahrrad
9100407,300,Herrenfahrrad
9501736,470,Herrenfahrrad
1200522,485,Damenfahrrad
4501040,899,Herrenfahrrad
1401049,784,Herrenfahrrad
2500833,800,Herrenfahrrad
7100205,352,Herrenfahrrad
1401048,900,Herrenfahrrad
9200511,338,Damenfahrrad
8200622,450,Damenfahrrad
3500935,498,Kinderfahrrad
3601452,3200,Fahrrad
2500834,1211,Herrenfahrrad
1300733,399,Damenfahrrad
1100308,1680,Herrenfahrrad
11100309,300,Kinderfahrrad
8100314,1500,Fahrrad
7100204,400,Herrenfahrrad
12200412,900,Fahrrad
2300315,180,Herrenfahrrad
3400724,2178,divers
1200626,328,Mountainbike
3400722,699,Herrenfahrrad
3100103,597,Herrenfahrrad
12200307,4608,Damenfahrrad
4500937,630,Herrenfahrrad
2300419,1600,Herrenfahrrad
12100204,354,Herrenfahrrad
6100209,250,Damenfahrrad
1100104,795,Herrenfahrrad
2300417,500,Fahrrad
1100416,100,Kinderfahrrad
2200213,498,Damenfahrrad
11300724,500,Fahrrad
9200613,2070,Damenfahrrad
1300834,450,Herrenfahrrad
1100416,570,Kinderfahrrad
10200526,350,Damenfahrrad
9301024,1770,Damenfahrrad
7200308,250,Damenfahrrad
3601451,300,Damenfahrrad
3701659,1039,Herrenfahrrad
2200210,349,Damenfahrrad
7100101,0,Herrenfahrrad
7100101,1,Fahrrad
6200313,401,Herrenfahrrad
1100312,300,Fahrrad
3400827,575,Herrenfahrrad
7200413,2,Herrenfahrrad
6200315,848,Herrenfahrrad
9502043,618,Herrenfahrrad
2200210,1840,Damenfahrrad
2500833,600,Mountainbike
3701658,1499,Herrenfahrrad
7400721,150,Damenfahrrad
3500935,300,Kinderfahrrad
8300935,300,Damenfahrrad
3300514,500,Herrenfahrrad
1300835,650,Damenfahrrad
2300314,460,Herrenfahrrad
1100309,905,Herrenfahrrad
11501339,1020,Herrenfahrrad
12400618,1,Damenfahrrad
4300414,250,Herrenfahrrad
1100103,1063,Mountainbike
2100103,700,Herrenfahrrad
2400624,2500,Herrenfahrrad
2200209,348,Kinderfahrrad
2500729,735,Fahrrad
2500726,100,Damenfahrrad
5200420,4280,Mountainbike
3400721,300,Herrenfahrrad
11501339,2700,Damenfahrrad
3400723,200,Fahrrad
1100311,800,Damenfahrrad
2300419,298,Damenfahrrad
2300315,450,Damenfahrrad
2300417,1,Damenfahrrad
11401137,350,Damenfahrrad
2200212,450,Fahrrad
2200213,999,Damenfahrrad
3400721,2800,Herrenfahrrad
8100416,675,Herrenfahrrad
10300732,399,Fahrrad
8100208,220,Herrenfahrrad
9501940,584,Mountainbike
6300633,859,Damenfahrrad
1401046,1039,Herrenfahrrad
11200515,635,Damenfahrrad
1100308,1800,Herrenfahrrad
5200629,650,Damenfahrrad
6200314,350,Damenfahrrad
7100101,1000,Fahrrad
8100312,299,Damenfahrrad
5300737,299,Damenfahrrad
11501340,326,Kinderfahrrad
8100311,312,Herrenfahrrad
3701659,515,Damenfahrrad
2200207,250,Damenfahrrad
7300619,600,Herrenfahrrad
9200819,2000,Herrenfahrrad
9501939,2799,Fahrrad
12200515,599,Herrenfahrrad
4501044,1400,Herrenfahrrad
2500830,1399,Herrenfahrrad
7200409,700,Rennrad
4300623,500,Herrenfahrrad
12100102,1072,Herrenfahrrad
2500835,900,Fahrrad
3400829,599,Damenfahrrad
9200715,2000,Herrenfahrrad
6400737,300,Damenfahrrad
3400721,445,Damenfahrrad
12601133,394,Herrenfahrrad
8100416,199,Damenfahrrad
3300516,199,Herrenfahrrad
2200213,100,Herrenfahrrad
1100104,1,divers
4300416,426,Fahrrad
1100311,600,Herrenfahrrad
1300836,50,Damenfahrrad
2300419,150,Damenfahrrad
4501045,699,Herrenfahrrad
8100416,200,Herrenfahrrad
2500835,252,Herrenfahrrad
1200624,550,Herrenfahrrad
1100103,200,Herrenfahrrad
11400927,240,Herrenfahrrad
2500728,1150,Herrenfahrrad
9200715,599,Mountainbike
1100207,2240,Damenfahrrad
7300517,750,Damenfahrrad
5300840,399,Damenfahrrad
1100310,150,Fahrrad
3601451,700,Rennrad
2400625,1200,Herrenfahrrad
3701660,400,Fahrrad
3601243,400,Herrenfahrrad
3200206,600,Herrenfahrrad
3500933,1698,Fahrrad
9301126,750,Damenfahrrad
3400725,200,Damenfahrrad
10200422,480,Herrenfahrrad
3200309,2064,Fahrrad
9100202,300,Herrenfahrrad
7100102,2000,Fahrrad
7100206,2533,Herrenfahrrad
1100102,599,Herrenfahrrad
9501737,8449,Herrenfahrrad
2500729,500,Herrenfahrrad
2500726,740,Herrenfahrrad
2500726,2200,Fahrrad
6300526,1350,Fahrrad
4200309,715,Damenfahrrad
7200414,1282,Damenfahrrad
4200207,700,Herrenfahrrad
2500726,500,Herrenfahrrad
4300622,2853,Damenfahrrad
1300731,250,Damenfahrrad
8100310,1199,Fahrrad
8401243,1000,Damenfahrrad
2300419,110,Kinderfahrrad
1200518,1000,Herrenfahrrad
2200207,714,Herrenfahrrad
2500728,3449,Herrenfahrrad
6400737,199,Herrenfahrrad
1300733,350,Herrenfahrrad
12400618,599,Herrenfahrrad
3601140,850,Herrenfahrrad
11300722,600,Damenfahrrad
2300417,580,Damenfahrrad
4400834,1360,Herrenfahrrad
6400736,700,Herrenfahrrad
11100102,130,Kinderfahrrad
8100415,640,Herrenfahrrad
8100206,1084,Herrenfahrrad
9401534,324,Damenfahrrad
8100206,610,Herrenfahrrad
3601244,340,Herrenfahrrad
1200521,1000,Herrenfahrrad
2400521,1431,Herrenfahrrad
5200527,150,Damenfahrrad
4300413,1438,Damenfahrrad
7601547,100,Herrenfahrrad
3400830,180,Herrenfahrrad
9501941,1060,Herrenfahrrad
1100206,2500,Herrenfahrrad
2100106,780,Damenfahrrad
2200213,2000,Herrenfahrrad
2300419,5000,Herrenfahrrad
3601451,688,Herrenfahrrad
4501045,2000,Damenfahrrad
4501043,650,Mountainbike
2400522,3500,Herrenfahrrad
7200412,999,Herrenfahrrad
7601547,180,Herrenfahrrad
10300734,600,Damenfahrrad
7200308,100,Damenfahrrad
9501941,900,Fahrrad
5100315,599,Damenfahrrad
10400939,570,Herrenfahrrad
3601450,999,Mountainbike
4501042,798,Herrenfahrrad
6100101,400,Kinderfahrrad
3400723,669,Herrenfahrrad
4500937,800,Herrenfahrrad
7400720,200,Herrenfahrrad
1100415,300,Damenfahrrad
3601453,1572,Herrenfahrrad
3701555,317,Damenfahrrad
1300835,200,Kinderfahrrad
9200715,550,Damenfahrrad
4300623,399,Damenfahrrad
1400942,1016,Herrenfahrrad
2400625,325,Rennrad
4501149,250,Mountainbike
6200422,544,Mountainbike
3701659,500,Damenfahrrad
6300633,624,Damenfahrrad
6100102,719,Herrenfahrrad
1401045,799,Damenfahrrad
9501737,300,Fahrrad
1100207,1341,Herrenfahrrad
2400624,280,Kinderfahrrad
8100209,150,Herrenfahrrad
4300623,1110,Herrenfahrrad
4500938,1650,Herrenfahrrad
2500834,55,Damenfahrrad
11400927,600,Damenfahrrad
11400929,150,Kinderfahrrad
7200409,604,Damenfahrrad
10300731,650,Herrenfahrrad
11400929,349,Kinderfahrrad
2400521,260,Herrenfahrrad
3701659,150,Damenfahrrad
3400826,850,Herrenfahrrad
2200208,789,Herrenfahrrad
3500935,600,Damenfahrrad
7100103,150,Fahrrad
3400725,269,Herrenfahrrad
3701660,800,Herrenfahrrad
2200209,566,Herrenfahrrad
9502042,455,Fahrrad
6100209,398,Herrenfahrrad
3500935,350,Herrenfahrrad
1100309,1150,Herrenfahrrad
10300733,554,Herrenfahrrad
1100416,560,Kinderfahrrad
3601245,450,Mountainbike
8100314,884,Damenfahrrad
8100416,899,Herrenfahrrad
3601245,3237,Herrenfahrrad
8100103,350,Rennrad
1200517,90,Damenfahrrad
6200317,399,Damenfahrrad
3601347,250,Fahrrad
8100310,175,Damenfahrrad
1200522,400,Damenfahrrad
1200522,672,Fahrrad
9200613,100,Herrenfahrrad
3500936,450,Kinderfahrrad
1300835,150,Fahrrad
3200309,633,Mountainbike
2500833,400,Fahrrad
4300517,840,Damenfahrrad
4501041,490,Kinderfahrrad
2200210,180,Fahrrad
3601141,558,Herrenfahrrad
9301025,299,Herrenfahrrad
3300413,400,Damenfahrrad
2500835,150,Herrenfahrrad
2400624,941,Herrenfahrrad
3400723,412,Herrenfahrrad
12500930,600,divers
1200626,600,Herrenfahrrad
3400828,568,Kinderfahrrad
6400844,779,Herrenfahrrad
11100206,3455,Damenfahrrad
10400836,618,Damenfahrrad
8100208,300,Herrenfahrrad
6100209,456,Fahrrad
4400830,580,Damenfahrrad
3500934,800,Fahrrad
4300414,679,Damenfahrrad
3701660,3709,Damenfahrrad
7200411,950,Herrenfahrrad
5300737,348,Damenfahrrad
4200310,658,Herrenfahrrad
4500936,600,Fahrrad
10100312,3500,Fahrrad
9501736,360,Damenfahrrad
9100101,1200,Herrenfahrrad
3601451,450,Herrenfahrrad
1100309,2998,Herrenfahrrad
4501042,244,Damenfahrrad
11300725,498,Kinderfahrrad
6300633,652,Herrenfahrrad
4501043,2119,Herrenfahrrad
9501939,1300,Herrenfahrrad
4300415,439,Herrenfahrrad
8401139,1333,Herrenfahrrad
4400835,1200,Herrenfahrrad
4300620,219,Damenfahrrad
8100103,400,Rennrad
1100309,110,Damenfahrrad
10300733,950,Damenfahrrad
8301037,50,Damenfahrrad
9100101,700,Mountainbike
3400724,1000,Mountainbike
2300419,450,Herrenfahrrad
2400521,900,Damenfahrrad
1401044,400,Herrenfahrrad
7400720,430,Herrenfahrrad
4300621,999,Herrenfahrrad
11200513,1170,Herrenfahrrad
12400722,450,Fahrrad
2300419,845,Damenfahrrad
10400939,400,Herrenfahrrad
1100313,305,Herrenfahrrad
3601140,100,Herrenfahrrad
11200514,240,Herrenfahrrad
5100315,429,Herrenfahrrad
8401246,300,Herrenfahrrad
5300840,200,Herrenfahrrad
1100309,750,Herrenfahrrad
2200213,500,Herrenfahrrad
4500936,500,Damenfahrrad
9100101,661,Damenfahrrad
5300737,650,Herrenfahrrad
7100102,874,Herrenfahrrad
3300412,850,Herrenfahrrad
1100103,465,Damenfahrrad
6200422,599,Damenfahrrad
7100101,350,Fahrrad
8200727,0,Mountainbike
2100106,500,Fahrrad
10300734,350,Herrenfahrrad
7400721,20,Herrenfahrrad
7100101,900,Herrenfahrrad
3601142,700,Herrenfahrrad
3601347,899,Herrenfahrrad
4501147,599,Damenfahrrad
5100208,449,Herrenfahrrad
1100103,235,Herrenfahrrad
2200213,550,Herrenfahrrad
6100208,480,Damenfahrrad
12500926,599,Damenfahrrad
5200630,472,Damenfahrrad
1200623,499,Damenfahrrad
6100102,4800,Fahrrad
6300526,499,Herrenfahrrad
3601243,1686,Fahrrad
11300826,1163,Damenfahrrad
6400841,1200,Damenfahrrad
1100308,699,Herrenfahrrad
8100102,456,Damenfahrrad
2200213,700,Damenfahrrad
7100205,900,Herrenfahrrad
8100311,300,Herrenfahrrad
9200715,535,Herrenfahrrad
9100101,2465,Fahrrad
10100101,407,Herrenfahrrad
6400841,800,Damenfahrrad
8200725,300,Damenfahrrad
8100415,1080,Herrenfahrrad
3501038,401,Damenfahrrad
3601347,1689,Herrenfahrrad
7100101,2200,Herrenfahrrad
3601244,700,Fahrrad
3300411,599,Herrenfahrrad
11200514,350,Herrenfahrrad
3601244,661,Herrenfahrrad
2200211,400,Herrenfahrrad
4300623,1014,Herrenfahrrad
9501941,399,Herrenfahrrad
4300622,3350,Herrenfahrrad
2100104,1846,Herrenfahrrad
12400722,500,Fahrrad
7200308,999,Damenfahrrad
12400722,2178,divers
3400723,489,Herrenfahrrad
7400927,1050,divers
9200818,774,Damenfahrrad
3601245,899,Herrenfahrrad
5300839,269,Damenfahrrad
4501040,5300,Herrenfahrrad
6200420,250,Mountainbike
2300314,600,Herrenfahrrad
2500831,520,Damenfahrrad
2500831,849,Herrenfahrrad
1300834,526,Kinderfahrrad
3400828,250,Damenfahrrad
3601243,2849,Fahrrad
1100102,1000,Damenfahrrad
6200316,1337,Herrenfahrrad
3601449,320,Damenfahrrad
2200211,530,Fahrrad
4300624,1500,Herrenfahrrad
9200512,2999,Herrenfahrrad
12200309,180,Mountainbike
4200309,1250,Herrenfahrrad
9301025,398,Mountainbike
5100316,440,Damenfahrrad
8100207,500,Damenfahrrad
1100312,265,Fahrrad
2300418,620,Kinderfahrrad
3601142,200,Kinderfahrrad
1100309,3050,Herrenfahrrad
12200413,1250,Herrenfahrrad
6300528,3299,Damenfahrrad
11300619,222,Fahrrad
3601142,900,Herrenfahrrad
8100103,649,Herrenfahrrad
6200420,2630,Herrenfahrrad
6100210,879,Herrenfahrrad
1300731,915,Herrenfahrrad
5100105,279,Damenfahrrad
3400830,519,Fahrrad
9200717,3150,Herrenfahrrad
6300634,519,Damenfahrrad
2200208,854,Herrenfahrrad
9200717,2050,Damenfahrrad
3701660,600,Herrenfahrrad
4501040,2538,Fahrrad
6300634,688,Damenfahrrad
10100101,208,Damenfahrrad
8100312,50,Fahrrad
2100101,794,Damenfahrrad
3400826,95,Damenfahrrad
2500728,1299,Herrenfahrrad
6300526,350,Herrenfahrrad
12200515,450,Damenfahrrad
3701554,3500,Herrenfahrrad
12400618,290,Damenfahrrad
4300623,219,Damenfahrrad
5300839,799,Herrenfahrrad
2200210,680,Damenfahrrad
4200207,444,Damenfahrrad
1200626,930,Herrenfahrrad
4501045,799,Herrenfahrrad
8200728,999,Mountainbike
4500936,330,Herrenfahrrad
2200208,790,Damenfahrrad
8100101,1200,Herrenfahrrad
7400825,320,Herrenfahrrad
1200626,952,Herrenfahrrad
11300725,200,Damenfahrrad
3701554,1250,Herrenfahrrad
4400834,1200,Herrenfahrrad
12400616,530,Herrenfahrrad
9501736,1700,Herrenfahrrad
10400836,499,Herrenfahrrad
4300621,799,Damenfahrrad
10300733,2000,Herrenfahrrad
6300528,1700,Herrenfahrrad
3500933,300,Herrenfahrrad
3300514,323,Kinderfahrrad
6100210,570,Mountainbike
6400737,400,Herrenfahrrad
1401044,706,Herrenfahrrad
1300834,1500,Herrenfahrrad
11300619,2100,Mountainbike
2500833,500,Kinderfahrrad
5200629,739,Herrenfahrrad
1200519,709,Herrenfahrrad
4501153,174,Herrenfahrrad
11200410,900,Damenfahrrad
2200208,799,Damenfahrrad
6200313,400,Fahrrad
8100312,400,Damenfahrrad
11501341,229,Damenfahrrad
11400927,388,Kinderfahrrad
8100419,255,Herrenfahrrad
5300736,250,Herrenfahrrad
4500937,550,Mountainbike
2500833,1272,Damenfahrrad
9401329,777,Damenfahrrad
3601245,500,Damenfahrrad
6100205,499,Damenfahrrad
10400836,1960,Damenfahrrad
3601243,180,Herrenfahrrad
4500937,1169,Damenfahrrad
7501032,500,Herrenfahrrad
3200207,437,Damenfahrrad
3400827,1158,Damenfahrrad
6100205,500,Kinderfahrrad
2400521,299,Herrenfahrrad
8100417,400,Herrenfahrrad
3300412,299,Fahrrad
1100313,400,Herrenfahrrad
4501147,957,Damenfahrrad
7601544,2319,Damenfahrrad
4300619,598,Damenfahrrad
1100206,499,Damenfahrrad
3601243,320,Herrenfahrrad
11401032,350,Herrenfahrrad
8100311,500,divers
4300517,650,Herrenfahrrad
5200629,429,Damenfahrrad
11300721,347,Fahrrad
10100101,500,Mountainbike
6100210,600,Herrenfahrrad
9501736,900,Herrenfahrrad
3701658,1899,Damenfahrrad
2400521,600,Damenfahrrad
1100416,800,Damenfahrrad
7100206,500,Herrenfahrrad
1100415,177,Kinderfahrrad
3400830,620,Herrenfahrrad
11200512,420,Kinderfahrrad
1100309,700,Herrenfahrrad
3400722,2350,Damenfahrrad
9100203,788,Damenfahrrad
8100313,4499,Damenfahrrad
10100103,335,Herrenfahrrad
1100308,700,Damenfahrrad
9100306,365,divers
11501341,599,Damenfahrrad
1100102,1479,Herrenfahrrad
8200727,2399,Herrenfahrrad
1100101,750,Herrenfahrrad
8200623,399,Kinderfahrrad
3200207,417,Damenfahrrad
11200512,700,Damenfahrrad
1401043,250,Rennrad
6200316,250,Herrenfahrrad
8200730,229,Herrenfahrrad
2200211,442,Herrenfahrrad
7400927,442,Damenfahrrad
2200210,2374,Fahrrad
6100205,150,Kinderfahrrad
11300722,599,Herrenfahrrad
9200511,739,Herrenfahrrad
3701660,1899,Herrenfahrrad
4300619,1620,Herrenfahrrad
7601546,450,Fahrrad
6300631,4084,Herrenfahrrad
2100104,360,Damenfahrrad
3601245,748,Mountainbike
6400737,999,Herrenfahrrad
2300314,200,Fahrrad
2100102,500,Damenfahrrad
1401045,699,Damenfahrrad
1200626,550,Herrenfahrrad
6400842,700,Herrenfahrrad
4300619,800,Damenfahrrad
2400520,250,Damenfahrrad
8100418,328,Damenfahrrad
8100418,328,Damenfahrrad
4400834,120,Fahrrad
6300631,599,Herrenfahrrad
3601142,840,Herrenfahrrad
1200629,302,Damenfahrrad
9200715,450,Damenfahrrad
9100101,1500,Herrenfahrrad
9100101,1128,Herrenfahrrad
2100104,771,Herrenfahrrad
1300836,566,Herrenfahrrad
3701660,699,Damenfahrrad
9200613,567,Herrenfahrrad
2200210,479,Fahrrad
7200411,1263,Damenfahrrad
1100310,50,Mountainbike
7100101,598,Herrenfahrrad
4300620,299,Damenfahrrad
1200520,840,Herrenfahrrad
2300417,530,Damenfahrrad
9200511,2000,Herrenfahrrad
6200314,2100,Damenfahrrad
3701554,1129,Herrenfahrrad
8100104,700,Herrenfahrrad
1100206,3300,Fahrrad
10400835,500,Damenfahrrad
12601134,600,Herrenfahrrad
12200413,600,Damenfahrrad
12601133,419,Mountainbike
4400835,700,Mountainbike
1401046,649,Damenfahrrad
12601032,500,Herrenfahrrad
8100104,1,Fahrrad
11200513,350,Herrenfahrrad
9100101,655,Herrenfahrrad
8200727,1700,Herrenfahrrad
3400620,599,Herrenfahrrad
9100203,999,Herrenfahrrad
1100310,1480,Fahrrad
6300526,749,Herrenfahrrad
9100101,350,Damenfahrrad
1401048,150,Damenfahrrad
4300624,4700,Fahrrad
4300415,299,Damenfahrrad
9301126,1000,divers
4300621,399,Herrenfahrrad
8100311,400,Kinderfahrrad
8100310,800,Damenfahrrad
11401136,970,Damenfahrrad
8100207,574,Damenfahrrad
1200625,2199,Damenfahrrad
4300414,7,Damenfahrrad
4300619,900,Herrenfahrrad
2300314,360,Damenfahrrad
4200311,399,Herrenfahrrad
4300623,345,Damenfahrrad
8100312,560,Damenfahrrad
2400520,500,Herrenfahrrad
3701556,95,Fahrrad
4300623,218,Herrenfahrrad
3601243,350,Herrenfahrrad
1100309,350,Herrenfahrrad
7300517,1990,divers
10300731,240,Damenfahrrad
1100312,3613,divers
7400824,350,Herrenfahrrad
11501340,2000,Damenfahrrad
11200410,720,Herrenfahrrad
12200309,280,Damenfahrrad
12200308,299,Herrenfahrrad
12500824,999,Herrenfahrrad
11401034,465,Damenfahrrad
4300620,170,Herrenfahrrad
4501152,2500,Damenfahrrad
6400735,2290,Damenfahrrad
4300623,639,Herrenfahrrad
9100101,1024,Herrenfahrrad
1100206,2000,Herrenfahrrad
1100313,438,Mountainbike
3300412,450,Herrenfahrrad
2400624,649,Damenfahrrad
3701556,897,Fahrrad
4501151,200,Damenfahrrad
3701556,120,Damenfahrrad
9200818,450,Damenfahrrad
6300634,612,Damenfahrrad
6400842,650,Herrenfahrrad
11501340,441,Damenfahrrad
9501838,1035,Fahrrad
4300518,2100,Herrenfahrrad
7300516,484,Herrenfahrrad
2400625,598,Herrenfahrrad
9100101,894,Fahrrad
12400722,899,Rennrad
4300621,317,Damenfahrrad
3701556,475,Herrenfahrrad
1100416,700,Damenfahrrad
7100102,140,Herrenfahrrad
8100417,664,Herrenfahrrad
9501939,1100,Herrenfahrrad
2500831,1000,Herrenfahrrad
12601133,750,Damenfahrrad
2400623,720,Herrenfahrrad
2300419,485,Damenfahrrad
4300621,1,Herrenfahrrad
10100207,330,Herrenfahrrad
1100309,796,Fahrrad
11400929,700,Damenfahrrad
3701554,210,Herrenfahrrad
3601347,529,Mountainbike
3400827,650,divers
11200514,200,Damenfahrrad
9100101,679,Herrenfahrrad
8401243,530,Herrenfahrrad
4500939,1175,Herrenfahrrad
11300725,279,Damenfahrrad
8100314,699,Damenfahrrad
9100305,1000,Herrenfahrrad
7200308,250,Damenfahrrad
3601142,2999,Herrenfahrrad
3501038,851,Damenfahrrad
11300618,399,Herrenfahrrad
4200308,325,Damenfahrrad
3300412,849,Herrenfahrrad
3601243,398,Herrenfahrrad
2300419,400,Fahrrad
12500930,1200,Rennrad
7200412,700,Herrenfahrrad
7200414,699,Herrenfahrrad
6100101,2750,Herrenfahrrad
8100418,330,Herrenfahrrad
3701660,1264,divers
2300316,3000,Herrenfahrrad
2300315,495,Herrenfahrrad
7400927,655,Damenfahrrad
2500835,1808,Herrenfahrrad
1100414,500,Damenfahrrad
4400830,3300,Herrenfahrrad
5200527,1,Damenfahrrad
6400840,2111,Damenfahrrad
7200308,1400,Fahrrad
9501737,486,Herrenfahrrad
2200209,1000,Herrenfahrrad
7200308,300,Rennrad
12100102,700,Herrenfahrrad
8100206,900,Herrenfahrrad
9100407,3599,Herrenfahrrad
2500832,950,Herrenfahrrad
4501152,1030,Herrenfahrrad
3601243,1008,Damenfahrrad
7200413,400,Damenfahrrad
12100103,399,Damenfahrrad
1300834,1,Fahrrad
1100101,800,Herrenfahrrad
1100102,290,Herrenfahrrad
7501031,849,Herrenfahrrad
6100103,774,Damenfahrrad
11501341,930,Fahrrad
8100102,1399,Herrenfahrrad
1200522,1234,Herrenfahrrad
6200313,278,Herrenfahrrad
3701554,500,Herrenfahrrad
6100209,280,Herrenfahrrad
7400824,2500,Fahrrad
2100101,820,Damenfahrrad
9200613,50,Damenfahrrad
8100312,675,Fahrrad
6400838,834,Herrenfahrrad
7601544,360,Damenfahrrad
4300414,299,Damenfahrrad
4400833,630,Herrenfahrrad
1300835,260,Fahrrad
8200727,180,Herrenfahrrad
3400826,650,Damenfahrrad
3400827,660,Herrenfahrrad
1401043,275,Herrenfahrrad
5100103,700,Herrenfahrrad
2400624,3500,Herrenfahrrad
11501341,500,Damenfahrrad
2500836,1000,Damenfahrrad
9502043,4999,Fahrrad
6400840,600,Damenfahrrad
10300731,713,Herrenfahrrad
12601134,320,Damenfahrrad
7200413,1369,divers
1300834,290,divers
5300839,219,Herrenfahrrad
2200212,299,Damenfahrrad
1300834,886,Fahrrad
10100102,50,Kinderfahrrad
8100311,1600,Herrenfahrrad
8200726,900,Damenfahrrad
7400720,800,Damenfahrrad
7300515,1000,Damenfahrrad
1100309,1499,Herrenfahrrad
8100102,1884,divers
2200212,700,Mountainbike
2100104,400,Damenfahrrad
10400941,499,Mountainbike
9401329,474,Mountainbike
3701660,514,Herrenfahrrad
7200411,580,Damenfahrrad
2100101,2000,Herrenfahrrad
4300619,860,Damenfahrrad
9200819,1999,Herrenfahrrad
7200413,700,Herrenfahrrad
11400928,460,Herrenfahrrad
2500832,800,Rennrad
9100408,850,Damenfahrrad
1100101,520,Herrenfahrrad
1100312,520,Damenfahrrad
1100101,3100,Herrenfahrrad
12400618,500,divers
10300734,798,Damenfahrrad
3601244,1,Mountainbike
4501152,850,Damenfahrrad
3501038,580,Damenfahrrad
3400827,555,Fahrrad
4501045,940,Damenfahrrad
2500726,500,Fahrrad
2400624,479,Damenfahrrad
9300920,200,Herrenfahrrad
3701660,240,Kinderfahrrad
1100308,849,Herrenfahrrad
1100308,999,Damenfahrrad
9100202,837,Damenfahrrad
9100101,2246,Herrenfahrrad
7501133,600,Fahrrad
8100415,563,Herrenfahrrad
3400725,1100,Herrenfahrrad
6300633,499,Mountainbike
3500934,180,Fahrrad
1200519,500,Damenfahrrad
7200411,1883,divers
3601348,1100,Damenfahrrad
2300419,1059,Herrenfahrrad
7200413,1238,Damenfahrrad
9100101,2700,Damenfahrrad
12500926,868,Herrenfahrrad
8100310,1148,Damenfahrrad
8100102,600,Herrenfahrrad
11200512,1800,Herrenfahrrad
4400834,480,Damenfahrrad
3200206,614,Herrenfahrrad
2200210,2969,Herrenfahrrad
2300419,1279,Herrenfahrrad
2500832,2769,Damenfahrrad
6100206,3990,Damenfahrrad
6100204,1646,Herrenfahrrad
2500834,813,Herrenfahrrad
1100312,1125,Damenfahrrad
11200411,1700,Herrenfahrrad
9300920,400,Fahrrad
1100102,650,Damenfahrrad
6100102,2222,Damenfahrrad
5300841,599,Herrenfahrrad
12500926,150,Mountainbike
1100102,749,Herrenfahrrad
3601449,200,Damenfahrrad
1200628,1500,Herrenfahrrad
3601451,324,Herrenfahrrad
3400723,558,Herrenfahrrad
9100101,1056,Herrenfahrrad
1100308,750,Herrenfahrrad
11200514,170,Kinderfahrrad
11100206,50,Herrenfahrrad
2500834,500,Herrenfahrrad
4501153,1021,Herrenfahrrad
4300622,449,Damenfahrrad
7400721,1449,Herrenfahrrad
1100309,950,Herrenfahrrad
4501045,280,Herrenfahrrad
9100101,440,Fahrrad
3500936,150,Herrenfahrrad
9100101,383,Damenfahrrad
4501045,560,Herrenfahrrad
4501043,1028,Herrenfahrrad
3400827,599,Herrenfahrrad
1100309,843,Damenfahrrad
2200211,470,Damenfahrrad
2300419,985,Herrenfahrrad
3601346,210,Herrenfahrrad
10100313,350,Damenfahrrad
2300314,322,Damenfahrrad
4300413,2089,Herrenfahrrad
4300623,905,Damenfahrrad
5100312,1000,Herrenfahrrad
7400721,545,Herrenfahrrad
7200413,280,Damenfahrrad
4300623,200,Damenfahrrad
3601140,426,Damenfahrrad
1100312,280,Damenfahrrad
4501040,1095,Herrenfahrrad
1100313,250,Herrenfahrrad
3701658,500,Fahrrad
7300515,1000,Damenfahrrad
3400721,75,Damenfahrrad
7200413,1000,Herrenfahrrad
2500834,599,Herrenfahrrad
3400724,562,Damenfahrrad
8200622,818,Damenfahrrad
9200716,1151,Herrenfahrrad
6400843,399,Herrenfahrrad
6100208,1099,Herrenfahrrad
3601142,1300,Fahrrad
7400825,200,Damenfahrrad
4501045,809,Herrenfahrrad
5400942,498,Herrenfahrrad
11501341,2488,Damenfahrrad
6300526,1934,Herrenfahrrad
3601245,600,Herrenfahrrad
1401045,1080,Herrenfahrrad
3601142,700,Damenfahrrad
4500936,299,Mountainbike
2200209,789,Herrenfahrrad
11401034,2242,Damenfahrrad
12500824,600,Herrenfahrrad
8100206,700,Herrenfahrrad
2500728,350,Herrenfahrrad
1200629,300,Herrenfahrrad
2100104,695,Herrenfahrrad
3601245,1050,Fahrrad
3701658,300,Damenfahrrad
8100314,890,Fahrrad
3601348,310,Mountainbike
2100103,399,Damenfahrrad
5300839,150,Damenfahrrad
3200308,780,Mountainbike
2100104,530,Herrenfahrrad
3300412,299,Herrenfahrrad
3601244,1400,Herrenfahrrad
12400723,100,Fahrrad
2300418,720,Damenfahrrad
1400942,1300,Herrenfahrrad
11300617,490,divers
8100416,329,Kinderfahrrad
1100416,698,Herrenfahrrad
2500832,300,Damenfahrrad
8100208,719,Damenfahrrad
10100207,50,Mountainbike
12500824,0,Herrenfahrrad
7601236,399,Mountainbike
11401032,399,Herrenfahrrad
2100106,300,Herrenfahrrad
12100205,750,Damenfahrrad
2400624,150,Fahrrad
2400624,550,Herrenfahrrad
3200206,360,Damenfahrrad
4300622,450,Damenfahrrad
4501045,2560,Herrenfahrrad
10100206,360,Herrenfahrrad
6400842,1689,Herrenfahrrad
3601140,700,Damenfahrrad
3601140,700,Damenfahrrad
1300835,500,Fahrrad
1200629,420,Herrenfahrrad
4501149,284,Herrenfahrrad
3701659,628,Damenfahrrad
2100104,1100,Herrenfahrrad
7100101,1119,Herrenfahrrad
2300417,6000,Fahrrad
2100101,474,Herrenfahrrad
2400624,365,Damenfahrrad
2200210,200,Fahrrad
8301037,800,Herrenfahrrad
9100202,600,Herrenfahrrad
4300624,100,Herrenfahrrad
10200419,333,Damenfahrrad
3601140,280,Herrenfahrrad
3701556,320,Damenfahrrad
12601031,518,Herrenfahrrad
9200715,1603,Herrenfahrrad
6300633,750,Damenfahrrad
3601347,400,Kinderfahrrad
7200308,1000,Damenfahrrad
2300316,250,Herrenfahrrad
2200209,700,Damenfahrrad
6400737,800,Fahrrad
7601236,469,Herrenfahrrad
3601245,2399,Herrenfahrrad
4200309,500,Herrenfahrrad
7100102,400,Herrenfahrrad
9100202,1299,Herrenfahrrad
2500831,2700,divers
2200213,800,Fahrrad
5200634,2500,Damenfahrrad
3400724,500,Herrenfahrrad
3400721,500,Kinderfahrrad
1200625,329,Herrenfahrrad
11200514,80,Fahrrad
3200308,499,Herrenfahrrad
4300415,1300,Damenfahrrad
8401244,700,Damenfahrrad
3400723,559,Fahrrad
11100204,80,Fahrrad
2500836,799,Herrenfahrrad
5100316,2995,Damenfahrrad
3400723,50,Damenfahrrad
6400839,250,Damenfahrrad
7300618,1099,Herrenfahrrad
3601243,1040,Damenfahrrad
3601142,2323,Fahrrad
4300416,577,Damenfahrrad
6200315,500,Damenfahrrad
2400624,1700,Herrenfahrrad
9200715,515,Damenfahrrad
3701657,550,Damenfahrrad
11300722,214,Kinderfahrrad
2500727,5320,Fahrrad
4300621,650,Herrenfahrrad
5100210,199,Mountainbike
11100203,200,Fahrrad
9200715,1222,Herrenfahrrad
4400835,500,Mountainbike
3701658,999,Damenfahrrad
5100209,150,Fahrrad
8100206,349,Damenfahrrad
8100312,100,Damenfahrrad
2500834,1300,Herrenfahrrad
9200511,100,Herrenfahrrad
2200210,795,Damenfahrrad
12400723,519,Herrenfahrrad
9501737,451,Herrenfahrrad
3601140,1620,Herrenfahrrad
9200717,699,Herrenfahrrad
9200717,499,Damenfahrrad
1300730,300,Damenfahrrad
5100101,849,Damenfahrrad
8100102,500,Herrenfahrrad
8100417,250,Damenfahrrad
11401136,351,divers
9501838,400,Herrenfahrrad
9200717,499,Herrenfahrrad
11300617,1083,Herrenfahrrad
11200515,254,Damenfahrrad
3500935,220,Herrenfahrrad
7200414,2200,Herrenfahrrad
6400843,600,Herrenfahrrad
12100206,680,Herrenfahrrad
7300619,1199,Damenfahrrad
9200613,1700,Herrenfahrrad
5100316,499,Herrenfahrrad
7100204,394,Herrenfahrrad
1401046,1156,Damenfahrrad
6400840,2179,Fahrrad
1100207,300,Herrenfahrrad
10200526,341,Kinderfahrrad
4501045,670,Damenfahrrad
8100310,1050,Herrenfahrrad
1100415,2890,Herrenfahrrad
1100103,600,Fahrrad
6400840,649,Damenfahrrad
7400825,744,Herrenfahrrad
6100204,429,Herrenfahrrad
9301025,720,Herrenfahrrad
2200213,500,Herrenfahrrad
10300732,1300,Herrenfahrrad
8100206,999,Herrenfahrrad
2200210,1250,Herrenfahrrad
1400938,550,Damenfahrrad
1100310,970,Herrenfahrrad
2100103,780,Damenfahrrad
6400839,600,Damenfahrrad
3601453,399,Herrenfahrrad
10400939,263,Fahrrad
1200519,350,Herrenfahrrad
7300619,2100,Herrenfahrrad
4300414,850,Rennrad
2200211,380,Herrenfahrrad
3501037,599,Herrenfahrrad
8301036,1403,divers
11400927,834,Damenfahrrad
4300623,530,Damenfahrrad
3500934,290,Herrenfahrrad
4300414,500,Damenfahrrad
9200614,2129,divers
10300733,700,Mountainbike
9200511,200,Damenfahrrad
1401046,317,Herrenfahrrad
5300841,1699,Damenfahrrad
11300722,780,Herrenfahrrad
6300527,949,Damenfahrrad
3701660,617,Herrenfahrrad
6400842,900,Herrenfahrrad
1100206,650,Herrenfahrrad
9401635,399,Herrenfahrrad
11300619,800,Damenfahrrad
3200309,200,Damenfahrrad
6200312,650,Herrenfahrrad
7300619,2699,Damenfahrrad
6300634,650,Herrenfahrrad
1200629,3750,Fahrrad
12200412,740,Herrenfahrrad
2500833,1097,Damenfahrrad
9301024,400,Damenfahrrad
6200421,300,Herrenfahrrad
7100206,200,Fahrrad
10300734,400,Herrenfahrrad
2300419,200,Herrenfahrrad
2300419,350,Damenfahrrad
5200629,150,Damenfahrrad
7400825,2579,Herrenfahrrad
2400624,700,Damenfahrrad
2300418,550,Damenfahrrad
1100103,1500,Herrenfahrrad
3701555,579,Damenfahrrad
8100105,421,Fahrrad
2100103,1800,Herrenfahrrad
7200411,1780,Herrenfahrrad
6100208,2000,Herrenfahrrad
1300731,270,Fahrrad
7300517,248,Kinderfahrrad
12100103,300,Kinderfahrrad
4501153,250,Damenfahrrad
2500834,1299,Herrenfahrrad
9401329,450,Damenfahrrad
1200626,2349,Fahrrad
4500939,4400,Rennrad
2100103,399,Kinderfahrrad
8100206,150,Herrenfahrrad
4300621,506,Herrenfahrrad
11300724,659,Herrenfahrrad
1400942,233,Damenfahrrad
1400942,250,Damenfahrrad
1400942,600,Damenfahrrad
2100104,708,Herrenfahrrad
2500834,1200,Herrenfahrrad
8100103,300,Fahrrad
6100206,100,Damenfahrrad
4501043,535,Herrenfahrrad
1100312,2199,Herrenfahrrad
4501151,499,Herrenfahrrad
3200207,599,Herrenfahrrad
3601245,299,Herrenfahrrad
8100314,500,Mountainbike
1400937,300,Damenfahrrad
2500834,819,Herrenfahrrad
4300415,594,Herrenfahrrad
3701556,100,Herrenfahrrad
9502043,360,Herrenfahrrad
12500926,60,Fahrrad
3400722,500,Damenfahrrad
1100312,220,Damenfahrrad
9401433,459,Herrenfahrrad
1300834,1100,Herrenfahrrad
2300314,450,Herrenfahrrad
2300419,400,Herrenfahrrad
3400723,500,Kinderfahrrad
2200210,350,Damenfahrrad
3601347,999,Herrenfahrrad
12100206,1000,Damenfahrrad
1300836,2000,Damenfahrrad
3400721,1300,Herrenfahrrad
5200634,75,Herrenfahrrad
11501341,1000,Fahrrad
7501135,400,Damenfahrrad
9100202,773,Herrenfahrrad
1100310,400,Fahrrad
6200420,500,Damenfahrrad
9100408,650,Fahrrad
3701658,900,Damenfahrrad
4300413,1000,Herrenfahrrad
11401034,2111,Herrenfahrrad
6300527,549,Herrenfahrrad
9200511,1300,Herrenfahrrad
1300732,700,Fahrrad
3400828,449,Herrenfahrrad
2300419,80,Damenfahrrad
8200729,399,Damenfahrrad
2300417,450,Fahrrad
4300416,1127,Damenfahrrad
11401135,345,Herrenfahrrad
6400735,1270,Herrenfahrrad
10200524,2999,Herrenfahrrad
1300732,519,Rennrad
8100206,440,Herrenfahrrad
4501152,1570,Herrenfahrrad
8100103,399,Herrenfahrrad
7100101,2700,Rennrad
9100407,400,Damenfahrrad
3701556,699,Herrenfahrrad
3501037,100,Damenfahrrad
3400827,500,Fahrrad
1100308,750,Herrenfahrrad
3501038,222,Mountainbike
1401049,205,Herrenfahrrad
1400942,2499,Fahrrad
8100208,700,Herrenfahrrad
4200206,250,Fahrrad
9200715,530,Damenfahrrad
7501133,499,Damenfahrrad
1100312,1000,Herrenfahrrad
4300624,406,Fahrrad
2500834,800,Herrenfahrrad
1100308,1200,Herrenfahrrad
7501133,399,Kinderfahrrad
4100101,793,Herrenfahrrad
11300722,120,Herrenfahrrad
9501737,400,Damenfahrrad
11501341,679,Damenfahrrad
4300624,720,Herrenfahrrad
4501043,199,Kinderfahrrad
1100310,749,Herrenfahrrad
1200520,2320,Herrenfahrrad
2300314,700,Herrenfahrrad
3500936,399,Kinderfahrrad
11300618,1000,Herrenfahrrad
10100210,225,Herrenfahrrad
6100210,593,Damenfahrrad
4300517,923,Herrenfahrrad
3701660,700,Herrenfahrrad
1200627,444,Damenfahrrad
7200410,399,Damenfahrrad
1401043,2000,Herrenfahrrad
2400624,150,Damenfahrrad
12100205,600,Mountainbike
2300419,550,Herrenfahrrad
1401044,290,Damenfahrrad
5100208,350,Damenfahrrad
3400723,200,Kinderfahrrad
3300516,249,Damenfahrrad
3601243,528,Herrenfahrrad
2500833,2110,Fahrrad
3601452,599,Herrenfahrrad
4501152,500,Herrenfahrrad
1200522,699,Herrenfahrrad
8100416,1290,Herrenfahrrad
2400624,1300,Fahrrad
12500928,180,Herrenfahrrad
11501341,1,Fahrrad
2300419,100,Fahrrad
3601453,700,Damenfahrrad
1200521,1342,Damenfahrrad
4200308,799,Herrenfahrrad
1200522,739,Mountainbike
2300418,800,Damenfahrrad
10400835,1250,divers
4300623,849,Damenfahrrad
9100202,2350,Rennrad
9401635,50,Herrenfahrrad
9100304,398,Herrenfahrrad
3601243,3064,Fahrrad
9100101,650,Herrenfahrrad
7200409,1120,Herrenfahrrad
3500933,673,Herrenfahrrad
2300419,1400,Herrenfahrrad
11300722,5000,divers
11100309,300,Fahrrad
2500831,1499,Damenfahrrad
7200409,699,Damenfahrrad
2300419,230,divers
9501939,3550,Damenfahrrad
9200511,1089,Damenfahrrad
2400625,536,Herrenfahrrad
2300316,800,Herrenfahrrad
12100205,1000,Damenfahrrad
2200213,2555,Damenfahrrad
3701657,326,Damenfahrrad
5400943,280,Herrenfahrrad
4501043,844,Mountainbike
2400623,1311,Herrenfahrrad
11100308,540,Herrenfahrrad
4501153,1440,Fahrrad
2400623,1600,Herrenfahrrad
5300840,800,Herrenfahrrad
7300517,887,Herrenfahrrad
1100310,150,Mountainbike
5100102,350,Herrenfahrrad
9200613,1928,Herrenfahrrad
1200629,545,Damenfahrrad
2400625,750,Herrenfahrrad
4400727,300,Herrenfahrrad
7300516,1000,Damenfahrrad
3701658,1000,Rennrad
3601451,1250,Herrenfahrrad
9200511,2500,Mountainbike
2300418,630,Herrenfahrrad
5100102,1,Fahrrad
12100204,672,Herrenfahrrad
1100308,1238,Herrenfahrrad
1200625,650,Herrenfahrrad
2500728,1599,Damenfahrrad
1100311,1500,Herrenfahrrad
7400927,350,Damenfahrrad
3701556,320,Herrenfahrrad
1100101,1400,Damenfahrrad
9100407,5600,Rennrad
11200514,999,Herrenfahrrad
7100206,599,Herrenfahrrad
2300314,636,Herrenfahrrad
7400720,1200,Fahrrad
6400842,398,Herrenfahrrad
1100311,450,Damenfahrrad
2200211,483,Damenfahrrad
1100308,1300,Damenfahrrad
6400842,2370,Damenfahrrad
2100104,250,Herrenfahrrad
12100205,1830,Damenfahrrad
4400727,2099,Damenfahrrad
3601347,850,Damenfahrrad
4100101,2560,Damenfahrrad
8200729,550,Herrenfahrrad
4300620,200,Damenfahrrad
6100209,349,Herrenfahrrad
12200307,599,Herrenfahrrad
9100101,150,Damenfahrrad
4501042,1499,Damenfahrrad
3601347,999,Herrenfahrrad
2300419,48,Damenfahrrad
2500834,950,Herrenfahrrad
1200519,300,Herrenfahrrad
5200630,730,Fahrrad
1100313,420,Damenfahrrad
10100206,350,Fahrrad
9501940,660,Herrenfahrrad
8100314,529,Herrenfahrrad
6200420,800,Herrenfahrrad
6400842,813,Herrenfahrrad
10300733,424,Damenfahrrad
8100313,450,Damenfahrrad
3601348,1749,Fahrrad
6200420,372,Herrenfahrrad
11501339,649,Herrenfahrrad
9300922,450,Mountainbike
4501150,920,Damenfahrrad
2500832,799,Fahrrad
4300518,564,Fahrrad
7501029,3150,Fahrrad
4200308,2045,Damenfahrrad
9501941,2599,Damenfahrrad
3601346,2000,Damenfahrrad
2500835,608,Herrenfahrrad
4300414,80,Damenfahrrad
9501737,1,Fahrrad
11501341,420,Damenfahrrad
1100415,1020,Herrenfahrrad
3100102,500,Damenfahrrad
11401137,450,Herrenfahrrad
9100101,580,Damenfahrrad
8100314,900,Herrenfahrrad
7200414,1299,Herrenfahrrad
6400839,825,Damenfahrrad
3701554,1500,Mountainbike
11300617,900,Herrenfahrrad
1100309,486,Herrenfahrrad
4501150,720,Damenfahrrad
7300619,450,Damenfahrrad
2100106,484,Kinderfahrrad
2500728,900,Herrenfahrrad
11300616,639,Herrenfahrrad
8200727,500,Kinderfahrrad
11501339,380,Herrenfahrrad
7100206,635,Damenfahrrad
8100415,252,Damenfahrrad
5100314,999,Fahrrad
9301126,1100,Herrenfahrrad
2200211,700,Herrenfahrrad
1200522,660,Damenfahrrad
9200818,3184,Herrenfahrrad
7400720,150,Herrenfahrrad
5200524,549,Herrenfahrrad
6400735,260,Fahrrad
2200213,150,Kinderfahrrad
2200213,300,Herrenfahrrad
6300634,1200,divers
2100102,549,Damenfahrrad
4300416,889,Damenfahrrad
4200308,800,Mountainbike
2200210,499,Damenfahrrad
7200409,679,Fahrrad
3601453,999,Herrenfahrrad
4200205,900,Herrenfahrrad
1100309,699,Herrenfahrrad
2300419,872,Herrenfahrrad
2500831,980,Damenfahrrad
6400840,500,Herrenfahrrad
10400939,679,Herrenfahrrad
6300527,399,Damenfahrrad
8100314,249,Fahrrad
9100408,3676,divers
4300416,545,Damenfahrrad
7300515,850,Fahrrad
4300518,1000,Damenfahrrad
11300721,569,Herrenfahrrad
5100316,699,Herrenfahrrad
4501150,480,Damenfahrrad
3500936,500,Damenfahrrad
3601244,1500,Herrenfahrrad
3701659,350,Herrenfahrrad
12500926,529,Herrenfahrrad
9501737,879,Damenfahrrad
4501151,624,Damenfahrrad
9401433,200,Damenfahrrad
9501939,900,Damenfahrrad
2500833,700,divers
6100102,420,Kinderfahrrad
11400929,237,Fahrrad
12200515,500,Herrenfahrrad
2400521,1800,Herrenfahrrad
1100308,5944,Fahrrad
4300624,799,Herrenfahrrad
5200629,287,Mountainbike
11300618,460,Fahrrad
11501339,499,Damenfahrrad
12500926,206,Fahrrad
4501150,599,Herrenfahrrad
10400835,375,Herrenfahrrad
8401242,1247,Damenfahrrad
9300920,926,Damenfahrrad
2300315,680,Herrenfahrrad
7100102,554,Damenfahrrad
5100208,400,Herrenfahrrad
11300620,330,Damenfahrrad
10300734,515,Damenfahrrad
8100415,1120,Damenfahrrad
7400720,350,Herrenfahrrad
4501147,4299,Damenfahrrad
8100415,779,Damenfahrrad
8100310,371,Herrenfahrrad
9200613,800,Damenfahrrad
9200613,2497,Damenfahrrad
3501038,360,Herrenfahrrad
12400720,1180,Herrenfahrrad
9200818,1584,Herrenfahrrad
7100205,1000,Fahrrad
5100316,600,Damenfahrrad
1100309,1550,Herrenfahrrad
10300731,698,Herrenfahrrad
1300836,6000,divers
2200208,824,Herrenfahrrad
4501042,2100,Herrenfahrrad
8100312,700,Damenfahrrad
4300623,2303,Herrenfahrrad
3601244,581,Damenfahrrad
7501133,300,Herrenfahrrad
2200209,964,Damenfahrrad
6100209,629,Herrenfahrrad
6100209,1300,Damenfahrrad
3701659,1102,Herrenfahrrad
1100310,600,Herrenfahrrad
4300623,852,Herrenfahrrad
3701555,250,Herrenfahrrad
3500933,543,Damenfahrrad
4300623,459,Damenfahrrad
7100204,1000,Damenfahrrad
2100103,96,Damenfahrrad
2300417,500,Herrenfahrrad
12100102,580,Mountainbike
4200311,450,Herrenfahrrad
3400725,1000,Damenfahrrad
12200309,699,Herrenfahrrad
11300724,500,Damenfahrrad
3400830,300,Damenfahrrad
8100206,2438,Fahrrad
5200423,80,Damenfahrrad
11400930,700,Herrenfahrrad
2100105,50,Damenfahrrad
3601141,580,Damenfahrrad
2500834,650,Fahrrad
12200515,200,Herrenfahrrad
1200624,200,Herrenfahrrad
3701658,493,Herrenfahrrad
2500830,398,Herrenfahrrad
2300418,280,Fahrrad
8100520,280,Fahrrad
6300630,450,Herrenfahrrad
3100101,426,Herrenfahrrad
6100204,1056,Damenfahrrad
12500825,400,Mountainbike
9100304,1069,Herrenfahrrad
11300826,100,Mountainbike
4501040,220,Kinderfahrrad
1200522,4900,Fahrrad
7501134,518,Herrenfahrrad
2500835,606,Herrenfahrrad
1300835,425,Damenfahrrad
11200411,300,Mountainbike
4200311,72,Damenfahrrad
1100309,250,Kinderfahrrad
7100103,530,Damenfahrrad
4200207,529,Kinderfahrrad
2200208,994,Herrenfahrrad
6400736,540,Herrenfahrrad
9200613,400,Herrenfahrrad
3501038,180,Damenfahrrad
1400942,706,Herrenfahrrad
6300527,458,Damenfahrrad
6300632,350,divers
1401044,400,Mountainbike
9501940,372,Damenfahrrad
2100106,400,Fahrrad
4501146,750,Damenfahrrad
7300619,673,Damenfahrrad
7300619,229,Herrenfahrrad
6400842,400,Damenfahrrad
9501940,488,Damenfahrrad
4400832,1360,Herrenfahrrad
3601243,600,Rennrad
4501147,400,Damenfahrrad
7601238,299,Damenfahrrad
9100101,270,Damenfahrrad
6100209,500,Herrenfahrrad
5200631,1700,Herrenfahrrad
8100209,320,Herrenfahrrad
10100206,399,Damenfahrrad
2500830,870,Herrenfahrrad
11401034,1841,Herrenfahrrad
4300619,2000,divers
3601451,600,Herrenfahrrad
9200511,1800,Herrenfahrrad
2200212,1100,Herrenfahrrad
5200630,2000,Herrenfahrrad
3601347,1150,Damenfahrrad
3701660,1299,Herrenfahrrad
7400927,479,Damenfahrrad
2200212,600,Fahrrad
1100309,350,Mountainbike
8100206,2375,Herrenfahrrad
9200715,500,Damenfahrrad
7100204,550,Mountainbike
2200213,350,Herrenfahrrad
11100204,750,Herrenfahrrad
8100207,800,Herrenfahrrad
11401034,200,Mountainbike
2300419,1290,Herrenfahrrad
10100210,1602,Rennrad
3601141,820,Herrenfahrrad
2200212,600,Fahrrad
10300733,50,Herrenfahrrad
6300631,360,Damenfahrrad
3601449,449,Herrenfahrrad
5100315,654,Herrenfahrrad
2500729,470,Damenfahrrad
11400927,800,Damenfahrrad
2100106,249,Fahrrad
7300517,210,Fahrrad
3400721,626,Herrenfahrrad
7100206,739,Damenfahrrad
12400722,699,Herrenfahrrad
11401032,800,Herrenfahrrad
3601243,499,Herrenfahrrad
8100208,1139,Fahrrad
3501037,776,Herrenfahrrad
5300737,450,Herrenfahrrad
3400723,319,Mountainbike
4400727,800,Herrenfahrrad
7400823,2399,Fahrrad
1100311,600,Herrenfahrrad
2300419,1099,Herrenfahrrad
3200206,230,Damenfahrrad
8100311,330,Damenfahrrad
11400927,814,Herrenfahrrad
9301126,5319,Fahrrad
3400722,684,Herrenfahrrad
1100415,1450,Herrenfahrrad
4300621,2500,Herrenfahrrad
9100101,519,Mountainbike
2300419,599,Herrenfahrrad
7300515,400,Damenfahrrad
2500831,525,Herrenfahrrad
4400726,1900,Mountainbike
5300737,462,Damenfahrrad
7200410,391,Herrenfahrrad
9200512,799,Mountainbike
2200211,990,Fahrrad
11100307,1434,Damenfahrrad
1100206,699,Damenfahrrad
1300733,398,Herrenfahrrad
2200208,590,Damenfahrrad
10200524,445,divers
3501038,232,Damenfahrrad
2300419,1000,Herrenfahrrad
8100417,479,Herrenfahrrad
5400945,3432,Fahrrad
10200628,200,Herrenfahrrad
2500728,640,Damenfahrrad
3400723,675,Herrenfahrrad
4501149,2999,Damenfahrrad
2100106,700,Herrenfahrrad
7400927,999,Herrenfahrrad
2200213,1745,Herrenfahrrad
5100101,500,Herrenfahrrad
1401048,514,Herrenfahrrad
7100102,3100,Herrenfahrrad
3601346,818,Damenfahrrad
9401329,450,Damenfahrrad
2100103,650,Damenfahrrad
11400929,322,Damenfahrrad
1401048,378,Damenfahrrad
4501148,579,Damenfahrrad
12500928,600,Herrenfahrrad
11100204,410,Herrenfahrrad
1100415,379,Herrenfahrrad
6300629,130,Kinderfahrrad
4501149,1999,Herrenfahrrad
2500835,275,Herrenfahrrad
2500831,916,Damenfahrrad
3701555,719,Damenfahrrad
2300417,320,Herrenfahrrad
2400624,15,Mountainbike
2200209,600,Damenfahrrad
7200409,860,Herrenfahrrad
6400842,398,Damenfahrrad
3701555,464,Kinderfahrrad
3400725,400,Damenfahrrad
3400723,584,Mountainbike
9401431,700,divers
2400624,480,Mountainbike
2200209,250,Damenfahrrad
2300419,500,Herrenfahrrad
11300725,369,Herrenfahrrad
6400838,2699,Herrenfahrrad
7300618,340,Damenfahrrad
11300618,294,Damenfahrrad
7200308,523,Damenfahrrad
9200613,477,Damenfahrrad
1200522,300,Fahrrad
9100101,150,Damenfahrrad
9100101,649,Herrenfahrrad
2300419,830,Fahrrad
3601142,800,divers
5200633,300,Damenfahrrad
8100311,1447,Herrenfahrrad
1200623,4200,divers
1200519,1169,Herrenfahrrad
2200208,214,Herrenfahrrad
9200715,432,Damenfahrrad
6400839,364,Damenfahrrad
3100102,400,Damenfahrrad
2100105,949,Fahrrad
3701556,400,Damenfahrrad
2200213,750,Herrenfahrrad
4300517,750,Herrenfahrrad
3500933,420,Herrenfahrrad
9301024,2000,Damenfahrrad
4501149,700,Herrenfahrrad
7100206,649,Damenfahrrad
4300624,429,Fahrrad
3701659,775,Damenfahrrad
2200209,1323,Herrenfahrrad
11300725,1500,Herrenfahrrad
3601348,779,Herrenfahrrad
1100207,2230,Fahrrad
8401241,365,Herrenfahrrad
8100206,284,Fahrrad
8401241,599,Damenfahrrad
3400828,3287,Damenfahrrad
2200213,2000,Herrenfahrrad
7501133,548,Mountainbike
8200832,200,Rennrad
4300619,875,Damenfahrrad
3100103,399,Damenfahrrad
6300526,473,Damenfahrrad
4300414,3810,Fahrrad
11300826,1100,Mountainbike
3701556,999,Herrenfahrrad
6100102,399,Herrenfahrrad
4400835,559,Damenfahrrad
1200522,3900,Fahrrad
2200211,800,Herrenfahrrad
3701556,470,Damenfahrrad
8100102,400,Rennrad
4501045,1600,Mountainbike
3500936,1800,Rennrad
6200422,256,Mountainbike
2400522,454,Damenfahrrad
2200213,750,Herrenfahrrad
9100304,250,Herrenfahrrad
1401044,737,Fahrrad
1200520,259,Damenfahrrad
2200212,340,Damenfahrrad
3601141,829,Herrenfahrrad
7501133,199,Damenfahrrad
1401044,140,Fahrrad
2400623,100,Fahrrad
2200210,444,Herrenfahrrad
3601347,200,Damenfahrrad
2200211,275,Damenfahrrad
3400723,452,Fahrrad
3200309,203,Damenfahrrad
4501044,279,Kinderfahrrad
1100207,200,Damenfahrrad
11300722,693,Damenfahrrad
8401243,35,Mountainbike
9200818,1,Mountainbike
7300515,949,Herrenfahrrad
9200715,599,Herrenfahrrad
6100103,1200,Herrenfahrrad
11501238,270,Herrenfahrrad
3701658,1494,Herrenfahrrad
1401043,2478,Damenfahrrad
2200210,426,Damenfahrrad
4501042,350,Herrenfahrrad
2100102,588,Damenfahrrad
3400722,382,Damenfahrrad
3601245,1023,Herrenfahrrad
9200716,502,Herrenfahrrad
3701659,1000,Herrenfahrrad
8100314,350,Herrenfahrrad
2400521,200,Herrenfahrrad
11501341,80,Fahrrad
1300834,806,Damenfahrrad
9502043,400,Herrenfahrrad
7300515,485,Herrenfahrrad
4501148,1098,Herrenfahrrad
12100206,2750,Fahrrad
6300525,0,Herrenfahrrad
8100102,313,Herrenfahrrad
1100416,500,Damenfahrrad
3601450,520,Mountainbike
12400722,600,Damenfahrrad
7501031,200,Damenfahrrad
3400723,699,Herrenfahrrad
12400723,260,Herrenfahrrad
9501736,475,Damenfahrrad
7300516,50,Herrenfahrrad
1100310,500,Damenfahrrad
1100206,3900,Fahrrad
8200833,400,Herrenfahrrad
12100204,1439,Damenfahrrad
10100206,200,Damenfahrrad
2200208,0,divers
2300418,816,Herrenfahrrad
4200203,629,Herrenfahrrad
2300417,2000,Fahrrad
3701659,1299,Herrenfahrrad
3601245,5670,Herrenfahrrad
3601245,1500,Fahrrad
6400839,899,Damenfahrrad
1100205,1898,Herrenfahrrad
6200422,599,Damenfahrrad
10300733,3086,Herrenfahrrad
2300419,341,Herrenfahrrad
3701555,1382,Herrenfahrrad
1100102,2484,Herrenfahrrad
6300526,849,Herrenfahrrad
1100310,999,Herrenfahrrad
3601347,400,Herrenfahrrad
4200309,533,Damenfahrrad
11300725,650,Herrenfahrrad
2200213,500,Fahrrad
2500835,200,Herrenfahrrad
3400725,419,Mountainbike
4300624,220,Damenfahrrad
6400843,500,Herrenfahrrad
5200422,490,Herrenfahrrad
4300518,760,Herrenfahrrad
9501737,950,Herrenfahrrad
2300419,1724,Damenfahrrad
11300722,300,Kinderfahrrad
5200630,200,Damenfahrrad
4400832,400,Herrenfahrrad
5200421,224,Kinderfahrrad
2200207,2965,Fahrrad
4100101,568,Damenfahrrad
7100101,2424,Herrenfahrrad
4400834,300,Damenfahrrad
10400938,100,Damenfahrrad
1100207,180,Damenfahrrad
3400721,338,Herrenfahrrad
11300616,100,Herrenfahrrad
9401534,649,Herrenfahrrad
11200513,100,Damenfahrrad
9200717,2065,Herrenfahrrad
6100102,800,Damenfahrrad
1401047,399,Herrenfahrrad
2300417,500,Herrenfahrrad
1401046,200,Herrenfahrrad
3701659,300,Kinderfahrrad
9200717,1048,Herrenfahrrad
7100101,3000,Fahrrad
2200210,430,divers
1100416,180,Herrenfahrrad
2200213,574,Herrenfahrrad
6100209,1228,divers
3601142,398,Herrenfahrrad
3601245,0,Fahrrad
6100102,4996,Fahrrad
3500933,299,Damenfahrrad
6400735,2439,Herrenfahrrad
1401043,250,Herrenfahrrad
9100304,1033,Herrenfahrrad
3500932,700,Fahrrad
4501043,3424,Damenfahrrad
11501238,840,Herrenfahrrad
3300411,333,Damenfahrrad
2400624,649,Herrenfahrrad
10300731,290,Damenfahrrad
2200209,3550,Herrenfahrrad
8200624,999,Fahrrad
1200522,689,Herrenfahrrad
4501043,100,Damenfahrrad
4501152,1900,Herrenfahrrad
1100207,1600,Rennrad
6300633,599,Damenfahrrad
1200628,150,Damenfahrrad
7200307,325,Herrenfahrrad
11400929,804,divers
2300419,500,Herrenfahrrad
2200213,1,Herrenfahrrad
9501838,398,Kinderfahrrad
7100101,545,Kinderfahrrad
4501151,265,Fahrrad
4501147,3000,Damenfahrrad
3701556,600,Herrenfahrrad
3601348,65,Damenfahrrad
1200522,1058,Herrenfahrrad
9300921,630,Damenfahrrad
9300921,300,Damenfahrrad
1200629,150,Damenfahrrad
2300419,850,Damenfahrrad
1100309,799,Damenfahrrad
8100417,150,Damenfahrrad
11200514,150,Fahrrad
4300619,499,Herrenfahrrad
2500729,748,divers
11300722,500,Damenfahrrad
4501040,700,Herrenfahrrad
8100103,313,Herrenfahrrad
4400726,498,Damenfahrrad
11501339,1200,Damenfahrrad
6300528,799,Fahrrad
4501041,1000,Herrenfahrrad
9100101,800,Fahrrad
4400727,1534,Rennrad
6300629,600,Damenfahrrad
4300620,3820,Fahrrad
3400619,1200,Rennrad
3701658,440,Damenfahrrad
3601347,1134,Herrenfahrrad
1300733,999,Damenfahrrad
8100206,600,Herrenfahrrad
11300722,759,Herrenfahrrad
10400836,518,Herrenfahrrad
9300921,349,Damenfahrrad
6400838,550,Damenfahrrad
4300622,3247,Herrenfahrrad
12100205,699,Damenfahrrad
3601243,1394,Herrenfahrrad
7300619,280,Damenfahrrad
9501838,615,Herrenfahrrad
9200818,784,Damenfahrrad
1100414,1028,Damenfahrrad
1200629,920,Herrenfahrrad
1100308,875,Damenfahrrad
4400835,1329,Herrenfahrrad
1100312,450,Damenfahrrad
1100309,200,Damenfahrrad
2300417,125,Damenfahrrad
7100206,232,Damenfahrrad
3300514,499,Damenfahrrad
3500934,1599,Damenfahrrad
4300624,599,Herrenfahrrad
3400826,699,Herrenfahrrad
6300528,298,Herrenfahrrad
1200623,999,Damenfahrrad
2500835,800,Fahrrad
12400721,2500,Herrenfahrrad
1200623,1062,Herrenfahrrad
1200623,1126,Damenfahrrad
12400720,399,Kinderfahrrad
11501238,548,Damenfahrrad
1200624,4200,Herrenfahrrad
7100102,809,Fahrrad
7100206,770,Herrenfahrrad
3300412,2500,Herrenfahrrad
8200725,799,Damenfahrrad
2300418,732,Herrenfahrrad
3701658,1549,Herrenfahrrad
9100101,1100,Damenfahrrad
11400929,473,Herrenfahrrad
6200314,270,Damenfahrrad
4200310,2792,Damenfahrrad
7300618,629,Herrenfahrrad
1200522,815,Damenfahrrad
3400721,925,Herrenfahrrad
9200613,999,Herrenfahrrad
1100308,802,Damenfahrrad
3601243,399,Damenfahrrad
7300517,504,Herrenfahrrad
2200208,1880,Rennrad
2100102,150,Damenfahrrad
10400938,200,Kinderfahrrad
4300413,300,Herrenfahrrad
3300514,603,Herrenfahrrad
6300526,2000,Fahrrad
3601348,499,Herrenfahrrad
2500728,719,Herrenfahrrad
3300412,3500,Herrenfahrrad
2200208,499,Herrenfahrrad
10200524,699,Herrenfahrrad
5100104,808,divers
4501044,925,Herrenfahrrad
1200624,1200,Herrenfahrrad
12200414,300,Damenfahrrad
4400729,2500,Fahrrad
11400931,149,Damenfahrrad
1200628,2298,Damenfahrrad
11200514,1400,divers
3601243,800,Damenfahrrad
3601245,200,Damenfahrrad
3601347,1900,Herrenfahrrad
3500932,416,Kinderfahrrad
2400623,500,Herrenfahrrad
4300413,1500,Herrenfahrrad
2200212,900,Damenfahrrad
10100210,349,Herrenfahrrad
12400723,428,Damenfahrrad
2300419,349,Herrenfahrrad
8100312,400,Herrenfahrrad
11100204,999,Damenfahrrad
3601243,700,Herrenfahrrad
2400623,480,Herrenfahrrad
4300623,1200,Damenfahrrad
7400721,560,Damenfahrrad
7200308,800,Damenfahrrad
4300620,920,Herrenfahrrad
8200726,300,Damenfahrrad
1100103,250,Damenfahrrad
1401045,200,Fahrrad
7501134,500,Damenfahrrad
2300315,4000,Fahrrad
2300418,180,Herrenfahrrad
3400721,533,Kinderfahrrad
1200519,450,Damenfahrrad
11501238,591,Damenfahrrad
7200413,750,Damenfahrrad
1300733,545,Damenfahrrad
11200515,700,Herrenfahrrad
4501151,295,Fahrrad
1200625,230,Herrenfahrrad
2400520,550,Herrenfahrrad
6400735,583,Fahrrad
5100208,550,Fahrrad
9300921,450,Damenfahrrad
4300414,1000,Rennrad
3400724,499,Damenfahrrad
9401431,249,Herrenfahrrad
12200515,450,Herrenfahrrad
3400723,329,Mountainbike
7200307,299,Herrenfahrrad
4501153,299,Damenfahrrad
4501044,1395,divers
1100207,2999,Damenfahrrad
1100205,1100,Herrenfahrrad
1300733,1628,Herrenfahrrad
8200726,2417,Damenfahrrad
10400836,654,Herrenfahrrad
3601453,526,Damenfahrrad
8100310,879,Herrenfahrrad
1300834,1296,Herrenfahrrad
7300515,482,Damenfahrrad
2400623,250,Rennrad
7100206,700,Herrenfahrrad
6200421,799,Herrenfahrrad
4501040,3018,Damenfahrrad
3601449,500,Damenfahrrad
5200422,666,Herrenfahrrad
3500933,650,Damenfahrrad
1100312,1000,Fahrrad
11501339,499,Herrenfahrrad
11401032,399,Herrenfahrrad
9200818,1099,Herrenfahrrad
7200410,350,Rennrad
8100312,300,Herrenfahrrad
6300631,1000,Herrenfahrrad
9200715,143,Damenfahrrad
2400522,1249,Herrenfahrrad
2500726,1207,Damenfahrrad
3701555,550,Kinderfahrrad
2500728,499,Damenfahrrad
2100105,550,Herrenfahrrad
12500926,200,Damenfahrrad
3601141,2500,Fahrrad
1300834,867,Damenfahrrad
5300736,1111,Mountainbike
9401635,900,Damenfahrrad
9100407,629,Damenfahrrad
1400942,902,Damenfahrrad
2500836,725,Damenfahrrad
2500832,250,Damenfahrrad
8100314,407,Herrenfahrrad
1400940,299,Damenfahrrad
8200624,599,Fahrrad
1100310,588,Damenfahrrad
3400830,250,Herrenfahrrad
2200208,3000,Damenfahrrad
7400721,400,Herrenfahrrad
2400522,877,Damenfahrrad
10100210,400,divers
4300621,1699,Damenfahrrad
3400619,670,Fahrrad
2100104,1100,Herrenfahrrad
4501041,1200,Damenfahrrad
1300836,750,Damenfahrrad
8100314,407,Herrenfahrrad
6200316,700,Mountainbike
4300624,359,Mountainbike
12100206,700,Damenfahrrad
2100105,600,Fahrrad
9100407,4313,Herrenfahrrad
2400522,929,Herrenfahrrad
7300618,1163,Herrenfahrrad
11400930,1529,Damenfahrrad
11300722,1500,Fahrrad
1100311,1459,Herrenfahrrad
1100101,3164,Herrenfahrrad
3400722,2375,Herrenfahrrad
4300518,800,Herrenfahrrad
4501043,299,Herrenfahrrad
1200522,1499,divers
6400843,900,Herrenfahrrad
7100102,250,Fahrrad
8100208,600,Herrenfahrrad
9200613,1010,Damenfahrrad
8100206,1727,Mountainbike
7400927,250,Damenfahrrad
12100205,1520,Herrenfahrrad
1100310,2999,Herrenfahrrad
1200518,500,Herrenfahrrad
6300527,599,Mountainbike
4501044,1000,Damenfahrrad
2300314,410,Damenfahrrad
8100206,800,Herrenfahrrad
4501041,450,Damenfahrrad
1100312,2000,Damenfahrrad
9200510,669,Damenfahrrad
4501045,750,Damenfahrrad
8100310,650,Damenfahrrad
9501736,1089,Herrenfahrrad
3400725,600,Herrenfahrrad
2500834,1250,Damenfahrrad
1100206,999,Herrenfahrrad
1400939,150,Herrenfahrrad
1400939,160,Kinderfahrrad
9501736,477,Herrenfahrrad
3601142,700,Herrenfahrrad
4300415,878,Fahrrad
9200818,770,Fahrrad
7100204,400,Kinderfahrrad
2300314,1400,Herrenfahrrad
3400722,2795,Fahrrad
6100208,550,Herrenfahrrad
3300514,650,Herrenfahrrad
3601141,730,Mountainbike
1100206,1210,Damenfahrrad
7100206,400,Herrenfahrrad
9100101,299,Herrenfahrrad
3400826,220,Herrenfahrrad
1400942,1360,Herrenfahrrad
7300516,999,Fahrrad
1200518,1049,Herrenfahrrad
2400624,663,Herrenfahrrad
2400624,398,Herrenfahrrad
3601140,1454,Herrenfahrrad
11300721,100,Damenfahrrad
4501040,600,Damenfahrrad
3601140,450,Herrenfahrrad
3300411,100,Damenfahrrad
9100101,1070,Fahrrad
1100312,500,Damenfahrrad
11300619,533,Damenfahrrad
12400618,625,Damenfahrrad
3400723,390,Damenfahrrad
1300733,500,Herrenfahrrad
6100102,499,Damenfahrrad
3500932,430,Damenfahrrad
1100309,600,Fahrrad
3601141,650,Herrenfahrrad
1200520,700,Herrenfahrrad
6100102,1400,Herrenfahrrad
11400929,2437,Herrenfahrrad
7100204,620,Fahrrad
11100203,699,Mountainbike
4501041,1713,Fahrrad
4501045,800,Herrenfahrrad
4400727,300,Damenfahrrad
9100101,568,Herrenfahrrad
4501152,235,Fahrrad
9200511,214,Herrenfahrrad
4300623,199,Damenfahrrad
7501031,500,Damenfahrrad
6100103,529,Fahrrad
9200511,3199,Herrenfahrrad
1100308,300,Damenfahrrad
8100208,800,Herrenfahrrad
11100206,738,Herrenfahrrad
3400721,358,Fahrrad
1100312,1101,Damenfahrrad
2400625,950,Herrenfahrrad
6100103,2226,Herrenfahrrad
2100106,300,Kinderfahrrad
4500939,500,Damenfahrrad
9200511,820,Damenfahrrad
3501038,360,Mountainbike
9100304,222,Herrenfahrrad
11200512,199,Damenfahrrad
3601139,1000,Herrenfahrrad
7100101,699,Herrenfahrrad
1100312,360,Fahrrad
5200630,329,Damenfahrrad
11300616,460,Damenfahrrad
1100103,350,Damenfahrrad
7501133,399,Herrenfahrrad
3601346,300,Herrenfahrrad
3601451,200,Herrenfahrrad
12200309,550,Herrenfahrrad
8100206,879,Damenfahrrad
11200411,1354,Herrenfahrrad
1200522,3300,Herrenfahrrad
3400721,4920,divers
12400720,650,Herrenfahrrad
2100106,454,Herrenfahrrad
8200832,1000,Damenfahrrad
8100208,960,Herrenfahrrad
2200211,300,Damenfahrrad
1200624,2300,Damenfahrrad
3400725,827,Herrenfahrrad
1100414,1500,Herrenfahrrad
6100208,1600,Herrenfahrrad
1401046,500,Damenfahrrad
3601346,279,Herrenfahrrad
7400720,478,Kinderfahrrad
6100206,800,Herrenfahrrad
5200422,300,Mountainbike
1400939,1575,Herrenfahrrad
5100316,809,Damenfahrrad
4400830,470,Herrenfahrrad
2300418,740,Damenfahrrad
7100103,750,Damenfahrrad
4500939,525,Damenfahrrad
9200613,190,Kinderfahrrad
7300619,2099,Damenfahrrad
4400729,160,Herrenfahrrad
4400830,668,Herrenfahrrad
6100103,1400,Damenfahrrad
3400721,3013,Herrenfahrrad
9501737,899,Herrenfahrrad
3601245,1199,Damenfahrrad
11200410,1,Fahrrad
11501341,493,Fahrrad
6100102,5150,Fahrrad
8200726,1120,Damenfahrrad
4400726,379,Fahrrad
3200207,600,Damenfahrrad
7601238,2800,Herrenfahrrad
3601140,650,Herrenfahrrad
7501133,900,Herrenfahrrad
6300634,750,Herrenfahrrad
4501153,899,Herrenfahrrad
3701556,2320,Damenfahrrad
11501341,599,Herrenfahrrad
7300619,350,Herrenfahrrad
5300737,500,Damenfahrrad
1300835,300,Damenfahrrad
7100204,700,Herrenfahrrad
11200514,620,Herrenfahrrad
2200210,989,Herrenfahrrad
2400522,277,Herrenfahrrad
5100316,150,Damenfahrrad
11300617,248,Kinderfahrrad
2300314,500,Herrenfahrrad
10100210,799,Damenfahrrad
1200522,1600,Rennrad
7200414,930,Damenfahrrad
2200213,220,Damenfahrrad
2100101,1000,Mountainbike
11300721,450,Mountainbike
2200213,685,Damenfahrrad
3200205,2328,Herrenfahrrad
3100103,350,Mountainbike
12500928,357,Damenfahrrad
3400826,440,Herrenfahrrad
11200410,200,Herrenfahrrad
4501045,584,Herrenfahrrad
1300835,300,Herrenfahrrad
1100207,530,Damenfahrrad
2200207,644,Herrenfahrrad
12400720,633,Damenfahrrad
4500937,700,Herrenfahrrad
11100206,600,Damenfahrrad
2300314,500,Herrenfahrrad
1100416,439,Fahrrad
3500932,449,Herrenfahrrad
1100206,616,Herrenfahrrad
3701660,819,Herrenfahrrad
2200211,2817,Herrenfahrrad
4400834,565,Damenfahrrad
1200628,900,Herrenfahrrad
12400723,399,Damenfahrrad
3601452,1900,Rennrad
1100102,1228,Fahrrad
1100313,850,Rennrad
4400835,565,Damenfahrrad
4300623,1499,Fahrrad
4501151,799,Damenfahrrad
6100205,200,Mountainbike
1400942,790,Fahrrad
2400522,400,Damenfahrrad
6100102,1433,Fahrrad
1200626,600,Herrenfahrrad
7100102,1300,Rennrad
7200411,100,Fahrrad
4501147,699,Fahrrad
12100102,284,Damenfahrrad
6400735,298,Herrenfahrrad
1100310,1050,Herrenfahrrad
9300920,565,Herrenfahrrad
3601346,2299,Damenfahrrad
2400520,2922,Damenfahrrad
4100101,150,Damenfahrrad
9200613,350,Herrenfahrrad
8100103,100,Fahrrad
9100101,450,Herrenfahrrad
4100101,150,Damenfahrrad
9300920,2999,Fahrrad
2400520,620,Damenfahrrad
7300517,919,Damenfahrrad
11400929,100,Damenfahrrad
3200205,5175,Damenfahrrad
2500831,799,Herrenfahrrad
12100204,350,Herrenfahrrad
3400723,929,Damenfahrrad
4501044,1099,Herrenfahrrad
5200527,399,Damenfahrrad
11300826,130,Damenfahrrad
4501147,1600,Fahrrad
4300416,1899,Damenfahrrad
9100101,1099,Herrenfahrrad
6400843,1460,Fahrrad
10100101,530,Herrenfahrrad
3601141,1900,Herrenfahrrad
4300624,849,Herrenfahrrad
11400929,580,Mountainbike
9100101,699,Damenfahrrad
4500936,250,Mountainbike
6300526,299,Damenfahrrad
6400843,2899,Damenfahrrad
9100304,830,Herrenfahrrad
12500825,399,Herrenfahrrad
8100416,550,Damenfahrrad
3400725,899,Damenfahrrad
1200625,509,Herrenfahrrad
1100309,750,Damenfahrrad
1300733,724,Herrenfahrrad
4501152,363,Herrenfahrrad
4500938,550,Herrenfahrrad
11300620,500,Fahrrad
7100101,400,Fahrrad
3200207,624,Damenfahrrad
9301024,1000,Fahrrad
6400839,549,Damenfahrrad
6400735,714,Herrenfahrrad
6300527,2289,Damenfahrrad
2400625,1500,Fahrrad
1100206,1930,Herrenfahrrad
2200207,554,Damenfahrrad
1100206,2041,Herrenfahrrad
8100314,420,Rennrad
8200622,599,Fahrrad
6100103,500,Damenfahrrad
2500832,600,Herrenfahrrad
2300417,500,Herrenfahrrad
8100208,1094,Herrenfahrrad
12500928,449,Herrenfahrrad
3601139,379,Mountainbike
8100206,599,Herrenfahrrad
1100415,1000,Mountainbike
9200613,1100,Herrenfahrrad
8100206,800,Herrenfahrrad
4300517,110,Damenfahrrad
10100316,10,Herrenfahrrad
3200207,1250,Herrenfahrrad
2400625,600,Herrenfahrrad
12601134,800,Herrenfahrrad
3601245,529,Herrenfahrrad
4300416,230,Fahrrad
5100314,2000,divers
1200624,899,Mountainbike
8401242,500,Damenfahrrad
3200207,135,Damenfahrrad
2300417,1,Fahrrad
11200513,500,Damenfahrrad
4300518,799,Herrenfahrrad
9200613,1399,Fahrrad
1200521,697,Herrenfahrrad
1100311,1000,Damenfahrrad
9100203,179,Damenfahrrad
7300619,599,Herrenfahrrad
2100105,360,Damenfahrrad
5100207,350,Herrenfahrrad
1401049,1300,Herrenfahrrad
3601449,550,Damenfahrrad
9100101,1200,Damenfahrrad
11100307,630,Herrenfahrrad
4100101,299,Herrenfahrrad
8401244,2098,divers
9200510,50,Fahrrad
1400938,200,Fahrrad
8100418,1280,Damenfahrrad
8100310,939,Herrenfahrrad
3300411,1300,Kinderfahrrad
7400822,350,Herrenfahrrad
7200307,380,Damenfahrrad
9100407,600,Mountainbike
1300731,500,Mountainbike
6100206,879,Herrenfahrrad
11100203,4487,Damenfahrrad
2100106,299,Herrenfahrrad
3701554,1039,Damenfahrrad
12200308,300,Herrenfahrrad
6200313,597,Herrenfahrrad
8100415,599,Damenfahrrad
7200308,649,Damenfahrrad
2400625,450,Herrenfahrrad
9200511,670,Mountainbike
10300734,523,Herrenfahrrad
5100316,585,Damenfahrrad
3400723,600,Herrenfahrrad
3501037,580,Fahrrad
2400624,1100,Herrenfahrrad
9100304,250,Fahrrad
3400619,510,Kinderfahrrad
3400618,450,Herrenfahrrad
4200308,250,Herrenfahrrad
3601142,550,Herrenfahrrad
4300623,424,Herrenfahrrad
1300834,675,Damenfahrrad
1300733,100,Damenfahrrad
2100102,3000,Herrenfahrrad
6200421,150,Fahrrad
2100106,1099,Damenfahrrad
4400830,488,Herrenfahrrad
1100414,900,Damenfahrrad
1200522,200,Damenfahrrad
2300419,749,Herrenfahrrad
11501238,550,Herrenfahrrad
9200819,548,Herrenfahrrad
4501148,673,Damenfahrrad
4501148,1300,Herrenfahrrad
7400823,200,Mountainbike
2400624,1283,Herrenfahrrad
2400521,988,Herrenfahrrad
1100415,920,Herrenfahrrad
2400624,1348,Herrenfahrrad
4501041,1488,Damenfahrrad
9501736,656,Damenfahrrad
3300412,1163,Herrenfahrrad
11100206,619,Herrenfahrrad
1100104,999,Damenfahrrad
4400830,1100,Herrenfahrrad
1300836,310,Mountainbike
4501149,850,Herrenfahrrad
6400736,2169,Herrenfahrrad
1100309,1942,Herrenfahrrad
1100308,150,Damenfahrrad
4501151,599,Herrenfahrrad
6400736,899,Herrenfahrrad
10100314,200,Damenfahrrad
4300623,2199,Fahrrad
3200206,1712,Herrenfahrrad
4501150,470,Damenfahrrad
4500937,579,Herrenfahrrad
9100101,300,Herrenfahrrad
2200210,560,Fahrrad
4501149,398,Herrenfahrrad
4200204,403,Herrenfahrrad
3601139,317,Herrenfahrrad
2100101,426,Damenfahrrad
7501032,293,Kinderfahrrad
1401049,1900,Herrenfahrrad
1100311,570,divers
3701660,589,Damenfahrrad
2300417,820,Herrenfahrrad
1100415,250,Herrenfahrrad
9401329,850,Herrenfahrrad
11400929,100,Damenfahrrad
6200421,645,Damenfahrrad
11400929,125,Damenfahrrad
4200308,222,Kinderfahrrad
1100205,599,Herrenfahrrad
6400838,1526,Damenfahrrad
9100101,249,Damenfahrrad
2500834,440,Herrenfahrrad
9100101,35,Damenfahrrad
1100415,750,Damenfahrrad
10300733,765,Damenfahrrad
1200624,130,Damenfahrrad
1100309,1100,Herrenfahrrad
3601141,348,Herrenfahrrad
1200522,1400,Herrenfahrrad
9200511,886,Herrenfahrrad
6300526,1265,Herrenfahrrad
4300416,1090,Mountainbike
6300630,610,Herrenfahrrad
2300419,700,Herrenfahrrad
2100105,929,Herrenfahrrad
7100102,100,Damenfahrrad
3601346,190,Damenfahrrad
6300630,879,Damenfahrrad
3601140,500,Damenfahrrad
3601139,849,Herrenfahrrad
4100102,544,Herrenfahrrad
6300527,400,Mountainbike
3601347,500,Herrenfahrrad
2100104,1,Fahrrad
1100207,165,Fahrrad
2200212,408,Rennrad
10100311,1920,Mountainbike
1400942,180,Damenfahrrad
1400939,250,Herrenfahrrad
11501340,3680,Herrenfahrrad
2200210,180,Damenfahrrad
1200625,339,Damenfahrrad
3501038,568,Damenfahrrad
9100101,499,Damenfahrrad
7300517,542,Kinderfahrrad
1300836,320,Herrenfahrrad
2200210,180,Damenfahrrad
3701556,400,Damenfahrrad
2500727,110,Herrenfahrrad
12601236,286,Herrenfahrrad
9300920,499,Herrenfahrrad
3400826,900,Damenfahrrad
3601347,599,Herrenfahrrad
9401534,699,Herrenfahrrad
12400721,1400,Herrenfahrrad
7200412,970,Herrenfahrrad
2500727,3014,Fahrrad
9200613,750,Damenfahrrad
3400830,405,Herrenfahrrad
1100309,800,Herrenfahrrad
9200715,1890,Herrenfahrrad
3601348,2000,Herrenfahrrad
3601142,680,Fahrrad
9502043,979,Herrenfahrrad
4501042,439,Herrenfahrrad
3701660,2500,Damenfahrrad
4400832,299,Herrenfahrrad
4300622,680,Herrenfahrrad
1100311,1499,Fahrrad
2100102,599,Herrenfahrrad
7400720,799,Damenfahrrad
3400723,460,Damenfahrrad
6400737,1100,Herrenfahrrad
4300624,950,Herrenfahrrad
4400835,795,Damenfahrrad
7100102,699,Mountainbike
6300526,1000,Herrenfahrrad
2300419,300,Herrenfahrrad
7400822,1050,Damenfahrrad
6300630,569,Damenfahrrad
1100415,625,Damenfahrrad
1400937,4000,Herrenfahrrad
3701659,1326,Herrenfahrrad
8300934,417,Herrenfahrrad
9100101,540,Herrenfahrrad
8401139,174,Damenfahrrad
1100308,700,Herrenfahrrad
12100102,740,Herrenfahrrad
7100102,800,Herrenfahrrad
3400826,269,Herrenfahrrad
7200409,1270,Damenfahrrad
3701659,60,Kinderfahrrad
1200629,2951,Fahrrad
3701660,549,Damenfahrrad
8100208,467,Herrenfahrrad
1100309,1070,Fahrrad
2500833,399,Herrenfahrrad
11401137,450,Damenfahrrad
8401138,4191,Mountainbike
8100208,250,Kinderfahrrad
3601243,1423,Herrenfahrrad
1300730,349,Herrenfahrrad
7100101,750,Damenfahrrad
4300623,3700,Fahrrad
1100310,1870,Rennrad
9200715,2000,Herrenfahrrad
1401048,1126,Damenfahrrad
7601340,190,Fahrrad
2400623,250,Fahrrad
6100103,1076,Herrenfahrrad
11501238,250,Damenfahrrad
2400521,448,Fahrrad
6200311,650,Damenfahrrad
4501147,539,Damenfahrrad
1200626,600,Fahrrad
4300620,1675,Herrenfahrrad
3601142,949,Herrenfahrrad
8100103,745,Damenfahrrad
4300622,2900,Damenfahrrad
2400625,2070,Herrenfahrrad
1401043,543,Herrenfahrrad
7400720,615,Herrenfahrrad
3500932,929,Herrenfahrrad
3601243,890,Herrenfahrrad
2500728,580,Herrenfahrrad
4300414,2000,divers
9502043,400,Mountainbike
6400842,679,Herrenfahrrad
7200308,150,Herrenfahrrad
2300419,500,Damenfahrrad
2100104,699,Damenfahrrad
6400842,100,Mountainbike
4100101,1000,Herrenfahrrad
1200519,300,Mountainbike
6400838,428,Damenfahrrad
3400721,458,Damenfahrrad
8100311,1060,Herrenfahrrad
2500834,1300,Herrenfahrrad
5200630,528,Herrenfahrrad
4501151,100,Herrenfahrrad
1100312,305,Damenfahrrad
4501151,50,Herrenfahrrad
3400722,600,Damenfahrrad
3400722,499,Herrenfahrrad
6200313,499,Damenfahrrad
8100311,650,Herrenfahrrad
6100102,660,Mountainbike
7601442,300,Damenfahrrad
3400826,1300,Herrenfahrrad
7200308,549,Damenfahrrad
1100308,1030,divers
2100103,1,Fahrrad
2500726,4038,Fahrrad
2200213,700,Fahrrad
4300619,659,Fahrrad
1100309,1000,Rennrad
7300515,1700,Herrenfahrrad
12100205,400,Herrenfahrrad
2500834,799,Damenfahrrad
2200213,799,Herrenfahrrad
2400521,1000,Herrenfahrrad
10200421,445,Herrenfahrrad
4300416,600,Damenfahrrad
1100309,859,Damenfahrrad
11300617,448,Damenfahrrad
8300934,499,Damenfahrrad
7400720,414,Herrenfahrrad
7100103,500,Herrenfahrrad
3701659,1598,Herrenfahrrad
11501341,500,Fahrrad
8100415,4000,Fahrrad
2400522,315,Kinderfahrrad
8100417,635,Herrenfahrrad
3601451,450,Fahrrad
4501152,348,Damenfahrrad
3601243,2261,Herrenfahrrad
11200514,900,divers
5300840,1550,Fahrrad
2100106,1335,Herrenfahrrad
2400624,880,Herrenfahrrad
7100101,1100,Herrenfahrrad
2200210,839,Damenfahrrad
2500834,3449,Herrenfahrrad
9501737,807,Kinderfahrrad
11200512,1299,Damenfahrrad
8401244,635,Herrenfahrrad
2500729,548,Fahrrad
3400723,250,Herrenfahrrad
6400840,800,Damenfahrrad
9100101,3500,Mountainbike
11401135,250,Herrenfahrrad
4501043,2505,Fahrrad
11100307,820,Herrenfahrrad
1300834,338,Damenfahrrad
2200211,1544,Damenfahrrad
12601032,199,Damenfahrrad
9501736,450,Herrenfahrrad
4300416,653,Herrenfahrrad
7100101,376,Herrenfahrrad
9501736,700,Herrenfahrrad
1300731,250,Herrenfahrrad
3100101,459,Damenfahrrad
2500834,100,Damenfahrrad
12500824,2480,Herrenfahrrad
4300413,250,Damenfahrrad
11401135,409,Herrenfahrrad
2300417,890,Fahrrad
6300634,300,Damenfahrrad
2200210,885,Damenfahrrad
6300527,0,Lastenfahrrad
1401046,440,Fahrrad
1400942,250,Mountainbike
3200310,500,Herrenfahrrad
12400723,600,Herrenfahrrad
1200629,1200,Herrenfahrrad
9100101,2000,Herrenfahrrad
12200412,299,Herrenfahrrad
1100207,750,Damenfahrrad
6300527,500,Kinderfahrrad
3200205,800,divers
3701660,928,Herrenfahrrad
1100207,3256,Herrenfahrrad
4400727,1299,Herrenfahrrad
11300619,599,Herrenfahrrad
6300527,349,Herrenfahrrad
2500729,999,Damenfahrrad
8100102,1400,Herrenfahrrad
9200510,550,Herrenfahrrad
7400826,670,Damenfahrrad
3601453,1500,Mountainbike
6400735,830,Damenfahrrad
3701658,500,Herrenfahrrad
2500836,350,Herrenfahrrad
12400618,840,Damenfahrrad
3601142,894,Herrenfahrrad
3500933,500,Fahrrad
3601245,200,Herrenfahrrad
7200308,859,Damenfahrrad
8200726,399,Herrenfahrrad
11300617,450,Herrenfahrrad
8100314,614,Damenfahrrad
2100101,1139,Herrenfahrrad
10200524,300,Damenfahrrad
4300412,499,Herrenfahrrad
3500934,350,Herrenfahrrad
4500938,400,Damenfahrrad
1300836,650,Herrenfahrrad
1401046,437,Kinderfahrrad
3400721,529,Herrenfahrrad
10400836,399,Damenfahrrad
4500936,470,Herrenfahrrad
2200213,481,Herrenfahrrad
10300733,240,Damenfahrrad
5200527,350,Damenfahrrad
2300417,500,Rennrad
3701556,1546,Fahrrad
7100206,2300,Herrenfahrrad
6200423,600,divers
2400520,120,Damenfahrrad
3601244,1522,Fahrrad
2400623,900,Mountainbike
7100204,200,Herrenfahrrad
3400724,370,Damenfahrrad
3601140,372,Herrenfahrrad
9100101,250,Fahrrad
5100312,689,Herrenfahrrad
8100418,260,Damenfahrrad
2500729,300,Damenfahrrad
9501737,1000,Herrenfahrrad
6100101,1249,Herrenfahrrad
9200715,909,Herrenfahrrad
8100103,1580,Herrenfahrrad
2400624,2750,Herrenfahrrad
4300621,500,divers
3701658,952,Herrenfahrrad
2500833,565,Damenfahrrad
3601347,1034,Mountainbike
4501043,454,Herrenfahrrad
12400722,1153,Herrenfahrrad
2400521,819,Herrenfahrrad
3400830,325,Herrenfahrrad
3300412,300,Damenfahrrad
4300620,677,Herrenfahrrad
9301025,250,Kinderfahrrad
11200411,498,Damenfahrrad
4501045,333,Damenfahrrad
8100206,800,Herrenfahrrad
6400840,599,Damenfahrrad
3701554,820,Herrenfahrrad
8100417,500,Damenfahrrad
6300528,214,Damenfahrrad
3200309,150,Fahrrad
5200629,200,Damenfahrrad
4200206,649,Herrenfahrrad
11300722,1364,Damenfahrrad
12500928,535,Damenfahrrad
7100103,599,Herrenfahrrad
7100101,1148,Herrenfahrrad
11200514,1000,Damenfahrrad
8100208,600,Herrenfahrrad
4400834,2599,Damenfahrrad
7100103,294,Herrenfahrrad
9200715,730,Fahrrad
3400722,3000,Rennrad
3601450,652,Herrenfahrrad
3400830,500,Herrenfahrrad
2300419,400,Fahrrad
1401044,690,Herrenfahrrad
2500832,599,Herrenfahrrad
3601452,599,Damenfahrrad
7501031,2699,Herrenfahrrad
1300836,517,Damenfahrrad
7300517,488,Herrenfahrrad
3400724,499,Kinderfahrrad
2500833,900,Fahrrad
3400830,250,Fahrrad
4501153,500,Herrenfahrrad
1100309,300,Kinderfahrrad
12601134,478,Herrenfahrrad
8100314,1192,Herrenfahrrad
3500933,150,Damenfahrrad
8100312,640,Herrenfahrrad
3701658,0,Herrenfahrrad
4400727,700,Herrenfahrrad
2300418,600,Herrenfahrrad
2400624,270,Herrenfahrrad
1400937,200,Damenfahrrad
5200629,700,Herrenfahrrad
2300419,300,Herrenfahrrad
8100310,350,Damenfahrrad
1300731,283,Herrenfahrrad
9200715,400,Fahrrad
8100312,3688,Damenfahrrad
2100106,600,Herrenfahrrad
7100102,400,Damenfahrrad
5200527,350,Herrenfahrrad
3300514,350,Herrenfahrrad
12500930,940,Herrenfahrrad
8100311,540,Herrenfahrrad
9501737,275,Rennrad
1401044,100,Damenfahrrad
8100418,1435,Herrenfahrrad
2200209,664,Damenfahrrad
8100521,500,Herrenfahrrad
7601547,399,Mountainbike
1100414,950,Herrenfahrrad
1200629,348,Kinderfahrrad
12500930,849,Damenfahrrad
1200629,398,Damenfahrrad
8100417,1591,Fahrrad
2500833,590,Damenfahrrad
3601243,1200,Fahrrad
6200420,728,divers
11300721,75,Damenfahrrad
6100207,664,Fahrrad
6100207,950,Herrenfahrrad
9100409,1890,Herrenfahrrad
3200309,150,Damenfahrrad
3400828,4400,Herrenfahrrad
11400930,2520,Fahrrad
3400827,1099,Herrenfahrrad
11400927,0,Herrenfahrrad
1100206,485,Herrenfahrrad
9401534,4300,Herrenfahrrad
6100103,950,Herrenfahrrad
11300725,744,Herrenfahrrad
4501043,519,Herrenfahrrad
3400721,579,Kinderfahrrad
3701659,770,Fahrrad
1100311,1800,Herrenfahrrad
4501152,879,Damenfahrrad
3500935,1550,Herrenfahrrad
8200725,499,Herrenfahrrad
8100206,650,Damenfahrrad
4200309,500,Herrenfahrrad
5100208,300,Herrenfahrrad
1200522,592,Herrenfahrrad
2400625,1029,Herrenfahrrad
6400840,978,Damenfahrrad
9200717,600,Mountainbike
3500936,799,Herrenfahrrad
8401243,550,Damenfahrrad
11300620,398,Fahrrad
7100102,654,Kinderfahrrad
7601236,400,Damenfahrrad
4400830,370,Herrenfahrrad
8100311,1549,Rennrad
4500936,975,Herrenfahrrad
10400836,519,Fahrrad
4501043,499,Fahrrad
8100102,400,Herrenfahrrad
8100311,795,Damenfahrrad
7200411,500,Herrenfahrrad
3601452,399,Herrenfahrrad
1200626,1300,Herrenfahrrad
6400840,283,Kinderfahrrad
3400826,750,Herrenfahrrad
4501043,1300,Herrenfahrrad
4300414,180,Damenfahrrad
4400834,605,Herrenfahrrad
2300417,135,Herrenfahrrad
2300314,500,Herrenfahrrad
9200511,850,Mountainbike
11100309,268,Herrenfahrrad
1300834,229,Kinderfahrrad
1100308,499,Damenfahrrad
3200207,543,Herrenfahrrad
1100309,536,Kinderfahrrad
6400735,500,Mountainbike
7100101,550,Damenfahrrad
7100101,1500,Herrenfahrrad
1100205,200,Herrenfahrrad
3400826,443,Herrenfahrrad
8100314,320,Damenfahrrad
7300619,430,Damenfahrrad
8100208,350,Kinderfahrrad
4300413,360,Herrenfahrrad
10400836,550,Damenfahrrad
4200309,514,Damenfahrrad
3601141,500,Herrenfahrrad
2100106,300,Fahrrad
11300616,438,Damenfahrrad
8100206,990,Damenfahrrad
5200629,1000,Herrenfahrrad
1401047,350,Herrenfahrrad
1200629,1,Fahrrad
8100418,670,Fahrrad
1100310,450,Mountainbike
2400623,9500,Herrenfahrrad
7200307,714,Damenfahrrad
2300417,400,Damenfahrrad
2500835,1100,Herrenfahrrad
3601245,1120,Damenfahrrad
2500833,1910,Damenfahrrad
11300722,700,Damenfahrrad
3300516,260,Fahrrad
3701556,668,Herrenfahrrad
3701660,922,Herrenfahrrad
4200311,800,Damenfahrrad
3601348,750,Herrenfahrrad
9200613,350,Damenfahrrad
9100101,369,Kinderfahrrad
7100204,1150,Mountainbike
12100103,148,Mountainbike
1200629,470,Damenfahrrad
4300624,704,Herrenfahrrad
2500729,200,Mountainbike
4300518,868,Herrenfahrrad
9200715,1199,Herrenfahrrad
3701556,816,Herrenfahrrad
12100102,599,Herrenfahrrad
1401048,428,Herrenfahrrad
3500934,300,Herrenfahrrad
3701658,1050,Rennrad
2100101,500,Mountainbike
6400838,500,Mountainbike
12400720,799,Kinderfahrrad
1400938,3000,Fahrrad
2500835,1700,Mountainbike
2100102,2918,Damenfahrrad
11401033,280,Herrenfahrrad
8100208,499,Herrenfahrrad
1400939,1150,Damenfahrrad
1200519,1000,Damenfahrrad
3601243,591,Damenfahrrad
4200309,2200,Herrenfahrrad
1100207,388,Damenfahrrad
12400722,488,Kinderfahrrad
8200730,799,Herrenfahrrad
8100206,469,Herrenfahrrad
9200715,1499,Damenfahrrad
7501031,300,Herrenfahrrad
3601140,600,Damenfahrrad
2300314,800,Herrenfahrrad
1300835,4500,Herrenfahrrad
3701554,290,Herrenfahrrad
3400723,2649,Damenfahrrad
2300418,1000,Herrenfahrrad
12200309,2350,Damenfahrrad
3701555,1070,Damenfahrrad
3601140,600,divers
7100101,195,Kinderfahrrad
3100103,1259,Herrenfahrrad
8100310,450,Damenfahrrad
12400723,498,Mountainbike
2400522,650,Herrenfahrrad
1300835,6999,Herrenfahrrad
10100312,299,Herrenfahrrad
8100520,273,Herrenfahrrad
1100310,502,Damenfahrrad
11200515,498,Herrenfahrrad
1100313,340,Damenfahrrad
3701660,1287,Fahrrad
3500932,399,Herrenfahrrad
2300314,2050,Herrenfahrrad
8200624,500,Mountainbike
4400834,529,Damenfahrrad
4501043,40,Herrenfahrrad
1200629,573,Damenfahrrad
7100204,530,Fahrrad
4500936,3100,Herrenfahrrad
1100416,764,Kinderfahrrad
1200519,1000,Damenfahrrad
7200413,550,Kinderfahrrad
7100103,649,Herrenfahrrad
1100313,299,Herrenfahrrad
8100312,458,Herrenfahrrad
12100101,220,Fahrrad
1401043,3635,Fahrrad
6400838,1550,Herrenfahrrad
3200207,150,Herrenfahrrad
5100316,450,Damenfahrrad
7300618,270,Damenfahrrad
9401433,100,Damenfahrrad
3701555,799,Herrenfahrrad
2200207,135,Damenfahrrad
4300624,1274,Herrenfahrrad
5100208,1108,Herrenfahrrad
5300840,1202,Herrenfahrrad
1100207,800,Herrenfahrrad
6100103,350,Damenfahrrad
3601346,75,Herrenfahrrad
2500726,1235,Damenfahrrad
3701657,50,Rennrad
1100308,990,Fahrrad
6100102,1226,Damenfahrrad
3400826,874,Damenfahrrad
6300632,600,Herrenfahrrad
1401049,110,Damenfahrrad
3400721,150,Kinderfahrrad
3400723,226,Herrenfahrrad
9200512,350,Herrenfahrrad
3400721,100,Herrenfahrrad
1200628,3060,Herrenfahrrad
2200208,100,Fahrrad
4300623,500,Herrenfahrrad
2500830,699,Damenfahrrad
2400520,314,Fahrrad
4500938,1200,Damenfahrrad
2500728,1,Herrenfahrrad
3601243,828,Damenfahrrad
3601347,430,Damenfahrrad
7200409,1399,Herrenfahrrad
3601347,1050,Herrenfahrrad
8100312,500,Herrenfahrrad
8100209,70,Damenfahrrad
7100204,770,Herrenfahrrad
3701659,850,Herrenfahrrad
7100103,1249,Mountainbike
1401047,840,Herrenfahrrad
1300731,493,Fahrrad
11401032,1150,Damenfahrrad
2400623,2000,Fahrrad
5200630,1960,Herrenfahrrad
3601348,160,Herrenfahrrad
3400721,478,Kinderfahrrad
6100207,4667,Damenfahrrad
2200210,380,Damenfahrrad
7400927,420,Fahrrad
6300526,100,Herrenfahrrad
6100208,150,Rennrad
11401034,550,Fahrrad
11300725,1900,Herrenfahrrad
12500930,400,Mountainbike
5200528,250,Mountainbike
3400828,230,Rennrad
3601451,100,Damenfahrrad
1100313,214,Fahrrad
10300732,399,Damenfahrrad
7200307,2100,Herrenfahrrad
11300725,499,Herrenfahrrad
7100204,405,Damenfahrrad
6200422,250,Damenfahrrad
1100313,250,Rennrad
9100101,300,Fahrrad
12601134,493,Herrenfahrrad
4300619,300,Fahrrad
4501152,635,Herrenfahrrad
3701554,397,Damenfahrrad
11200410,444,Damenfahrrad
2200209,80,Damenfahrrad
11401137,199,Damenfahrrad
1401048,341,Herrenfahrrad
8100311,500,Herrenfahrrad
3400722,450,Kinderfahrrad
1400938,550,Herrenfahrrad
1100308,650,Herrenfahrrad
11401135,604,Herrenfahrrad
2500728,250,Herrenfahrrad
4200311,1199,Herrenfahrrad
6200420,500,Damenfahrrad
2200208,1400,Damenfahrrad
2500833,360,Herrenfahrrad
8200729,849,Damenfahrrad
4501041,1850,Fahrrad
3601346,75,Damenfahrrad
4400835,750,Herrenfahrrad
7100101,260,Herrenfahrrad
1100415,370,Herrenfahrrad
6100102,1899,Damenfahrrad
3701555,299,Fahrrad
1100415,899,Herrenfahrrad
2400522,400,Fahrrad
12400720,950,Herrenfahrrad
7300618,1060,Herrenfahrrad
1100309,299,Damenfahrrad
11300826,499,Herrenfahrrad
4200308,1125,Damenfahrrad
4400835,899,Damenfahrrad
3400828,410,Damenfahrrad
1300732,950,Herrenfahrrad
2500726,850,Herrenfahrrad
6400841,3000,Mountainbike
7601238,269,Herrenfahrrad
1400940,500,Rennrad
3701555,1096,Herrenfahrrad
11401137,590,Damenfahrrad
9100101,7000,Herrenfahrrad
7200409,2500,Herrenfahrrad
7200409,1099,Mountainbike
3100103,300,Damenfahrrad
9501939,263,Herrenfahrrad
4501044,430,Damenfahrrad
2300417,170,Damenfahrrad
1300834,859,Damenfahrrad
2200208,950,Herrenfahrrad
5300736,700,Damenfahrrad
11501341,1551,Damenfahrrad
1100102,1198,Rennrad
7200411,700,Rennrad
4300517,300,Damenfahrrad
1401048,550,Damenfahrrad
6400840,500,Damenfahrrad
2500835,1049,Herrenfahrrad
1400942,250,Rennrad
6300527,879,Fahrrad
3701660,659,Herrenfahrrad
1100414,1658,Herrenfahrrad
3601243,330,Herrenfahrrad
10300733,338,Fahrrad
7200411,2230,Herrenfahrrad
3601348,229,Herrenfahrrad
12601133,500,Herrenfahrrad
3500934,347,Fahrrad
2100106,338,Herrenfahrrad
8100311,250,Damenfahrrad
1100414,719,Fahrrad
7100101,250,Damenfahrrad
11200411,399,Damenfahrrad
1100104,2782,Fahrrad
5200629,419,Herrenfahrrad
5200630,700,Herrenfahrrad
2400522,640,Herrenfahrrad
9501737,450,Kinderfahrrad
4200309,3500,Damenfahrrad
2400625,3800,Herrenfahrrad
3300412,750,Herrenfahrrad
9200613,1500,Herrenfahrrad
4300416,350,Herrenfahrrad
4300624,7500,Herrenfahrrad
3701556,529,Mountainbike
11200514,398,Herrenfahrrad
3601142,930,Herrenfahrrad
1100311,1114,Herrenfahrrad
1300731,1330,Herrenfahrrad
4300415,1699,Herrenfahrrad
9100101,650,Damenfahrrad
1100312,500,Herrenfahrrad
7200413,2699,Herrenfahrrad
1300836,340,Herrenfahrrad
6200313,269,Damenfahrrad
1100415,829,Herrenfahrrad
4300412,300,Herrenfahrrad
8100206,700,Mountainbike
2500729,550,Herrenfahrrad
2500834,850,Herrenfahrrad
5400942,600,Herrenfahrrad
3400619,600,Herrenfahrrad
11501341,514,Fahrrad
4501044,100,Damenfahrrad
1100415,818,Herrenfahrrad
1100206,1500,Herrenfahrrad
2500729,1250,Herrenfahrrad
1100415,600,Herrenfahrrad
9301126,900,Herrenfahrrad
2500726,979,Herrenfahrrad
4501041,1094,Damenfahrrad
7100206,1238,Herrenfahrrad
1200626,100,Herrenfahrrad
9200512,1560,Herrenfahrrad
2500834,399,Damenfahrrad
3400722,1070,Damenfahrrad
4501043,539,Damenfahrrad
4501043,1850,Fahrrad
4501153,978,Damenfahrrad
6400840,500,Mountainbike
12400722,6500,Mountainbike
6300631,250,Damenfahrrad
1100312,800,Herrenfahrrad
4501151,520,Damenfahrrad
8100417,750,Mountainbike
2500836,899,Herrenfahrrad
1100415,676,Herrenfahrrad
3701556,350,Kinderfahrrad
2200211,870,Herrenfahrrad
3601141,529,Herrenfahrrad
9401534,799,Damenfahrrad
7300619,1600,Fahrrad
3400724,75,Damenfahrrad
3300514,199,Damenfahrrad
1100206,300,Damenfahrrad
3601452,1000,divers
9200613,1700,Herrenfahrrad
4300413,0,Damenfahrrad
7200413,775,Herrenfahrrad
4400830,599,Damenfahrrad
1100308,1136,Herrenfahrrad
1100310,849,Damenfahrrad
4501043,302,Damenfahrrad
1300730,470,Damenfahrrad
3701554,1800,Herrenfahrrad
11400929,250,Herrenfahrrad
6100101,1270,Fahrrad
9200715,700,Herrenfahrrad
9100101,899,Herrenfahrrad
7200410,678,Fahrrad
4400729,1200,Herrenfahrrad
10300732,2399,Damenfahrrad
6300526,600,Damenfahrrad
2200207,809,Herrenfahrrad
3400723,500,Damenfahrrad
3300412,350,Herrenfahrrad
8100102,440,Herrenfahrrad
1100311,2348,Fahrrad
4501043,599,Herrenfahrrad
3500932,600,Fahrrad
8100312,1800,Damenfahrrad
8200727,279,Damenfahrrad
4501149,349,Herrenfahrrad
9502043,399,Damenfahrrad
7200411,349,Fahrrad
12601133,955,Herrenfahrrad
4501149,2836,Herrenfahrrad
8100312,275,Rennrad
9100304,452,Herrenfahrrad
3501038,200,Herrenfahrrad
6400843,629,Damenfahrrad
1100308,699,Herrenfahrrad
1401046,350,Fahrrad
2100106,700,Herrenfahrrad
8100206,800,Herrenfahrrad
11501238,1050,Damenfahrrad
6100102,499,Damenfahrrad
2300419,559,Herrenfahrrad
8100104,150,Herrenfahrrad
2200213,1165,Herrenfahrrad
9100101,699,Damenfahrrad
6100103,1295,Fahrrad
9200511,169,Damenfahrrad
9200613,599,Damenfahrrad
2500727,1800,Damenfahrrad
6300632,542,Herrenfahrrad
2200213,1194,Herrenfahrrad
1200628,1200,Herrenfahrrad
3601243,400,Fahrrad
10400837,850,Herrenfahrrad
3601245,525,Damenfahrrad
1200629,2399,Damenfahrrad
4200206,420,Damenfahrrad
1200625,824,Herrenfahrrad
9100101,999,Damenfahrrad
1200623,2000,divers
4100101,240,Damenfahrrad
1100206,2899,Herrenfahrrad
4300517,984,Herrenfahrrad
9200716,279,Damenfahrrad
7400720,450,Herrenfahrrad
1100414,1500,Herrenfahrrad
5100316,500,Herrenfahrrad
6300528,1150,Mountainbike
2300418,890,Herrenfahrrad
1400937,829,Herrenfahrrad
7200414,1199,Herrenfahrrad
3601140,500,Herrenfahrrad
9501838,569,Damenfahrrad
9301025,519,Fahrrad
1100416,1049,Herrenfahrrad
3601453,650,Herrenfahrrad
1300732,270,Damenfahrrad
8100206,260,Damenfahrrad
11401034,389,Damenfahrrad
10100104,430,Damenfahrrad
4501149,400,Damenfahrrad
9501737,1000,Fahrrad
8100102,400,Herrenfahrrad
3701554,1050,Fahrrad
5100316,499,Herrenfahrrad
6100102,500,Herrenfahrrad
1200628,200,Herrenfahrrad
2500728,995,Herrenfahrrad
2300315,180,Damenfahrrad
10400939,1249,Damenfahrrad
8100310,499,Damenfahrrad
2200208,1057,Damenfahrrad
4300518,500,Herrenfahrrad
3400721,448,Herrenfahrrad
2500728,1900,Herrenfahrrad
4300517,283,Damenfahrrad
9301024,800,Fahrrad
7601442,654,Herrenfahrrad
4300624,1389,Herrenfahrrad
4300624,899,Herrenfahrrad
8100102,150,Herrenfahrrad
7100101,150,Damenfahrrad
4300413,300,Herrenfahrrad
2200207,566,Damenfahrrad
1100308,1999,Herrenfahrrad
11300826,904,Herrenfahrrad
11501341,189,Damenfahrrad
1200522,949,Damenfahrrad
2200213,550,Herrenfahrrad
8300935,250,Fahrrad
5200629,490,Damenfahrrad
2100101,3252,Herrenfahrrad
1100311,300,Damenfahrrad
2200213,632,Herrenfahrrad
4300413,799,Herrenfahrrad
12500929,255,Herrenfahrrad
1300836,300,Herrenfahrrad
8100105,950,Herrenfahrrad
6400840,498,Fahrrad
12400722,649,Herrenfahrrad
3400725,200,Herrenfahrrad
4500938,697,Herrenfahrrad
4300517,820,Mountainbike
9100101,234,Fahrrad
2200210,485,Herrenfahrrad
6400735,100,Herrenfahrrad
2200209,499,Herrenfahrrad
7100205,320,Herrenfahrrad
1100308,1650,Herrenfahrrad
10200524,3152,Damenfahrrad
2300315,60,Fahrrad
7100205,429,Herrenfahrrad
11300826,200,Herrenfahrrad
10200524,3910,Herrenfahrrad
5300735,495,Herrenfahrrad
9200613,650,Damenfahrrad
3601346,1599,Damenfahrrad
8100311,500,Mountainbike
9200818,536,Fahrrad
1401049,1200,Herrenfahrrad
3400721,1599,Damenfahrrad
4300518,700,Fahrrad
1100308,1500,Herrenfahrrad
3400723,300,Damenfahrrad
1100102,225,Damenfahrrad
8100209,300,Herrenfahrrad
2300417,340,Mountainbike
4501151,479,Herrenfahrrad
2300418,400,Fahrrad
8100417,1800,Damenfahrrad
2500835,4200,Herrenfahrrad
6300526,494,Herrenfahrrad
6300632,544,Fahrrad
2400522,500,Herrenfahrrad
1200624,720,Damenfahrrad
7300515,864,Herrenfahrrad
4300623,280,Damenfahrrad
3601245,725,Herrenfahrrad
11501238,800,Herrenfahrrad
1100310,950,Damenfahrrad
9100101,832,Damenfahrrad
11300616,1200,Herrenfahrrad
2200212,250,Fahrrad
8100105,280,Fahrrad
6400844,300,Mountainbike
3400723,3032,divers
1100309,340,Herrenfahrrad
4501042,848,Damenfahrrad
2400623,454,Herrenfahrrad
4501043,700,Damenfahrrad
2400522,1234,Herrenfahrrad
4200309,600,Herrenfahrrad
6400840,764,Herrenfahrrad
5100315,738,Herrenfahrrad
3601347,1066,Damenfahrrad
9200715,890,Damenfahrrad
9200510,399,Damenfahrrad
7100103,1499,Damenfahrrad
1100103,240,Fahrrad
3200205,467,Damenfahrrad
6400843,399,Herrenfahrrad
11300722,150,Damenfahrrad
1100207,340,Herrenfahrrad
1300730,400,Damenfahrrad
3400723,699,Fahrrad
4300415,464,Herrenfahrrad
6300630,310,Damenfahrrad
1100103,518,Herrenfahrrad
4300622,1135,Herrenfahrrad
3601245,590,Damenfahrrad
3501038,380,Mountainbike
3601245,1625,Herrenfahrrad
11300722,800,Herrenfahrrad
11200512,50,Fahrrad
9100203,4678,Herrenfahrrad
1200522,1522,Herrenfahrrad
7400822,450,Herrenfahrrad
6400838,375,Damenfahrrad
9401431,0,Mountainbike
9200510,684,Herrenfahrrad
2300418,400,Damenfahrrad
3701658,455,Herrenfahrrad
1200624,150,Herrenfahrrad
4300517,2064,Fahrrad
2400521,350,Herrenfahrrad
3400827,425,divers
8100206,150,Herrenfahrrad
4300623,3500,Herrenfahrrad
10100210,390,Fahrrad
9200511,500,Damenfahrrad
3400826,179,Herrenfahrrad
4300413,920,Herrenfahrrad
12200515,999,Fahrrad
7300517,2001,Fahrrad
9401431,5380,Damenfahrrad
4500938,960,Herrenfahrrad
7601238,1072,Herrenfahrrad
1100103,574,Herrenfahrrad
9100101,599,Damenfahrrad
2500835,1134,Herrenfahrrad
1200623,525,Herrenfahrrad
8100208,100,Mountainbike
2200210,60,Fahrrad
2300417,749,Herrenfahrrad
3100103,999,Herrenfahrrad
6100103,1300,Damenfahrrad
7200411,490,Herrenfahrrad
1100103,300,Herrenfahrrad
8100311,350,Damenfahrrad
4501146,899,Herrenfahrrad
10100311,2000,Herrenfahrrad
3601452,600,Herrenfahrrad
1400941,4000,Herrenfahrrad
12200309,150,Damenfahrrad
2500830,963,Damenfahrrad
2300419,534,Kinderfahrrad
12100101,150,Herrenfahrrad
3400721,700,Mountainbike
12400721,649,Mountainbike
6100103,3200,Damenfahrrad
2500835,1773,Herrenfahrrad
10200423,700,Damenfahrrad
3601452,150,Damenfahrrad
3601245,446,Herrenfahrrad
5200525,800,Damenfahrrad
3200205,890,Herrenfahrrad
2200210,435,Kinderfahrrad
11501238,695,Damenfahrrad
9300920,250,Fahrrad
3601139,211,Herrenfahrrad
10200524,419,Herrenfahrrad
3400831,1199,Herrenfahrrad
1401043,600,Herrenfahrrad
7300619,1000,divers
3501038,799,Fahrrad
3701555,3218,Herrenfahrrad
4300623,200,Rennrad
3601243,730,Herrenfahrrad
2300419,1359,Herrenfahrrad
2300418,436,Kinderfahrrad
2200211,2500,Herrenfahrrad
8100102,1019,Fahrrad
8100206,239,Fahrrad
4400725,799,Damenfahrrad
11200513,730,Herrenfahrrad
3701660,1999,Damenfahrrad
9100101,688,Herrenfahrrad
4300416,724,Damenfahrrad
8200831,415,Herrenfahrrad
8100417,399,Herrenfahrrad
3601244,554,Fahrrad
9100304,214,Herrenfahrrad
6400839,340,Kinderfahrrad
3701659,100,Damenfahrrad
3200310,800,Herrenfahrrad
9100101,900,Herrenfahrrad
12400720,999,Herrenfahrrad
10400939,700,Herrenfahrrad
9301228,100,Fahrrad
11400928,100,Herrenfahrrad
1200625,670,Herrenfahrrad
4100102,400,Herrenfahrrad
11300724,3984,Fahrrad
11501341,512,Herrenfahrrad
7200308,599,Damenfahrrad
4501044,370,Fahrrad
3601243,999,Herrenfahrrad
1100415,2422,Herrenfahrrad
7200414,1600,Damenfahrrad
1100308,600,Damenfahrrad
3400827,520,Herrenfahrrad
11401034,550,Herrenfahrrad
6400736,500,Damenfahrrad
2200212,300,Herrenfahrrad
2200208,429,Kinderfahrrad
2500835,849,Mountainbike
6100101,320,Kinderfahrrad
9501737,398,Fahrrad
4300517,239,Kinderfahrrad
6100102,670,Damenfahrrad
9501941,783,Damenfahrrad
3601348,1200,Herrenfahrrad
3100101,400,Damenfahrrad
9501939,1100,Fahrrad
2400625,222,Fahrrad
3601348,1200,Herrenfahrrad
2500834,300,Herrenfahrrad
9100101,100,Damenfahrrad
7200307,395,Mountainbike
11100308,1000,Herrenfahrrad
1100415,540,Herrenfahrrad
3601141,670,Mountainbike
4501040,3320,Fahrrad
2400624,100,Fahrrad
2200211,860,divers
4400830,999,Herrenfahrrad
11401034,1690,Fahrrad
8100208,880,Herrenfahrrad
4300624,525,Damenfahrrad
6300630,1301,Herrenfahrrad
4501043,850,Damenfahrrad
2500835,600,Fahrrad
4501149,1157,Herrenfahrrad
2300419,600,Damenfahrrad
2400522,1049,Damenfahrrad
1200522,350,Fahrrad
1300733,850,Herrenfahrrad
3601453,394,Kinderfahrrad
3400723,690,Damenfahrrad
4500937,550,Herrenfahrrad
3601347,959,Fahrrad
8100208,1900,Fahrrad
4300624,1299,Herrenfahrrad
6300629,1439,Herrenfahrrad
4501151,500,Herrenfahrrad
7601237,650,Herrenfahrrad
8200623,790,Herrenfahrrad
11100307,319,Herrenfahrrad
4500939,800,Herrenfahrrad
2500834,1000,Mountainbike
2500834,330,Herrenfahrrad
2500836,1030,Herrenfahrrad
1300834,1100,Herrenfahrrad
8200730,200,divers
4300623,749,Herrenfahrrad
3300514,120,Herrenfahrrad
8200728,500,Herrenfahrrad
11400928,6000,Herrenfahrrad
1100416,1500,Damenfahrrad
7100103,3012,divers
4300412,2006,Herrenfahrrad
7100204,1000,Damenfahrrad
11501339,999,Damenfahrrad
9501939,1065,Herrenfahrrad
6300630,417,Damenfahrrad
3601453,2890,Herrenfahrrad
9200613,375,Herrenfahrrad
2200211,830,Herrenfahrrad
10100103,423,Herrenfahrrad
4501152,588,Herrenfahrrad
8100311,100,Damenfahrrad
3500933,1000,Fahrrad
6200422,500,Herrenfahrrad
11300722,800,Damenfahrrad
6300527,500,Damenfahrrad
1200517,377,Damenfahrrad
11501339,1078,Herrenfahrrad
6400844,300,Damenfahrrad
4300416,398,Damenfahrrad
2400624,444,Herrenfahrrad
3500935,184,Herrenfahrrad
2500726,600,Herrenfahrrad
3601139,601,Damenfahrrad
2300316,200,Herrenfahrrad
9100407,350,Herrenfahrrad
9100407,599,Damenfahrrad
11300619,478,Herrenfahrrad
8100208,700,Herrenfahrrad
7400823,110,Mountainbike
7100103,750,divers
1200628,329,Herrenfahrrad
4300621,399,Damenfahrrad
5300840,800,Fahrrad
1300834,150,Herrenfahrrad
2400624,938,Herrenfahrrad
8100206,560,Damenfahrrad
3701660,1389,Herrenfahrrad
1400938,100,Herrenfahrrad
12100205,650,Damenfahrrad
3300514,500,Herrenfahrrad
11400929,906,Damenfahrrad
9501736,599,Herrenfahrrad
1401049,250,Herrenfahrrad
9100101,365,Damenfahrrad
9100101,887,Herrenfahrrad
11501341,999,Fahrrad
7100101,990,Damenfahrrad
11501340,755,Damenfahrrad
11300722,50,Herrenfahrrad
10200524,654,Fahrrad
2200208,1124,Herrenfahrrad
4501041,1000,Herrenfahrrad
12200515,50,Herrenfahrrad
2400623,1099,Damenfahrrad
9200716,610,Herrenfahrrad
7200413,2499,Herrenfahrrad
10200524,600,Herrenfahrrad
5100316,3700,Fahrrad
11300619,2000,Damenfahrrad
1100206,1555,Mountainbike
8100105,484,Fahrrad
4300621,400,Damenfahrrad
3601245,999,Damenfahrrad
2400623,700,Mountainbike
1200626,590,Fahrrad
6200420,679,Herrenfahrrad
3601244,400,Herrenfahrrad
4501044,1531,Herrenfahrrad
1100312,1214,Herrenfahrrad
3701555,675,Damenfahrrad
6200420,599,Fahrrad
4500937,2691,Herrenfahrrad
8100310,1095,Herrenfahrrad
4300620,1,Fahrrad
2200210,275,Damenfahrrad
3601348,478,Kinderfahrrad
7100101,600,Herrenfahrrad
2200210,1098,Herrenfahrrad
12100204,200,Fahrrad
3400722,2453,Herrenfahrrad
2400625,1,Mountainbike
1100311,811,Damenfahrrad
2500729,555,Damenfahrrad
11501341,1091,Damenfahrrad
2500728,946,Herrenfahrrad
10200629,200,Damenfahrrad
3400828,549,Mountainbike
8100101,279,Damenfahrrad
9200613,750,Herrenfahrrad
4200310,2500,Damenfahrrad
1100415,550,Rennrad
7200414,869,Damenfahrrad
2500834,800,Mountainbike
4300623,1399,Damenfahrrad
6400841,499,Herrenfahrrad
4300619,700,Herrenfahrrad
3701660,1200,Herrenfahrrad
11501341,2178,Damenfahrrad
12500930,1100,Herrenfahrrad
2500834,500,Damenfahrrad
1300834,1800,divers
2500834,251,Herrenfahrrad
7400822,800,Herrenfahrrad
4300623,1100,Herrenfahrrad
3701556,350,Herrenfahrrad
2200213,999,Herrenfahrrad
12400721,100,Damenfahrrad
1100206,500,Herrenfahrrad
4300619,410,Damenfahrrad
3601346,880,Herrenfahrrad
2300315,300,Fahrrad
2500835,400,Damenfahrrad
2500834,600,Herrenfahrrad
3601452,799,Herrenfahrrad
3601142,1000,Rennrad
2200210,300,Damenfahrrad
3701554,750,Fahrrad
4500938,350,Herrenfahrrad
4501153,100,Damenfahrrad
10100205,60,Damenfahrrad
12100204,1300,Damenfahrrad
3601347,260,Herrenfahrrad
8100314,300,Herrenfahrrad
4400835,448,Herrenfahrrad
2400520,1273,Herrenfahrrad
1200517,600,Herrenfahrrad
4300517,1900,Herrenfahrrad
7400822,429,Damenfahrrad
1100313,649,Herrenfahrrad
9100101,595,Herrenfahrrad
3601347,430,Fahrrad
8100417,250,Damenfahrrad
3400618,408,Herrenfahrrad
2500835,350,Herrenfahrrad
3400827,300,Kinderfahrrad
11501238,650,Herrenfahrrad
11100308,419,Damenfahrrad
1100310,789,Herrenfahrrad
11100204,300,Fahrrad
3701555,700,Damenfahrrad
3701660,478,Kinderfahrrad
11200513,450,Herrenfahrrad
3400724,2700,Herrenfahrrad
9100408,500,Herrenfahrrad
11200513,479,Herrenfahrrad
8200623,350,Fahrrad
3100103,460,Herrenfahrrad
7501133,603,Herrenfahrrad
3400724,2459,Herrenfahrrad
2100102,650,Herrenfahrrad
12100205,3500,Fahrrad
7100206,1000,Herrenfahrrad
2200212,200,Herrenfahrrad
3300514,499,Herrenfahrrad
1200629,450,Kinderfahrrad
1200517,750,Herrenfahrrad
9300923,25,Damenfahrrad
3601348,1499,Damenfahrrad
9100408,340,Fahrrad
6100101,170,Damenfahrrad
2100106,200,Damenfahrrad
2300419,1399,Herrenfahrrad
2300419,1400,Fahrrad
1300733,782,Herrenfahrrad
3400725,550,Damenfahrrad
3701659,629,Damenfahrrad
7200307,379,Kinderfahrrad
3501038,500,Kinderfahrrad
3701658,249,Damenfahrrad
3501038,399,Kinderfahrrad
7400825,850,Herrenfahrrad
3701554,720,Damenfahrrad
2500835,445,Herrenfahrrad
10400836,480,Damenfahrrad
7400822,2992,Fahrrad
3601347,50,Herrenfahrrad
9300923,1150,Fahrrad
3400725,1095,Damenfahrrad
8200728,579,Damenfahrrad
4501148,1385,Damenfahrrad
7400823,260,Herrenfahrrad
7400823,850,Herrenfahrrad
8100206,120,Herrenfahrrad
2200210,180,divers
3601245,799,Herrenfahrrad
2200212,490,Fahrrad
3200206,989,Damenfahrrad
4300623,1000,Herrenfahrrad
7100101,2999,Herrenfahrrad
3701660,421,Kinderfahrrad
4300518,3000,Herrenfahrrad
4300623,979,Damenfahrrad
1100102,200,Herrenfahrrad
1100309,100,Kinderfahrrad
6400737,800,Damenfahrrad
3601346,300,Damenfahrrad
2500834,522,Herrenfahrrad
11300618,1150,Fahrrad
3500933,1249,Herrenfahrrad
3500933,777,Damenfahrrad
11401137,549,Damenfahrrad
3601346,130,Herrenfahrrad
3601243,1050,Herrenfahrrad
4300416,2200,Damenfahrrad
3300412,581,Damenfahrrad
2300417,690,Damenfahrrad
10400835,180,Damenfahrrad
6300629,839,Damenfahrrad
3601244,899,Rennrad
10400835,347,Damenfahrrad
3601452,340,Herrenfahrrad
4501045,649,Damenfahrrad
4300623,234,Damenfahrrad
3701660,380,Fahrrad
1100102,3100,Fahrrad
2500834,497,divers
6100207,750,Damenfahrrad
2500834,100,Damenfahrrad
2500834,290,Damenfahrrad
4501042,480,Damenfahrrad
1200521,356,Damenfahrrad
1200629,1160,Herrenfahrrad
2300315,60,Damenfahrrad
1300834,129,Damenfahrrad
2100103,445,Damenfahrrad
2100102,1,Damenfahrrad
3601141,1750,Herrenfahrrad
8100314,650,Herrenfahrrad
4300619,500,Mountainbike
5300736,250,Damenfahrrad
9100101,599,Herrenfahrrad
3400723,3499,Herrenfahrrad
3601140,1299,Herrenfahrrad
5100105,400,Damenfahrrad
7100204,600,Herrenfahrrad
11501341,1050,Herrenfahrrad
4100101,700,Damenfahrrad
11400931,400,Kinderfahrrad
3601451,332,Damenfahrrad
6100103,700,Herrenfahrrad
1300836,3799,Fahrrad
1400940,660,Damenfahrrad
2500727,300,Fahrrad
1300733,500,Herrenfahrrad
4300412,3600,divers
1100206,700,Herrenfahrrad
4501147,320,Kinderfahrrad
5300839,2918,Herrenfahrrad
1300732,1000,Herrenfahrrad
11400929,450,Herrenfahrrad
1300732,1280,Damenfahrrad
7100102,1180,Herrenfahrrad
4501147,450,divers
8100416,1160,Herrenfahrrad
1400939,962,Herrenfahrrad
1100416,1199,Herrenfahrrad
8100208,1270,Damenfahrrad
8200728,2500,divers
5400945,533,Herrenfahrrad
3601451,599,Damenfahrrad
7501030,450,Damenfahrrad
3701659,656,Herrenfahrrad
4300518,3000,Damenfahrrad
9200511,300,Herrenfahrrad
8100311,200,Kinderfahrrad
4400727,974,Damenfahrrad
3400721,600,Damenfahrrad
4200310,927,Damenfahrrad
4501152,599,Damenfahrrad
3601245,839,Herrenfahrrad
5200629,699,Damenfahrrad
3701555,300,Damenfahrrad
3701554,172,Kinderfahrrad
2500834,550,Damenfahrrad
2300419,1099,Damenfahrrad
4501152,250,Herrenfahrrad
7400720,500,Damenfahrrad
4200309,574,Herrenfahrrad
3200207,1980,Fahrrad
4400831,1300,Fahrrad
4501152,1920,Damenfahrrad
4300518,530,Damenfahrrad
7100204,100,Damenfahrrad
8100208,575,Herrenfahrrad
1200522,249,Kinderfahrrad
3400723,1092,Herrenfahrrad
3601243,430,Damenfahrrad
1400942,810,Herrenfahrrad
1100310,521,Herrenfahrrad
2500834,549,Mountainbike
10300734,399,Damenfahrrad
11300722,1019,Herrenfahrrad
8100416,4000,Fahrrad
3601451,355,Damenfahrrad
11501339,789,Herrenfahrrad
5100208,1000,Mountainbike
9501737,366,Fahrrad
9501737,366,Damenfahrrad
9501737,1200,Herrenfahrrad
9501737,1200,Herrenfahrrad
2500831,2035,Fahrrad
10300731,535,Damenfahrrad
1100414,280,Kinderfahrrad
2200211,1100,Herrenfahrrad
12200515,400,Damenfahrrad
4200309,399,Herrenfahrrad
11100203,200,Kinderfahrrad
8401244,250,divers
3601245,250,Damenfahrrad
9100202,574,Herrenfahrrad
8100313,300,Damenfahrrad
3500936,2549,Damenfahrrad
2200207,800,Mountainbike
3400829,9,Herrenfahrrad
1401047,110,Rennrad
4200309,399,Damenfahrrad
7400720,320,Herrenfahrrad
1100310,2400,Mountainbike
12200309,550,Herrenfahrrad
7100204,700,Herrenfahrrad
4501151,150,Herrenfahrrad
3601347,742,Herrenfahrrad
12500928,240,Damenfahrrad
8100311,2050,Fahrrad
1200520,2500,Herrenfahrrad
2300314,1751,Herrenfahrrad
8100206,400,Herrenfahrrad
3400721,900,Damenfahrrad
10200420,235,Fahrrad
6300634,580,Damenfahrrad
1300731,200,Damenfahrrad
9100202,639,Fahrrad
3601245,649,Herrenfahrrad
2500726,927,Fahrrad
4300412,930,Herrenfahrrad
4501044,1270,Damenfahrrad
4501043,350,Damenfahrrad
8401244,349,Kinderfahrrad
1100102,1098,Herrenfahrrad
2500835,2000,Fahrrad
8100416,1000,Herrenfahrrad
1100207,760,Damenfahrrad
11501339,230,Mountainbike
3701556,498,Herrenfahrrad
3500934,2000,Herrenfahrrad
5100316,500,Damenfahrrad
1300835,1699,Herrenfahrrad
4501044,1050,Damenfahrrad
7100103,500,Fahrrad
5300736,2609,Mountainbike
6300632,639,Herrenfahrrad
10400835,1198,Damenfahrrad
11300725,599,Damenfahrrad
7100103,500,Herrenfahrrad
5200632,140,Herrenfahrrad
9200613,500,Damenfahrrad
3601243,460,Kinderfahrrad
3601450,200,Herrenfahrrad
1100309,792,Damenfahrrad
10200524,1364,divers
9100304,195,Fahrrad
2200212,3870,Fahrrad
5200528,500,Herrenfahrrad
3701659,700,Damenfahrrad
10200524,444,Mountainbike
9200715,499,Herrenfahrrad
11501341,620,Herrenfahrrad
7400823,370,Kinderfahrrad
1100416,569,Herrenfahrrad
3601141,999,Fahrrad
4300622,2057,Damenfahrrad
2500833,929,Damenfahrrad
9501940,914,Herrenfahrrad
9100101,730,Herrenfahrrad
11401137,600,Herrenfahrrad
5200526,450,Herrenfahrrad
2200211,695,Damenfahrrad
3300514,1000,Herrenfahrrad
2500727,399,Damenfahrrad
3701660,625,Herrenfahrrad
9501736,710,Herrenfahrrad
8401245,1800,Fahrrad
3601451,1100,Herrenfahrrad
1300836,428,Damenfahrrad
9100304,399,Damenfahrrad
9100304,1008,Damenfahrrad
2400521,0,Herrenfahrrad
2300419,599,Herrenfahrrad
12200309,100,Herrenfahrrad
8401242,750,Mountainbike
11501341,1749,Damenfahrrad
8100415,300,Rennrad
7200413,1299,Herrenfahrrad
12100204,629,Herrenfahrrad
1400939,680,Damenfahrrad
3601449,398,Herrenfahrrad
5200524,931,Damenfahrrad
4501043,1500,Herrenfahrrad
3601243,853,Herrenfahrrad
1100102,599,Herrenfahrrad
2500834,494,Herrenfahrrad
9501940,600,Rennrad
4300517,333,Fahrrad
7200308,599,Damenfahrrad
3300514,300,Damenfahrrad
7400720,400,Mountainbike
3500934,500,Herrenfahrrad
9200715,319,Damenfahrrad
9100101,200,Damenfahrrad
6200420,449,Herrenfahrrad
1100102,880,Damenfahrrad
1100310,1218,Damenfahrrad
2100106,1000,Damenfahrrad
4501153,666,Damenfahrrad
8100206,700,Herrenfahrrad
7300515,6010,Fahrrad
8100310,380,Damenfahrrad
7100103,120,Herrenfahrrad
3601347,1019,Herrenfahrrad
4400835,460,Kinderfahrrad
2300417,682,Damenfahrrad
11501238,799,Damenfahrrad
7300516,550,Damenfahrrad
2200212,399,Damenfahrrad
4501044,500,Herrenfahrrad
8100418,160,Fahrrad
9200511,1150,Damenfahrrad
2500831,250,Fahrrad
4501153,1059,Herrenfahrrad
3601449,298,Herrenfahrrad
2100102,1321,Herrenfahrrad
3701556,928,Damenfahrrad
4501044,799,Fahrrad
3500932,439,Mountainbike
3701554,200,Kinderfahrrad
7601238,1470,Fahrrad
11400927,630,Herrenfahrrad
3601141,820,Herrenfahrrad
1400942,350,Fahrrad
1200520,600,Herrenfahrrad
3601243,750,Damenfahrrad
7100101,1055,Herrenfahrrad
8401241,470,Mountainbike
4500937,700,Herrenfahrrad
3601451,508,Herrenfahrrad
5100209,222,Herrenfahrrad
8100209,754,Damenfahrrad
3601348,330,Fahrrad
11401137,630,Herrenfahrrad
11200514,500,divers
1401048,813,Damenfahrrad
4501153,859,Damenfahrrad
8100314,800,Damenfahrrad
4300414,1500,Herrenfahrrad
11300725,388,Damenfahrrad
3400721,239,Fahrrad
10300734,1300,divers
4300623,1000,Damenfahrrad
2400522,220,Damenfahrrad
3601347,380,Fahrrad
9501736,451,Damenfahrrad
6400843,3200,Herrenfahrrad
7200307,2698,Damenfahrrad
4400834,871,Fahrrad
6400839,699,Herrenfahrrad
4300415,693,Herrenfahrrad
7100103,1218,Herrenfahrrad
8100104,400,Fahrrad
2500831,2000,Herrenfahrrad
6200420,600,Herrenfahrrad
1100415,700,Herrenfahrrad
6200311,3221,Herrenfahrrad
9200715,460,Herrenfahrrad
3300514,600,Damenfahrrad
4501148,422,Damenfahrrad
9100101,500,Herrenfahrrad
1200518,1000,Fahrrad
6300629,1949,Damenfahrrad
4300623,300,Herrenfahrrad
4501152,1090,Herrenfahrrad
4300623,350,Fahrrad
2200212,1400,Herrenfahrrad
3601142,500,Herrenfahrrad
6200315,50,Damenfahrrad
7200413,2500,Herrenfahrrad
4300620,567,Herrenfahrrad
7601237,223,Fahrrad
2500836,591,Herrenfahrrad
2100104,300,Fahrrad
12200307,550,Fahrrad
3400723,350,Rennrad
12200412,499,Kinderfahrrad
7100101,150,Herrenfahrrad
2200212,4000,Damenfahrrad
9501838,250,Damenfahrrad
2300315,600,Herrenfahrrad
4200311,2009,divers
9200613,1300,Damenfahrrad
3601243,1000,Herrenfahrrad
11300619,500,Herrenfahrrad
4500937,400,Damenfahrrad
8200623,200,Damenfahrrad
4300620,967,Herrenfahrrad
8100417,500,Mountainbike
4501149,600,Damenfahrrad
5100209,449,Damenfahrrad
7400927,899,Herrenfahrrad
2500835,890,Damenfahrrad
3601450,1058,Herrenfahrrad
7601442,50,Herrenfahrrad
2500836,2826,Herrenfahrrad
4300624,3199,Herrenfahrrad
2200212,799,Damenfahrrad
7100205,400,Mountainbike
2500835,1550,Damenfahrrad
1200628,2180,Herrenfahrrad
3701659,1014,Herrenfahrrad
8200729,430,Damenfahrrad
7100206,462,Herrenfahrrad
8100102,500,Herrenfahrrad
3701659,1500,Fahrrad
9200715,2189,Herrenfahrrad
2300418,383,Mountainbike
12200515,650,Herrenfahrrad
3200309,531,Herrenfahrrad
4200309,100,Damenfahrrad
1401043,537,Fahrrad
3601142,200,Herrenfahrrad
1100313,1700,Herrenfahrrad
7100102,1000,Fahrrad
11100308,150,Damenfahrrad
9200715,409,Damenfahrrad
1200517,970,Fahrrad
8301037,50,Damenfahrrad
7100102,150,Fahrrad
3100103,185,Herrenfahrrad
11401137,1835,Herrenfahrrad
11300618,299,Herrenfahrrad
2500835,0,Herrenfahrrad
6100102,2399,Damenfahrrad
12100206,630,Damenfahrrad
2500834,2584,Herrenfahrrad
9200717,599,Damenfahrrad
1401047,694,Herrenfahrrad
9200717,600,Damenfahrrad
8100312,2000,Fahrrad
2200210,462,Kinderfahrrad
3400723,160,Damenfahrrad
3300412,299,Kinderfahrrad
6300526,660,Damenfahrrad
1100311,200,Fahrrad
5200634,400,Herrenfahrrad
3601346,400,Damenfahrrad
4400831,829,Damenfahrrad
3200309,552,Herrenfahrrad
4400835,1134,Damenfahrrad
1100415,1150,Herrenfahrrad
6300528,30,Kinderfahrrad
11300722,900,Herrenfahrrad
5100316,820,Herrenfahrrad
6300527,1100,Fahrrad
1100310,438,Herrenfahrrad
4300621,674,Herrenfahrrad
7200414,1096,Herrenfahrrad
2200212,1618,Herrenfahrrad
2400624,329,Fahrrad
2500835,1190,Herrenfahrrad
3601244,300,Damenfahrrad
8100416,350,Herrenfahrrad
11100206,687,Mountainbike
3701657,160,Damenfahrrad
10200423,400,Damenfahrrad
1300733,800,Herrenfahrrad
7200413,1109,Damenfahrrad
2200210,481,Kinderfahrrad
11501341,500,Damenfahrrad
2100101,1280,Fahrrad
6400838,700,Fahrrad
3601452,150,Herrenfahrrad
6400736,450,Herrenfahrrad
4501148,600,Damenfahrrad
5100105,269,Damenfahrrad
6100103,1670,Herrenfahrrad
9401534,1750,Mountainbike
4300623,199,Herrenfahrrad
10300733,590,Damenfahrrad
7601544,800,Mountainbike
4300416,799,Herrenfahrrad
7601544,650,Mountainbike
9401534,300,Herrenfahrrad
3701660,583,Herrenfahrrad
5200631,150,Damenfahrrad
1300834,280,Herrenfahrrad
5100211,729,Damenfahrrad
9200717,858,Fahrrad
7100101,492,Herrenfahrrad
9200715,180,Fahrrad
2500831,879,Herrenfahrrad
7400927,1500,Herrenfahrrad
9100407,450,Damenfahrrad
11300826,400,Damenfahrrad
2400623,2300,Rennrad
6400841,1657,Herrenfahrrad
1100309,4700,Fahrrad
2400625,600,Fahrrad
3601347,899,Herrenfahrrad
1100415,999,Herrenfahrrad
12500824,450,Kinderfahrrad
1100308,800,Herrenfahrrad
2200210,600,Damenfahrrad
8100207,1393,Fahrrad
3200309,574,Herrenfahrrad
7100101,400,Damenfahrrad
8100310,937,Herrenfahrrad
11300724,273,Herrenfahrrad
9100202,550,Damenfahrrad
3400721,616,Herrenfahrrad
2500728,900,Herrenfahrrad
12100101,992,Herrenfahrrad
4501151,549,Herrenfahrrad
3400826,1340,Herrenfahrrad
9100408,700,Damenfahrrad
6100207,1099,Herrenfahrrad
2500727,1000,Herrenfahrrad
2100102,650,Fahrrad
3400826,940,Herrenfahrrad
3400721,0,Fahrrad
11401033,289,Fahrrad
3701555,1000,Herrenfahrrad
2400623,664,Herrenfahrrad
9301025,263,Herrenfahrrad
7200409,200,Damenfahrrad
9100408,848,Herrenfahrrad
9200717,640,Herrenfahrrad
4501149,500,Damenfahrrad
3701554,400,Herrenfahrrad
3300411,349,Kinderfahrrad
3400721,721,Herrenfahrrad
2200207,1150,Herrenfahrrad
3601451,350,Damenfahrrad
1300730,3670,Herrenfahrrad
3601451,600,Herrenfahrrad
5300841,488,Damenfahrrad
8100418,400,Fahrrad
3701555,179,Mountainbike
3400723,1500,Herrenfahrrad
1100207,350,Herrenfahrrad
3601243,3050,Herrenfahrrad
3601449,500,Damenfahrrad
6200423,299,Herrenfahrrad
9100101,350,Herrenfahrrad
6200421,250,Herrenfahrrad
4400835,839,Damenfahrrad
4501148,1100,Rennrad
5200524,650,Damenfahrrad
3200309,559,Damenfahrrad
12500824,700,Damenfahrrad
12500824,1671,Herrenfahrrad
4300518,799,Damenfahrrad
6100103,1349,Herrenfahrrad
2200211,600,Rennrad
1200522,1176,Herrenfahrrad
4400830,498,Damenfahrrad
11300722,730,Damenfahrrad
12400721,984,Damenfahrrad
2200213,919,Herrenfahrrad
8300934,430,Fahrrad
1401049,908,Herrenfahrrad
3701660,625,Herrenfahrrad
12500824,599,Herrenfahrrad
9100304,557,Damenfahrrad
11300619,650,Herrenfahrrad
2500728,450,Herrenfahrrad
9501838,341,Herrenfahrrad
3701554,700,Damenfahrrad
12200308,700,Mountainbike
7601544,350,Fahrrad
7200409,699,Herrenfahrrad
1100415,200,Kinderfahrrad
9200715,550,Herrenfahrrad
9501939,619,Herrenfahrrad
4400835,1000,Damenfahrrad
3100101,2699,Damenfahrrad
3601453,700,Herrenfahrrad
3400826,850,Damenfahrrad
5300841,2000,Herrenfahrrad
5300841,4100,Herrenfahrrad
1200625,428,Fahrrad
3500934,699,Herrenfahrrad
6400841,700,Herrenfahrrad
9200510,599,Herrenfahrrad
7601237,1100,Damenfahrrad
1100416,1139,Herrenfahrrad
9200613,199,Herrenfahrrad
10200627,238,Damenfahrrad
10400938,499,Herrenfahrrad
4501148,2052,Damenfahrrad
6100102,330,Mountainbike
7300515,1350,Herrenfahrrad
7100206,350,Damenfahrrad
1401044,600,Herrenfahrrad
9100101,2450,Herrenfahrrad
11501238,300,Herrenfahrrad
2200210,2000,Herrenfahrrad
9200818,570,Herrenfahrrad
3701660,839,Herrenfahrrad
1100102,1500,Herrenfahrrad
3601142,217,Herrenfahrrad
1300732,900,Rennrad
4501149,1755,Herrenfahrrad
7100204,399,Damenfahrrad
4501044,1104,Herrenfahrrad
3601450,500,Damenfahrrad
1100308,1075,Herrenfahrrad
2500832,1115,Fahrrad
2200208,200,Herrenfahrrad
3400830,1599,Herrenfahrrad
3400723,507,Herrenfahrrad
1100104,800,Fahrrad
4501148,1150,Damenfahrrad
1100310,600,Damenfahrrad
4500938,50,Herrenfahrrad
3601243,1211,Damenfahrrad
11300722,700,Damenfahrrad
1300732,1250,Herrenfahrrad
7100102,707,Fahrrad
9100101,1799,Herrenfahrrad
12200308,1,Damenfahrrad
6300526,1299,Herrenfahrrad
7400823,734,Damenfahrrad
7601544,150,Fahrrad
7100103,680,Fahrrad
6200423,294,Herrenfahrrad
11200514,300,Damenfahrrad
3701556,487,Damenfahrrad
6100102,1600,Herrenfahrrad
9100101,1000,Herrenfahrrad
9300922,2350,Herrenfahrrad
1100415,1200,Herrenfahrrad
9401433,650,Fahrrad
9501737,700,Kinderfahrrad
2100102,400,Herrenfahrrad
11501339,1080,Fahrrad
11401137,299,Kinderfahrrad
4300415,999,Herrenfahrrad
1200518,950,Mountainbike
3400723,442,Kinderfahrrad
3601245,1862,Herrenfahrrad
3300411,460,Mountainbike
9200716,117,Mountainbike
4501043,1754,Damenfahrrad
4501041,475,Fahrrad
2300418,1675,Damenfahrrad
8200624,599,Herrenfahrrad
8100416,745,Fahrrad
3601245,1000,Herrenfahrrad
2200212,1222,Fahrrad
8100206,350,Herrenfahrrad
8100208,300,Herrenfahrrad
2200210,400,Damenfahrrad
2200212,1299,Fahrrad
2200213,800,Fahrrad
3400721,1250,Fahrrad
3601347,298,Damenfahrrad
4501043,630,Herrenfahrrad
2300314,1250,Herrenfahrrad
8100208,299,Herrenfahrrad
8100206,1,Damenfahrrad
1100308,800,Mountainbike
3100103,10,Fahrrad
2500728,719,Damenfahrrad
3601141,390,Herrenfahrrad
1200629,214,Kinderfahrrad
10100104,258,Damenfahrrad
10100102,350,Damenfahrrad
1401046,100,Herrenfahrrad
1100102,399,Herrenfahrrad
4501151,414,Herrenfahrrad
3601139,450,Damenfahrrad
3701556,1200,Herrenfahrrad
8100416,511,Damenfahrrad
7100101,535,Herrenfahrrad
9100408,399,Herrenfahrrad
8100206,660,Herrenfahrrad
2300314,859,Herrenfahrrad
1100309,799,Damenfahrrad
2200211,520,Herrenfahrrad
9200716,1074,Herrenfahrrad
11501341,1489,Herrenfahrrad
9200613,678,Herrenfahrrad
6400839,950,Herrenfahrrad
6100102,540,Herrenfahrrad
3500934,449,Herrenfahrrad
1100207,1300,Herrenfahrrad
3701659,350,Damenfahrrad
4501152,680,Damenfahrrad
4501149,715,Damenfahrrad
3701659,429,Mountainbike
9501838,468,Kinderfahrrad
6200314,748,Herrenfahrrad
1100311,1016,Herrenfahrrad
4500939,699,Herrenfahrrad
10100205,469,Fahrrad
3701555,600,Herrenfahrrad
6100210,984,Herrenfahrrad
3500934,1187,Fahrrad
9100202,600,Herrenfahrrad
3601245,400,Damenfahrrad
4300416,4865,divers
7601339,2422,Fahrrad
8100418,544,Herrenfahrrad
5100315,789,Herrenfahrrad
11501238,1128,Herrenfahrrad
9100407,710,Damenfahrrad
6400840,560,Fahrrad
2200212,554,Herrenfahrrad
1300835,960,Damenfahrrad
3601245,2045,Herrenfahrrad
1100416,800,Rennrad
3400827,830,Damenfahrrad
7100204,199,Damenfahrrad
1100310,370,Herrenfahrrad
2200213,2082,Herrenfahrrad
7300619,850,Herrenfahrrad
3100103,380,Damenfahrrad
7601442,1300,Fahrrad
3701658,548,Damenfahrrad
3601451,2119,Herrenfahrrad
1100103,300,Herrenfahrrad
6400840,1000,Damenfahrrad
1400938,1650,Rennrad
1100104,799,Fahrrad
9100101,300,Herrenfahrrad
3400620,780,Herrenfahrrad
4300416,347,Kinderfahrrad
4501040,1150,Damenfahrrad
4200207,1299,Herrenfahrrad
12200515,419,Damenfahrrad
3601451,760,Herrenfahrrad
2200211,894,Herrenfahrrad
7501031,750,Damenfahrrad
11401033,220,Damenfahrrad
11300619,493,Herrenfahrrad
4200309,775,Fahrrad
8200622,899,Damenfahrrad
3601449,5094,Fahrrad
3601451,0,Kinderfahrrad
4400835,572,Herrenfahrrad
4400834,900,Damenfahrrad
1100416,1030,Herrenfahrrad
8100104,1000,Herrenfahrrad
4501152,700,Herrenfahrrad
3601451,0,Herrenfahrrad
3500934,210,Damenfahrrad
1200522,1800,Herrenfahrrad
7100101,499,Herrenfahrrad
3601346,896,Herrenfahrrad
12601134,300,Fahrrad
2400623,500,Herrenfahrrad
3200206,350,Fahrrad
7100101,499,Herrenfahrrad
9100101,2109,Herrenfahrrad
4200309,457,Herrenfahrrad
3601348,495,Herrenfahrrad
9200716,1100,Herrenfahrrad
6300633,650,Fahrrad
6200420,800,Herrenfahrrad
3601347,499,Herrenfahrrad
3701556,100,Fahrrad
6300634,600,Herrenfahrrad
4400834,799,Herrenfahrrad
4501151,700,Fahrrad
3601347,372,Damenfahrrad
9100409,768,Herrenfahrrad
3701555,1589,Fahrrad
9200715,671,Herrenfahrrad
4400729,547,Mountainbike
2300418,899,Herrenfahrrad
2200213,600,Kinderfahrrad
7200413,540,Damenfahrrad
2200213,535,Herrenfahrrad
3400721,1199,Herrenfahrrad
2400624,150,Fahrrad
1300836,2000,Fahrrad
2200210,352,Herrenfahrrad
2100104,706,Damenfahrrad
4300518,250,Herrenfahrrad
7200409,230,Fahrrad
2200213,1600,Herrenfahrrad
9200715,350,Damenfahrrad
1100310,700,Herrenfahrrad
3601245,1250,Fahrrad
1400942,100,Fahrrad
12200307,338,Damenfahrrad
4400727,368,Kinderfahrrad
4500936,2494,Herrenfahrrad
7300517,3253,Herrenfahrrad
1100308,2700,Herrenfahrrad
7300517,2400,Damenfahrrad
9100304,286,Damenfahrrad
1100313,699,Herrenfahrrad
11300721,599,Herrenfahrrad
7501032,599,Damenfahrrad
9200818,1500,Herrenfahrrad
4300416,2500,Fahrrad
2300419,539,Damenfahrrad
4300413,520,Damenfahrrad
12100205,230,Fahrrad
4300413,400,Herrenfahrrad
1100308,2700,Damenfahrrad
7400927,1500,Mountainbike
4300413,500,Herrenfahrrad
2400625,300,Damenfahrrad
3300516,687,Mountainbike
4501146,200,Damenfahrrad
3500936,737,Damenfahrrad
4300416,4398,divers
1100309,3000,Fahrrad
4400835,580,Damenfahrrad
6200420,399,Herrenfahrrad
12200413,548,Damenfahrrad
9100304,521,Damenfahrrad
3601142,243,Herrenfahrrad
1100207,361,Damenfahrrad
2300418,290,Herrenfahrrad
11400927,300,Herrenfahrrad
12200515,580,Fahrrad
12400722,568,Herrenfahrrad
2200210,400,Herrenfahrrad
1100207,1400,Herrenfahrrad
2500727,830,Rennrad
9100101,524,Herrenfahrrad
1100101,2500,Herrenfahrrad
2100106,100,Herrenfahrrad
2200210,629,Herrenfahrrad
11400929,549,Damenfahrrad
2100102,632,Herrenfahrrad
7100205,250,Herrenfahrrad
1300731,599,Damenfahrrad
7300515,548,Herrenfahrrad
10200423,280,Mountainbike
3400723,746,Herrenfahrrad
12100102,320,divers
11300725,380,Herrenfahrrad
4500937,916,Herrenfahrrad
1400940,193,Fahrrad
3701554,700,Herrenfahrrad
1300731,1000,Herrenfahrrad
2500726,1399,Herrenfahrrad
4501151,899,Damenfahrrad
6200317,214,Herrenfahrrad
4501045,1381,Herrenfahrrad
2500834,650,Damenfahrrad
1200625,550,Damenfahrrad
2500834,1000,Herrenfahrrad
9200717,785,Herrenfahrrad
8100416,1185,Damenfahrrad
4300413,897,Herrenfahrrad
8100520,1499,Herrenfahrrad
2500727,800,Herrenfahrrad
7200409,800,Herrenfahrrad
11300619,170,Damenfahrrad
4501149,800,Herrenfahrrad
4500938,250,Herrenfahrrad
4501149,700,Herrenfahrrad
5200629,999,Herrenfahrrad
7200410,2729,Fahrrad
2100102,1200,Herrenfahrrad
9100101,2112,Herrenfahrrad
1300733,1230,Damenfahrrad
5200631,500,Herrenfahrrad
11400929,1610,Mountainbike
4300621,257,Mountainbike
2300417,2100,Damenfahrrad
3701659,150,Herrenfahrrad
4200207,572,Herrenfahrrad
8300934,1165,Damenfahrrad
8100312,350,Herrenfahrrad
1100416,737,Herrenfahrrad
3601142,350,Herrenfahrrad
5200634,100,Kinderfahrrad
5100208,431,Herrenfahrrad
2300315,2799,Herrenfahrrad
4300412,200,Herrenfahrrad
1200629,520,Damenfahrrad
1300836,1125,Herrenfahrrad
2300315,190,Damenfahrrad
12200515,400,Damenfahrrad
12500928,429,Damenfahrrad
9501838,450,Damenfahrrad
1100312,500,Fahrrad
4501043,239,Fahrrad
12400721,350,Mountainbike
2300314,750,Herrenfahrrad
1401048,1899,Damenfahrrad
12400722,630,Herrenfahrrad
6300630,688,Damenfahrrad
4400727,599,Herrenfahrrad
3400619,1147,Damenfahrrad
6400735,469,Herrenfahrrad
9501939,922,Herrenfahrrad
4501042,3250,Fahrrad
3601244,387,Fahrrad
4501042,303,Damenfahrrad
7300517,600,Damenfahrrad
1400937,799,Herrenfahrrad
3601243,626,Damenfahrrad
3601347,994,Herrenfahrrad
9200715,766,Damenfahrrad
1200627,500,Herrenfahrrad
3701554,600,Damenfahrrad
1100415,700,Herrenfahrrad
1400937,500,Herrenfahrrad
12100103,1070,Fahrrad
1400937,179,divers
1100415,450,Herrenfahrrad
8100311,1200,Herrenfahrrad
3601347,374,Herrenfahrrad
6400737,644,Herrenfahrrad
3601245,459,Damenfahrrad
11300826,496,Herrenfahrrad
4200311,640,Herrenfahrrad
9501939,724,Herrenfahrrad
3601243,750,Damenfahrrad
8100311,480,Herrenfahrrad
8100313,330,Damenfahrrad
3701660,1049,Herrenfahrrad
4200207,449,Kinderfahrrad
2300419,510,Herrenfahrrad
2100102,400,Herrenfahrrad
7400721,550,Herrenfahrrad
9200613,412,Kinderfahrrad
3601140,438,Damenfahrrad
2300314,315,Fahrrad
1100206,700,Herrenfahrrad
4300624,500,Mountainbike
8100102,1370,Herrenfahrrad
1100416,900,Herrenfahrrad
8100312,2589,Herrenfahrrad
9502043,498,Kinderfahrrad
8100102,999,Herrenfahrrad
5100206,399,Damenfahrrad
3601245,750,Damenfahrrad
1100313,200,Herrenfahrrad
9501939,956,Damenfahrrad
6100102,540,Damenfahrrad
7400720,999,Mountainbike
6400842,500,Herrenfahrrad
4501152,1199,Damenfahrrad
9200819,880,Damenfahrrad
9502043,800,Herrenfahrrad
2200210,219,Mountainbike
3601346,450,Herrenfahrrad
3601245,307,Herrenfahrrad
2200212,160,Herrenfahrrad
3601140,280,Herrenfahrrad
8100312,800,Herrenfahrrad
1100104,75,Herrenfahrrad
3500933,120,Kinderfahrrad
4501146,899,Herrenfahrrad
1100313,455,Herrenfahrrad
2200211,600,Herrenfahrrad
3601245,399,Damenfahrrad
3601139,655,Damenfahrrad
4100101,350,Damenfahrrad
6200312,575,Damenfahrrad
1200626,399,Damenfahrrad
2100104,1372,Herrenfahrrad
8100311,222,Herrenfahrrad
8100311,449,Kinderfahrrad
8100311,499,Kinderfahrrad
4500936,3000,Fahrrad
6400839,400,Kinderfahrrad
2500728,730,Herrenfahrrad
9200613,577,Herrenfahrrad
7100102,399,Fahrrad
2300418,750,Herrenfahrrad
4501042,998,Herrenfahrrad
4400729,600,Damenfahrrad
4501043,1399,Rennrad
2500727,2300,Damenfahrrad
9200511,300,Herrenfahrrad
6300634,999,Herrenfahrrad
9200613,50,Herrenfahrrad
8200622,1600,Herrenfahrrad
11300620,902,Damenfahrrad
5200525,1200,Damenfahrrad
3500936,150,Damenfahrrad
1100103,535,Kinderfahrrad
1100103,950,Herrenfahrrad
2300419,600,Fahrrad
4300622,925,Damenfahrrad
7300517,849,Herrenfahrrad
4200308,217,Damenfahrrad
7200414,1030,Herrenfahrrad
3601348,305,Damenfahrrad
4501153,500,Fahrrad
6400737,450,Fahrrad
8100311,250,Mountainbike
1300836,530,Herrenfahrrad
8200730,200,Herrenfahrrad
11501238,599,Damenfahrrad
2300419,669,Herrenfahrrad
3701554,150,Damenfahrrad
7400721,300,Fahrrad
7400721,2890,Herrenfahrrad
1100205,2000,Fahrrad
6300632,500,Herrenfahrrad
2200211,450,Mountainbike
12500930,1350,Herrenfahrrad
10400939,800,Damenfahrrad
8100416,800,Herrenfahrrad
1100206,170,Damenfahrrad
9200512,900,Herrenfahrrad
9200511,499,Herrenfahrrad
4400835,359,Fahrrad
4300415,599,Damenfahrrad
11501339,700,Damenfahrrad
2100106,1100,Herrenfahrrad
7200412,700,Damenfahrrad
1400942,1404,Damenfahrrad
2500834,246,Herrenfahrrad
2200209,2700,Damenfahrrad
6400735,3000,Herrenfahrrad
2400623,2788,Herrenfahrrad
4501044,500,Damenfahrrad
6100102,646,Herrenfahrrad
4300416,939,Damenfahrrad
1200623,200,Fahrrad
11400931,1300,Herrenfahrrad
3601245,1000,Fahrrad
4501153,3088,Fahrrad
2500835,748,Herrenfahrrad
3601450,600,Damenfahrrad
6300526,600,Herrenfahrrad
2100104,2900,Mountainbike
2200212,2570,Herrenfahrrad
1300733,600,Herrenfahrrad
3601245,879,Damenfahrrad
4300415,1043,Fahrrad
3601243,500,Herrenfahrrad
6200312,3900,Fahrrad
6400838,535,Damenfahrrad
6200422,1100,Herrenfahrrad
1400942,675,Damenfahrrad
4300621,404,Kinderfahrrad
2300418,478,Herrenfahrrad
3300411,560,Herrenfahrrad
7200414,1000,Herrenfahrrad
4300412,359,Damenfahrrad
9401431,250,Kinderfahrrad
3601139,450,Herrenfahrrad
4300621,620,Damenfahrrad
1100102,486,Herrenfahrrad
3400722,2721,Herrenfahrrad
3601346,701,Herrenfahrrad
7400823,600,Herrenfahrrad
2500833,1327,Damenfahrrad
8100312,1200,Herrenfahrrad
1100416,200,Damenfahrrad
8100314,909,Herrenfahrrad
4501040,1081,Damenfahrrad
6100207,566,Damenfahrrad
11401137,534,Damenfahrrad
3601452,1444,Herrenfahrrad
6200314,550,Herrenfahrrad
8100312,539,Herrenfahrrad
2400623,780,Herrenfahrrad
6300633,498,Herrenfahrrad
4501045,200,Herrenfahrrad
1200626,279,Herrenfahrrad
2500729,299,Herrenfahrrad
3601347,971,Herrenfahrrad
11401137,674,Herrenfahrrad
8100102,2799,Fahrrad
1100414,940,Herrenfahrrad
4300623,900,Herrenfahrrad
1200517,880,Herrenfahrrad
1200627,416,Damenfahrrad
2500834,599,Herrenfahrrad
11200515,899,Damenfahrrad
11501341,1060,Damenfahrrad
2200209,899,Damenfahrrad
11100205,650,Mountainbike
9100304,674,Herrenfahrrad
4200310,549,Herrenfahrrad
4501153,850,Herrenfahrrad
8100312,1570,Herrenfahrrad
11501341,250,divers
4501153,750,Herrenfahrrad
3400723,827,Herrenfahrrad
7300619,699,Damenfahrrad
8100311,469,Damenfahrrad
1400937,400,Damenfahrrad
1200522,499,Damenfahrrad
4300414,299,Damenfahrrad
2300417,569,Damenfahrrad
3200207,320,Fahrrad
4200310,664,Herrenfahrrad
2100101,580,Herrenfahrrad
8100312,150,Herrenfahrrad
11401136,500,Damenfahrrad
7200409,650,Damenfahrrad
3100103,400,Mountainbike
4500938,456,Kinderfahrrad
7200409,1100,Herrenfahrrad
11300616,333,Damenfahrrad
6400839,1000,Mountainbike
9100408,700,Damenfahrrad
10100206,658,Damenfahrrad
4501153,700,Damenfahrrad
1200520,2070,Damenfahrrad
3601450,500,Herrenfahrrad
2500831,1413,Damenfahrrad
3100103,1170,Rennrad
2500729,479,Fahrrad
3500935,605,Damenfahrrad
1100313,2500,Herrenfahrrad
4300413,3351,Fahrrad
7100204,420,Mountainbike
11501341,349,Fahrrad
9501939,599,Herrenfahrrad
1100101,240,Herrenfahrrad
4501040,1035,Damenfahrrad
2200212,799,Herrenfahrrad
3400828,1100,Herrenfahrrad
8100102,350,Herrenfahrrad
11300618,1000,Herrenfahrrad
7501029,200,Herrenfahrrad
3400828,1299,Herrenfahrrad
3501037,999,Herrenfahrrad
5100316,150,Herrenfahrrad
3500935,450,Fahrrad
9501940,474,Damenfahrrad
11300616,529,Fahrrad
5100208,750,Herrenfahrrad
1100312,730,Damenfahrrad
2200213,700,Herrenfahrrad
9100101,349,Herrenfahrrad
9100304,600,Damenfahrrad
7601547,499,Herrenfahrrad
6400735,1999,Damenfahrrad
11200514,899,Herrenfahrrad
12200515,930,Herrenfahrrad
6100204,550,Damenfahrrad
11300616,312,Herrenfahrrad
1100102,2050,Herrenfahrrad
10200627,450,Damenfahrrad
3400723,268,Damenfahrrad
3601243,1059,Herrenfahrrad
7200413,1200,Fahrrad
7100206,400,Damenfahrrad
7200414,589,Damenfahrrad
2500726,1878,Herrenfahrrad
1100312,215,Damenfahrrad
8100310,350,Damenfahrrad
3601347,800,divers
12500927,800,Fahrrad
9301024,390,Damenfahrrad
1100309,811,Herrenfahrrad
7200409,1319,Damenfahrrad
10200526,30,Fahrrad
2200213,365,Damenfahrrad
2300419,250,Herrenfahrrad
2300316,1150,Herrenfahrrad
6200420,520,Fahrrad
6300632,500,Herrenfahrrad
2400625,500,Herrenfahrrad
4500938,320,Herrenfahrrad
9100304,1442,Herrenfahrrad
10100101,400,Fahrrad
4300624,433,Herrenfahrrad
11200514,598,Herrenfahrrad
9501737,900,Herrenfahrrad
10100102,500,Herrenfahrrad
8100104,868,Herrenfahrrad
11400931,341,Damenfahrrad
3601449,300,Fahrrad
2100104,685,Damenfahrrad
7400822,349,Kinderfahrrad
8100102,749,Damenfahrrad
7200308,384,Damenfahrrad
3400723,399,Damenfahrrad
7200308,580,Herrenfahrrad
6100102,2400,Herrenfahrrad
4501041,1900,Herrenfahrrad
9501736,2000,Herrenfahrrad
8100312,800,Herrenfahrrad
2400522,300,Herrenfahrrad
3501038,400,Damenfahrrad
7200308,1400,Damenfahrrad
1200522,673,Fahrrad
3500935,270,Kinderfahrrad
1300732,150,Fahrrad
12601032,180,Damenfahrrad
2500727,350,Damenfahrrad
3400828,539,Herrenfahrrad
7300619,685,Damenfahrrad
5200423,330,Damenfahrrad
10300734,599,Herrenfahrrad
1200522,300,Damenfahrrad
3400830,484,Damenfahrrad
2500834,666,Damenfahrrad
11501339,738,Herrenfahrrad
3601141,1939,Herrenfahrrad
2200208,350,Damenfahrrad
6200312,2800,Fahrrad
3601450,370,Herrenfahrrad
3400830,519,Kinderfahrrad
2500835,700,Herrenfahrrad
10200630,269,Damenfahrrad
10100210,550,Damenfahrrad
9100101,322,Fahrrad
3400721,249,Damenfahrrad
7400824,580,Herrenfahrrad
1300731,765,Herrenfahrrad
3400724,1010,Herrenfahrrad
1100101,800,Damenfahrrad
1100309,849,Damenfahrrad
7100101,749,Herrenfahrrad
3400826,700,Fahrrad
3601141,800,Damenfahrrad
4300624,1803,Herrenfahrrad
7100101,1235,Herrenfahrrad
3601243,600,Damenfahrrad
3200206,259,Herrenfahrrad
4501147,788,Herrenfahrrad
5300841,870,Herrenfahrrad
2100105,500,Herrenfahrrad
7300618,389,Mountainbike
4200308,445,Herrenfahrrad
3701660,478,Fahrrad
11300616,280,Rennrad
6200422,2000,Herrenfahrrad
1200522,1400,Herrenfahrrad
9100101,799,Herrenfahrrad
9200613,749,Herrenfahrrad
7400824,649,Herrenfahrrad
11300616,550,Damenfahrrad
7400927,660,Damenfahrrad
4501147,590,Damenfahrrad
4300416,524,Herrenfahrrad
9501838,330,Rennrad
1100416,300,Kinderfahrrad
1100414,679,Herrenfahrrad
2200209,550,Fahrrad
11400928,439,Herrenfahrrad
11401032,230,Fahrrad
11300620,394,Fahrrad
8100103,869,Damenfahrrad
9501736,526,Damenfahrrad
10100206,1500,Damenfahrrad
4300624,2600,Damenfahrrad
2200212,1650,Herrenfahrrad
7300618,620,Damenfahrrad
6300526,750,Herrenfahrrad
2500728,540,Herrenfahrrad
2300419,300,Damenfahrrad
4300518,1199,divers
9501737,849,Damenfahrrad
1200626,899,Herrenfahrrad
6100103,1500,Damenfahrrad
2500832,280,Herrenfahrrad
3300412,400,Herrenfahrrad
4501153,552,Damenfahrrad
2200210,399,Damenfahrrad
4501041,599,Herrenfahrrad
5100210,200,Herrenfahrrad
4400725,842,Herrenfahrrad
2200207,400,Herrenfahrrad
1100206,681,Damenfahrrad
9200512,179,Damenfahrrad
3601244,1749,Rennrad
2500728,900,Damenfahrrad
3400722,599,Herrenfahrrad
9401534,8500,divers
6400842,300,Damenfahrrad
4300414,399,Damenfahrrad
3501038,548,Fahrrad
2100105,300,divers
2300315,1151,Herrenfahrrad
6100103,189,Herrenfahrrad
7200308,729,Damenfahrrad
6400735,900,Herrenfahrrad
8301037,799,divers
6300527,729,Herrenfahrrad
1100415,690,Herrenfahrrad
2300314,250,Herrenfahrrad
3701554,380,Herrenfahrrad
3601450,709,Herrenfahrrad
3601142,362,Herrenfahrrad
1100313,1700,Herrenfahrrad
1100101,830,Damenfahrrad
4500938,567,Fahrrad
5100208,465,Herrenfahrrad
1401049,456,Herrenfahrrad
9501737,2500,Herrenfahrrad
1200629,1499,Damenfahrrad
3500932,494,Damenfahrrad
7100102,1399,Herrenfahrrad
7200307,250,Herrenfahrrad
9200716,150,Herrenfahrrad
2200212,754,Damenfahrrad
1400937,729,Herrenfahrrad
8100101,150,Fahrrad
3601346,1630,Damenfahrrad
9501736,165,Damenfahrrad
4300622,700,Mountainbike
6100204,460,Fahrrad
7100103,799,Damenfahrrad
9100304,1799,Fahrrad
1300731,200,Kinderfahrrad
2300315,700,Fahrrad
6400841,1992,Damenfahrrad
7501133,700,divers
5300737,299,Herrenfahrrad
10200423,70,Kinderfahrrad
11501341,499,Damenfahrrad
6300633,416,Damenfahrrad
7300515,999,Herrenfahrrad
1100309,1200,Herrenfahrrad
3300514,370,Fahrrad
1401043,185,Herrenfahrrad
9200613,3410,Fahrrad
11100102,1400,Herrenfahrrad
9200510,449,Damenfahrrad
2300419,250,Herrenfahrrad
3701555,1400,Herrenfahrrad
6400844,1199,Damenfahrrad
9301126,3500,Rennrad
3601245,2818,Herrenfahrrad
11200410,268,Fahrrad
4300415,370,Herrenfahrrad
7300619,634,Damenfahrrad
7300619,594,Damenfahrrad
9100101,229,Kinderfahrrad
9100101,120,Damenfahrrad
2200213,1178,Herrenfahrrad
2100102,3430,Damenfahrrad
1100205,687,Damenfahrrad
6200421,250,Herrenfahrrad
6100205,1080,Damenfahrrad
2300315,145,Damenfahrrad
1100309,560,Damenfahrrad
4300416,367,Herrenfahrrad
8100209,500,Damenfahrrad
1300733,402,Damenfahrrad
2400625,1044,Damenfahrrad
2200212,689,Damenfahrrad
3701660,3464,Fahrrad
7300517,305,Damenfahrrad
8100312,593,Herrenfahrrad
9200613,999,Rennrad
1401045,749,Herrenfahrrad
1100313,730,Kinderfahrrad
1300733,499,Herrenfahrrad
1300730,500,Damenfahrrad
4300623,349,Damenfahrrad
3601245,1300,Damenfahrrad
6400842,200,Damenfahrrad
1100206,2253,Fahrrad
1100414,1100,Herrenfahrrad
2400522,1700,Herrenfahrrad
6100103,750,Herrenfahrrad
4200310,470,Damenfahrrad
4501043,490,Damenfahrrad
2100104,400,Damenfahrrad
1300834,350,Damenfahrrad
2500835,499,Fahrrad
8100312,600,Damenfahrrad
2200209,80,Herrenfahrrad
8100209,1965,Damenfahrrad
11200410,520,Damenfahrrad
7400927,348,Herrenfahrrad
4500936,435,Damenfahrrad
7400822,850,Mountainbike
2200211,2546,Herrenfahrrad
6100208,400,Mountainbike
1100104,1200,Damenfahrrad
7100102,800,Herrenfahrrad
1100206,799,Herrenfahrrad
1200629,120,Herrenfahrrad
12400723,320,Damenfahrrad
1300836,600,Herrenfahrrad
1100311,3000,Fahrrad
4100102,250,Kinderfahrrad
6300634,1050,Herrenfahrrad
2300417,1072,Mountainbike
2200211,999,Damenfahrrad
9200715,450,Herrenfahrrad
4501045,499,Herrenfahrrad
1400939,650,Herrenfahrrad
4400727,250,Mountainbike
1300836,300,Mountainbike
7100102,250,Damenfahrrad
6100208,848,Damenfahrrad
1401048,300,Herrenfahrrad
2100102,1800,Damenfahrrad
2300314,1010,Damenfahrrad
12400721,400,Herrenfahrrad
3601449,260,Damenfahrrad
9200819,450,Damenfahrrad
3701660,360,Herrenfahrrad
5200629,199,Damenfahrrad
9200511,550,Fahrrad
7100102,260,Herrenfahrrad
2300418,2800,Damenfahrrad
4500938,0,Damenfahrrad
7100102,75,Damenfahrrad
9100305,1850,Fahrrad
1200623,200,Fahrrad
4501146,1163,Herrenfahrrad
3400620,400,Fahrrad
3601243,1207,Herrenfahrrad
9200613,255,Damenfahrrad
3701658,600,Mountainbike
9100203,170,Herrenfahrrad
2400520,1093,Fahrrad
9100407,860,Herrenfahrrad
9100101,799,Damenfahrrad
2200212,242,Damenfahrrad
11200512,250,Damenfahrrad
7200308,495,Mountainbike
8100314,1100,Fahrrad
3400721,850,Herrenfahrrad
4501041,1000,Herrenfahrrad
1200629,754,Mountainbike
7200413,908,Herrenfahrrad
7100101,300,Damenfahrrad
11400927,564,Damenfahrrad
10400836,2100,Herrenfahrrad
1400937,3500,Herrenfahrrad
11501339,2900,Herrenfahrrad
12500825,235,Mountainbike
2500727,1400,Damenfahrrad
2500729,500,Herrenfahrrad
8100415,870,Herrenfahrrad
5300737,581,Damenfahrrad
3400827,2335,Damenfahrrad
1100416,1193,Herrenfahrrad
4300622,1535,Damenfahrrad
10100311,399,Damenfahrrad
12500824,470,Damenfahrrad
3300412,656,Herrenfahrrad
11100102,650,Damenfahrrad
5200629,800,Damenfahrrad
9502043,1021,Herrenfahrrad
1200625,419,Kinderfahrrad
7200307,200,Damenfahrrad
1200628,530,Herrenfahrrad
8100314,450,Damenfahrrad
11501238,714,Herrenfahrrad
3701660,328,Damenfahrrad
9301025,1212,Herrenfahrrad
8100520,677,Damenfahrrad
7100204,467,Herrenfahrrad
3400826,567,Damenfahrrad
7100102,300,Damenfahrrad
6400839,400,Herrenfahrrad
4501041,3000,Damenfahrrad
3400721,749,Damenfahrrad
3701660,4190,Fahrrad
1100309,527,Herrenfahrrad
7300517,2499,Fahrrad
11501339,420,Damenfahrrad
2200211,615,Damenfahrrad
8200623,534,Damenfahrrad
2300316,800,Fahrrad
12400721,848,Herrenfahrrad
2300314,638,Herrenfahrrad
2500729,650,Damenfahrrad
4500937,2520,Herrenfahrrad
4501151,544,Mountainbike
4501151,1119,Herrenfahrrad
1100310,299,Damenfahrrad
6100103,550,Herrenfahrrad
3400827,636,Damenfahrrad
2100105,295,Herrenfahrrad
11401135,312,Herrenfahrrad
1100308,1100,Herrenfahrrad
9501940,150,Herrenfahrrad
1100103,519,Herrenfahrrad
12200413,1134,Mountainbike
6100103,1300,Herrenfahrrad
4501151,2420,Rennrad
8100206,699,Herrenfahrrad
3400723,398,Fahrrad
2200212,700,Herrenfahrrad
6300630,850,Damenfahrrad
2300314,300,Damenfahrrad
1300730,600,Herrenfahrrad
12601134,0,divers
9200510,1338,Fahrrad
11200411,900,Herrenfahrrad
8100104,600,Damenfahrrad
2300418,950,Herrenfahrrad
7400927,1770,Herrenfahrrad
9200613,1000,Herrenfahrrad
1100207,500,Herrenfahrrad
6100206,433,Damenfahrrad
7501133,140,Fahrrad
9200716,900,Herrenfahrrad
8100312,399,Herrenfahrrad
12400722,590,Herrenfahrrad
3300514,1399,Damenfahrrad
1401044,828,Damenfahrrad
1401048,1200,Damenfahrrad
6100102,410,Kinderfahrrad
5100316,0,divers
6100102,757,Fahrrad
3601141,500,Damenfahrrad
9301025,1000,Mountainbike
6400842,600,Fahrrad
8100312,500,Damenfahrrad
6400839,659,Damenfahrrad
5300736,999,Damenfahrrad
9100202,1800,Herrenfahrrad
4400728,656,Mountainbike
5300736,1050,Fahrrad
2300418,600,Herrenfahrrad
3601141,500,divers
9200715,1000,Herrenfahrrad
2500830,889,Fahrrad
11501341,319,Damenfahrrad
3500935,500,Damenfahrrad
3601142,322,Herrenfahrrad
12400618,500,Herrenfahrrad
10300734,630,Herrenfahrrad
7601544,800,Herrenfahrrad
7300619,1400,Herrenfahrrad
2200210,700,Herrenfahrrad
10400837,490,Herrenfahrrad
2100101,1106,Herrenfahrrad
1100104,788,Herrenfahrrad
7200409,1020,Herrenfahrrad
10200627,500,Damenfahrrad
1100416,6000,divers
8200730,398,Fahrrad
8300935,1300,Herrenfahrrad
4501151,800,Herrenfahrrad
3500932,729,Damenfahrrad
5400943,950,Fahrrad
6100102,750,Damenfahrrad
4300416,677,Herrenfahrrad
9501940,1600,Mountainbike
9100304,430,Mountainbike
9501939,550,Damenfahrrad
2500728,299,Herrenfahrrad
4300623,989,Damenfahrrad
7200308,538,Kinderfahrrad
11401033,300,Herrenfahrrad
3400830,1199,Damenfahrrad
2300316,434,Herrenfahrrad
4100101,500,Damenfahrrad
10300733,800,Fahrrad
10100101,1492,Damenfahrrad
1200518,446,Herrenfahrrad
2400520,2230,Damenfahrrad
3100103,590,Fahrrad
4300623,500,Damenfahrrad
9200717,649,Herrenfahrrad
5300737,586,Mountainbike
2200210,600,Damenfahrrad
4501040,1659,Damenfahrrad
4501151,800,Mountainbike
1100102,1992,Herrenfahrrad
4300414,1000,Herrenfahrrad
5300737,460,Damenfahrrad
11501341,900,Herrenfahrrad
3300514,695,Herrenfahrrad
9100203,799,Herrenfahrrad
10100312,399,Damenfahrrad
8200623,224,Kinderfahrrad
4501153,400,Herrenfahrrad
5200421,1125,Damenfahrrad
9301025,250,Damenfahrrad
6300634,1299,Herrenfahrrad
4501153,400,Damenfahrrad
2500726,600,Damenfahrrad
3300411,780,Fahrrad
9100408,399,Damenfahrrad
3500935,1995,Damenfahrrad
6400737,790,Herrenfahrrad
6100103,800,Herrenfahrrad
9501736,1199,Fahrrad
2100101,449,Damenfahrrad
1100415,480,Damenfahrrad
3601141,590,Damenfahrrad
4501152,1200,Herrenfahrrad
6300527,360,Damenfahrrad
3601451,322,Damenfahrrad
6100102,1650,Herrenfahrrad
2500832,200,Herrenfahrrad
8100209,750,Damenfahrrad
10100101,750,Mountainbike
2200210,200,Mountainbike
4300517,200,Mountainbike
7300515,1300,Herrenfahrrad
6100208,849,Herrenfahrrad
6400842,1199,Damenfahrrad
2200213,250,Herrenfahrrad
12100103,100,Kinderfahrrad
3601451,429,Damenfahrrad
3501037,475,Damenfahrrad
7100103,987,Damenfahrrad
4501043,778,Herrenfahrrad
3601449,354,Damenfahrrad
11300725,230,Fahrrad
1100312,1190,Herrenfahrrad
9200819,749,Damenfahrrad
3601142,730,Herrenfahrrad
6100208,1847,Herrenfahrrad
7400824,1230,Herrenfahrrad
6300632,930,Damenfahrrad
9100407,1797,Herrenfahrrad
11501238,515,Herrenfahrrad
9200715,599,Damenfahrrad
11300618,2143,Herrenfahrrad
2200209,50,Herrenfahrrad
3100101,999,Damenfahrrad
8100209,812,Herrenfahrrad
12100103,200,Damenfahrrad
8100418,300,Herrenfahrrad
4501153,1000,Herrenfahrrad
2300419,350,Herrenfahrrad
2500833,580,Damenfahrrad
6300633,750,Herrenfahrrad
7200412,499,Herrenfahrrad
3601451,228,Kinderfahrrad
11401033,499,Herrenfahrrad
2100106,1300,Herrenfahrrad
6100205,499,Damenfahrrad
3701658,699,Herrenfahrrad
4501153,1220,Herrenfahrrad
6400840,300,Damenfahrrad
3601142,1700,Damenfahrrad
3601451,543,Damenfahrrad
4500936,648,Damenfahrrad
4200311,1155,Damenfahrrad
9401534,500,Kinderfahrrad
8200727,299,Herrenfahrrad
7200413,3400,Herrenfahrrad
3400723,350,Herrenfahrrad
3300412,7000,Herrenfahrrad
11400930,470,Damenfahrrad
6100103,558,Herrenfahrrad
4501040,1573,Herrenfahrrad
1100207,2320,Herrenfahrrad
2200211,675,Herrenfahrrad
4300623,599,Mountainbike
9200715,590,Herrenfahrrad
11100206,300,Damenfahrrad
12601133,430,Herrenfahrrad
2100105,517,Damenfahrrad
9100304,800,Damenfahrrad
4400832,700,Damenfahrrad
4501151,2500,Mountainbike
11401135,1211,Herrenfahrrad
10400835,1000,Herrenfahrrad
4400832,1950,Herrenfahrrad
2200210,1400,Herrenfahrrad
1100309,100,Fahrrad
1100310,1199,Herrenfahrrad
9401534,425,Herrenfahrrad
8100206,300,Damenfahrrad
12400723,600,Herrenfahrrad
2500728,768,Herrenfahrrad
2500728,400,divers
1300834,530,Herrenfahrrad
6300526,550,Damenfahrrad
6300526,558,Herrenfahrrad
4300623,622,Herrenfahrrad
2200209,360,Herrenfahrrad
3601347,250,Herrenfahrrad
9100203,150,Damenfahrrad
8401244,1500,Fahrrad
2100106,660,Damenfahrrad
9100305,600,Herrenfahrrad
7501032,160,Kinderfahrrad
3601449,50,Mountainbike
3601347,939,Herrenfahrrad
12400721,496,Herrenfahrrad
2200211,379,Rennrad
6400840,405,Damenfahrrad
8200832,1129,Herrenfahrrad
9200511,403,Herrenfahrrad
12500824,400,Damenfahrrad
4501153,1299,Herrenfahrrad
3300412,480,Damenfahrrad
12500824,575,Herrenfahrrad
8100417,2490,Damenfahrrad
7100102,450,Herrenfahrrad
4501042,3240,divers
12400723,1050,Herrenfahrrad
8100209,332,Damenfahrrad
1300835,949,Damenfahrrad
7400927,449,Damenfahrrad
9501838,610,Fahrrad
9501736,720,Herrenfahrrad
2300419,1240,Herrenfahrrad
11300725,230,Damenfahrrad
3300514,579,Fahrrad
2200211,800,Herrenfahrrad
3400826,1421,Herrenfahrrad
3400724,1500,Herrenfahrrad
6100103,599,Herrenfahrrad
1100415,1000,Herrenfahrrad
2400623,0,Fahrrad
7100102,2800,Fahrrad
8100103,995,Herrenfahrrad
3701556,1358,Herrenfahrrad
12200515,630,Damenfahrrad
2400624,767,Herrenfahrrad
3601347,1200,Herrenfahrrad
8401139,2993,Damenfahrrad
3701658,3073,Herrenfahrrad
2100105,894,Herrenfahrrad
11200514,350,Damenfahrrad
1100207,2895,Herrenfahrrad
1100311,1199,Herrenfahrrad
12500824,200,Damenfahrrad
7400826,200,Herrenfahrrad
2500728,2212,Damenfahrrad
5100206,494,Damenfahrrad
2300315,220,Herrenfahrrad
2400625,400,Herrenfahrrad
1100103,200,Herrenfahrrad
9100408,1200,Damenfahrrad
4501148,519,Herrenfahrrad
1100309,2650,Damenfahrrad
3400724,299,Damenfahrrad
4300624,4499,Herrenfahrrad
11300616,1199,Herrenfahrrad
9502043,500,Herrenfahrrad
9100304,361,Damenfahrrad
8100310,200,Damenfahrrad
3601245,700,Damenfahrrad
2200213,460,Damenfahrrad
5200629,1445,Herrenfahrrad
10100208,605,Herrenfahrrad
3701555,554,Herrenfahrrad
10200417,310,Kinderfahrrad
1300730,150,Damenfahrrad
12601235,150,Damenfahrrad
1100309,520,Herrenfahrrad
4501042,1099,Herrenfahrrad
10100206,588,Herrenfahrrad
1401047,450,Herrenfahrrad
6300527,1580,Herrenfahrrad
1200522,400,Mountainbike
4300623,999,Damenfahrrad
9401329,250,Kinderfahrrad
2400625,3500,Damenfahrrad
1100310,984,Herrenfahrrad
1100415,140,Herrenfahrrad
5400943,100,Herrenfahrrad
5100316,598,Herrenfahrrad
2500835,672,Damenfahrrad
10200526,999,Herrenfahrrad
11200513,392,Damenfahrrad
11100309,673,Damenfahrrad
6400840,550,Herrenfahrrad
4400727,650,Damenfahrrad
2500833,888,Herrenfahrrad
1100102,1365,Herrenfahrrad
9501737,638,Damenfahrrad
7100103,399,Damenfahrrad
10400939,269,Herrenfahrrad
6400838,599,Damenfahrrad
9100101,473,Herrenfahrrad
2300419,200,Fahrrad
4501044,2700,Herrenfahrrad
12100205,6876,Mountainbike
8100101,350,Herrenfahrrad
11400930,2164,Herrenfahrrad
4400832,640,Herrenfahrrad
1100313,150,Fahrrad
2500836,350,Herrenfahrrad
4400831,700,Damenfahrrad
6400735,2243,Herrenfahrrad
3400830,550,Herrenfahrrad
7100206,960,Herrenfahrrad
6300526,700,Damenfahrrad
8100415,150,Damenfahrrad
8401244,580,Damenfahrrad
10100101,249,Herrenfahrrad
3501037,399,Kinderfahrrad
8100310,500,Herrenfahrrad
2100101,214,Kinderfahrrad
2200211,924,Herrenfahrrad
3601142,1645,Herrenfahrrad
3701556,600,Damenfahrrad
3601142,344,Kinderfahrrad
3601346,225,Kinderfahrrad
6200422,547,Damenfahrrad
10300731,369,Kinderfahrrad
11300618,598,Herrenfahrrad
9100101,630,Herrenfahrrad
10300731,600,Mountainbike
3400723,330,Damenfahrrad
11300826,999,Damenfahrrad
2100106,600,Herrenfahrrad
2200207,550,Herrenfahrrad
1100310,800,Damenfahrrad
10400836,350,Damenfahrrad
1400937,672,Herrenfahrrad
1100313,1012,Damenfahrrad
1400940,300,Mountainbike
1100312,1,Damenfahrrad
8100314,300,Herrenfahrrad
3701658,800,Herrenfahrrad
3400721,4000,Herrenfahrrad
2100105,159,Mountainbike
9301126,200,Damenfahrrad
7100101,499,Mountainbike
3701660,988,Damenfahrrad
3701659,829,Herrenfahrrad
2300419,364,Fahrrad
8100314,607,Damenfahrrad
12400723,550,Damenfahrrad
6400844,2269,Herrenfahrrad
2400625,549,Herrenfahrrad
9100202,310,Damenfahrrad
2100105,900,Fahrrad
7200308,848,Damenfahrrad
11300617,400,Herrenfahrrad
7200308,874,Damenfahrrad
12400618,1170,Herrenfahrrad
3400724,644,Herrenfahrrad
2500836,1200,Herrenfahrrad
7100101,1699,Herrenfahrrad
11400931,5400,divers
8100418,700,Damenfahrrad
1100313,350,Damenfahrrad
9401433,150,divers
11200514,380,Mountainbike
2200210,300,Damenfahrrad
2100105,342,Herrenfahrrad
4501148,1000,Damenfahrrad
5100314,2500,Mountainbike
4300413,400,Herrenfahrrad
1100310,279,Kinderfahrrad
11501238,1000,Rennrad
11300722,935,Damenfahrrad
6400841,417,Kinderfahrrad
3400826,921,Damenfahrrad
3400721,398,Herrenfahrrad
1100205,700,Damenfahrrad
1100313,896,Herrenfahrrad
1401043,150,Herrenfahrrad
3400723,754,Damenfahrrad
3701556,200,Damenfahrrad
2200208,600,Herrenfahrrad
2300315,500,Herrenfahrrad
3400830,651,Damenfahrrad
1100308,789,Herrenfahrrad
7300517,799,Herrenfahrrad
3601348,535,Damenfahrrad
1100207,363,Damenfahrrad
2200211,974,Herrenfahrrad
7300517,849,Kinderfahrrad
4501151,848,Damenfahrrad
1300834,891,Damenfahrrad
1100416,1080,Damenfahrrad
1100310,117,Herrenfahrrad
1200520,678,Herrenfahrrad
4200308,623,Herrenfahrrad
12400721,100,Damenfahrrad
1100207,399,Damenfahrrad
3400723,499,Damenfahrrad
11200410,260,Damenfahrrad
3400723,699,Herrenfahrrad
1100311,200,Damenfahrrad
1100310,600,Damenfahrrad
3200309,848,Herrenfahrrad
4501045,1083,Damenfahrrad
1400942,279,Damenfahrrad
7100103,699,Fahrrad
3701555,999,Damenfahrrad
1100309,635,Herrenfahrrad
4300416,180,Fahrrad
3701554,340,Damenfahrrad
5300737,80,Damenfahrrad
11401137,350,divers
8100314,399,Fahrrad
6300526,461,Damenfahrrad
7400720,1670,Herrenfahrrad
7300618,80,Fahrrad
11400929,439,Herrenfahrrad
10100101,526,Herrenfahrrad
1401047,599,Herrenfahrrad
11200410,1064,Herrenfahrrad
4100102,500,Herrenfahrrad
4100102,400,Damenfahrrad
9501736,999,Herrenfahrrad
4501151,400,Herrenfahrrad
4100102,208,Damenfahrrad
4300415,1514,Herrenfahrrad
9200715,899,Herrenfahrrad
2400521,500,Herrenfahrrad
10100103,239,Kinderfahrrad
4501146,100,Mountainbike
11300618,333,Damenfahrrad
12100102,240,Damenfahrrad
4501043,1200,Herrenfahrrad
2200208,300,Fahrrad
9100101,575,Damenfahrrad
4501041,499,Herrenfahrrad
2400623,1542,Herrenfahrrad
3400828,170,Fahrrad
1100308,459,Herrenfahrrad
9100101,825,Damenfahrrad
1200627,410,Herrenfahrrad
12400722,385,Herrenfahrrad
4400835,299,Damenfahrrad
3400721,700,Damenfahrrad
2300419,150,Mountainbike
11501339,999,Herrenfahrrad
7400721,860,Herrenfahrrad
8100521,1011,Damenfahrrad
7300618,801,Damenfahrrad
5200629,100,Herrenfahrrad
10400837,1666,divers
2500836,440,Kinderfahrrad
8100311,370,Damenfahrrad
2300419,614,Damenfahrrad
1100415,594,Damenfahrrad
7100102,686,Damenfahrrad
8100312,270,Fahrrad
5100312,200,Herrenfahrrad
8100101,600,Herrenfahrrad
4300416,996,Damenfahrrad
1400937,548,Damenfahrrad
9301025,220,Herrenfahrrad
2500729,850,Herrenfahrrad
3500934,1042,Herrenfahrrad
3601243,374,Damenfahrrad
9100101,338,Fahrrad
1300730,430,Damenfahrrad
1300733,2500,Herrenfahrrad
2200212,479,Herrenfahrrad
6400838,950,Herrenfahrrad
3400722,1297,Damenfahrrad
3701555,1900,Herrenfahrrad
3601243,2152,Herrenfahrrad
9200715,530,Herrenfahrrad
2500726,429,Damenfahrrad
7300517,665,Damenfahrrad
4500938,819,Damenfahrrad
8100208,70,Damenfahrrad
4501042,150,Damenfahrrad
2200209,649,Herrenfahrrad
3500935,490,Fahrrad
4501041,569,Damenfahrrad
4400729,960,Herrenfahrrad
3400724,349,Damenfahrrad
9200715,1500,Herrenfahrrad
1100309,500,Herrenfahrrad
1100207,310,Herrenfahrrad
11300826,379,Herrenfahrrad
7400720,0,Herrenfahrrad
6400735,1000,Damenfahrrad
4400835,500,Damenfahrrad
1300836,1180,Herrenfahrrad
2200212,750,Herrenfahrrad
6400841,1532,Herrenfahrrad
4400835,560,Herrenfahrrad
9100407,1096,Herrenfahrrad
11501339,1124,Damenfahrrad
12100204,150,Kinderfahrrad
2400624,200,Damenfahrrad
7400720,985,Damenfahrrad
6400735,1000,Herrenfahrrad
6400735,1900,Herrenfahrrad
9501939,598,Herrenfahrrad
1100205,460,Herrenfahrrad
1200520,1649,Herrenfahrrad
11200410,1,Fahrrad
3601346,1800,Herrenfahrrad
6200422,300,Fahrrad
3400829,30,Kinderfahrrad
12400720,1100,Fahrrad
8100101,1650,Herrenfahrrad
1300836,416,Herrenfahrrad
10400940,652,Herrenfahrrad
2400522,700,Herrenfahrrad
3601347,200,Damenfahrrad
2500835,600,Herrenfahrrad
4501042,220,Herrenfahrrad
3701660,1524,Herrenfahrrad
1100102,3100,Herrenfahrrad
7501133,214,Herrenfahrrad
7200409,2585,Herrenfahrrad
4300413,700,Damenfahrrad
7200409,335,Damenfahrrad
3100103,399,Damenfahrrad
12100205,5000,Mountainbike
1100309,1020,Herrenfahrrad
3300412,1850,Herrenfahrrad
1100309,1084,Damenfahrrad
2500729,799,Damenfahrrad
9501939,220,Mountainbike
1200629,1400,Herrenfahrrad
4300518,222,Kinderfahrrad
4501045,600,Damenfahrrad
9501940,300,Herrenfahrrad
7100101,5245,Fahrrad
9200715,550,Herrenfahrrad
1200522,563,Herrenfahrrad
2500834,450,divers
1100206,2580,Herrenfahrrad
3501038,550,Herrenfahrrad
8200730,50,divers
8100310,2300,Herrenfahrrad
12400720,579,Herrenfahrrad
3701555,288,Damenfahrrad
4501045,374,Damenfahrrad
2200207,405,Herrenfahrrad
9502042,2588,Damenfahrrad
6300527,400,Herrenfahrrad
7601340,190,Kinderfahrrad
6300527,200,Kinderfahrrad
4501042,1048,Herrenfahrrad
7100102,900,Mountainbike
8100417,499,Damenfahrrad
5100105,309,Mountainbike
7100205,300,Herrenfahrrad
2200208,1090,Herrenfahrrad
5300737,787,Damenfahrrad
8100418,300,Herrenfahrrad
7200411,684,Herrenfahrrad
3701556,490,Damenfahrrad
1100102,499,Herrenfahrrad
6300528,408,Kinderfahrrad
6300528,1049,Herrenfahrrad
9502043,799,Herrenfahrrad
3601141,240,Fahrrad
3200206,1350,Damenfahrrad
3701556,380,Damenfahrrad
11300616,498,Damenfahrrad
4501149,715,Damenfahrrad
10200417,507,divers
2300417,699,Damenfahrrad
6100103,277,Damenfahrrad
1100415,500,Rennrad
8100105,220,Herrenfahrrad
1300733,838,Herrenfahrrad
1100415,0,Herrenfahrrad
2100105,690,Herrenfahrrad
3300514,399,Herrenfahrrad
3300514,625,Herrenfahrrad
2400623,264,Herrenfahrrad
4501147,999,Fahrrad
4500939,299,Mountainbike
1100309,950,Herrenfahrrad
8100206,1600,Herrenfahrrad
12601134,600,Herrenfahrrad
4300416,1050,Herrenfahrrad
9200511,970,Herrenfahrrad
10400836,250,Damenfahrrad
6100102,620,Mountainbike
8100313,850,Herrenfahrrad
11400929,499,Fahrrad
9200614,1649,Fahrrad
11401034,30,Mountainbike
4501045,350,Herrenfahrrad
12400723,1498,Herrenfahrrad
7200413,533,Herrenfahrrad
1100309,700,Herrenfahrrad
3400725,390,Herrenfahrrad
10200524,500,Fahrrad
7100102,400,Damenfahrrad
2500728,850,Damenfahrrad
6300526,80,Fahrrad
11300722,184,Damenfahrrad
4500936,150,Damenfahrrad
7501030,899,Damenfahrrad
1100308,1399,Herrenfahrrad
9200613,685,Fahrrad
12400722,788,Damenfahrrad
8100101,1299,Herrenfahrrad
9100101,400,Herrenfahrrad
5300736,343,Damenfahrrad
4400727,646,Damenfahrrad
9100101,1358,divers
3701657,714,Damenfahrrad
3601141,1499,Herrenfahrrad
8100416,130,Herrenfahrrad
8401244,470,Damenfahrrad
1300836,340,Herrenfahrrad
2500728,500,Fahrrad
9100101,335,Herrenfahrrad
7200412,600,Herrenfahrrad
8100314,1060,Herrenfahrrad
4500936,500,Fahrrad
11401034,3034,Herrenfahrrad
11400930,2399,Damenfahrrad
10200629,150,Herrenfahrrad
9200613,600,Mountainbike
7300516,1000,Herrenfahrrad
12100102,200,Kinderfahrrad
12500928,399,Kinderfahrrad
1300834,490,Kinderfahrrad
3601140,339,Herrenfahrrad
2300314,350,Damenfahrrad
12400723,528,Herrenfahrrad
9501736,320,Herrenfahrrad
6300629,760,Herrenfahrrad
7100206,1999,Herrenfahrrad
11200410,2299,Damenfahrrad
4501148,3299,Herrenfahrrad
3400724,400,Herrenfahrrad
11200512,900,Damenfahrrad
6400840,599,Damenfahrrad
9200511,650,Damenfahrrad
9501939,4300,Herrenfahrrad
2500835,526,Kinderfahrrad
9501939,750,Mountainbike
3601346,800,Herrenfahrrad
9501838,400,Herrenfahrrad
3601141,1650,Rennrad
11501340,854,Herrenfahrrad
11400929,600,Damenfahrrad
9200819,1149,Damenfahrrad
4501151,600,Herrenfahrrad
4500936,1260,Mountainbike
9401433,750,Herrenfahrrad
4500936,500,Damenfahrrad
1200520,645,Damenfahrrad
4501149,580,Damenfahrrad
9200613,2777,Mountainbike
7400720,1500,Fahrrad
7100102,1799,Damenfahrrad
4400830,520,Herrenfahrrad
4501149,814,Damenfahrrad
1100206,300,Damenfahrrad
2500834,554,Herrenfahrrad
1200629,260,Fahrrad
1100415,420,Damenfahrrad
4300416,1200,Fahrrad
7100206,1500,Herrenfahrrad
4300623,594,Damenfahrrad
4200308,1700,Herrenfahrrad
6400838,1330,Herrenfahrrad
11401032,453,divers
8100310,1074,Herrenfahrrad
7400822,850,Herrenfahrrad
6300632,1200,Herrenfahrrad
2400522,639,Damenfahrrad
7100101,400,Kinderfahrrad
4501041,674,Damenfahrrad
8100417,638,Herrenfahrrad
7400822,520,Damenfahrrad
6400838,550,Herrenfahrrad
2400520,399,Herrenfahrrad
2200208,429,Damenfahrrad
6300632,690,Damenfahrrad
11300722,500,Damenfahrrad
6400838,298,Kinderfahrrad
4300620,1100,Herrenfahrrad
2500831,352,Kinderfahrrad
7200409,700,Damenfahrrad
2500727,1990,Herrenfahrrad
4300620,6028,Fahrrad
3200206,3600,Herrenfahrrad
6400840,1779,Herrenfahrrad
6100206,500,Damenfahrrad
4200311,537,Herrenfahrrad
3601245,400,Damenfahrrad
11401032,400,Herrenfahrrad
9100101,505,Mountainbike
10400938,399,Damenfahrrad
9100304,2100,Herrenfahrrad
7601341,2540,Fahrrad
10200525,159,Damenfahrrad
3701556,740,Herrenfahrrad
4500937,720,Herrenfahrrad
4400835,1019,Damenfahrrad
1100415,1419,Damenfahrrad
6100206,700,Fahrrad
1100309,400,Damenfahrrad
7300517,325,Herrenfahrrad
7200307,900,Herrenfahrrad
2400625,550,Damenfahrrad
8100101,399,Herrenfahrrad
1100103,4000,Damenfahrrad
1100103,4000,Herrenfahrrad
12500825,800,Herrenfahrrad
3601244,1,Fahrrad
12500825,1400,Herrenfahrrad
10300733,349,Rennrad
6300526,810,Damenfahrrad
9200613,567,Herrenfahrrad
10300731,405,Herrenfahrrad
1100207,2499,Fahrrad
1100104,616,Herrenfahrrad
3400828,262,Fahrrad
1400941,300,Fahrrad
11400928,1090,Herrenfahrrad
2500726,1000,Damenfahrrad
4501148,1030,Fahrrad
4300623,350,Herrenfahrrad
4501147,1120,Herrenfahrrad
10400939,500,Damenfahrrad
3601243,709,Herrenfahrrad
1100308,1800,Herrenfahrrad
8401243,422,Damenfahrrad
4501146,1187,Damenfahrrad
8100206,700,Herrenfahrrad
3400827,499,Damenfahrrad
1100207,260,Herrenfahrrad
2400624,70,Mountainbike
7100102,530,Damenfahrrad
4501044,700,Herrenfahrrad
4300415,2618,Herrenfahrrad
7200413,500,Herrenfahrrad
10400836,250,Damenfahrrad
10400836,250,Damenfahrrad
4300623,1152,Damenfahrrad
10400836,0,Damenfahrrad
2100104,790,Herrenfahrrad
9200819,200,Herrenfahrrad
8100103,3000,Herrenfahrrad
7400824,320,Damenfahrrad
7400824,180,Herrenfahrrad
12500824,890,Damenfahrrad
3701554,1450,Herrenfahrrad
1200517,2000,Herrenfahrrad
4501147,1800,Herrenfahrrad
1400942,799,divers
1100310,380,Damenfahrrad
3601245,700,Damenfahrrad
2200211,535,Herrenfahrrad
2100104,900,Mountainbike
2100104,420,Damenfahrrad
5100315,299,Damenfahrrad
2100106,600,Mountainbike
4300621,699,Herrenfahrrad
7501030,288,Herrenfahrrad
7100101,299,Kinderfahrrad
3701554,500,Herrenfahrrad
2500729,995,Herrenfahrrad
7100102,368,Herrenfahrrad
6400843,999,Herrenfahrrad
11300724,300,Fahrrad
4300518,2800,Herrenfahrrad
4501149,1640,Damenfahrrad
11400928,1299,Herrenfahrrad
4300622,2300,Herrenfahrrad
8100310,1700,Fahrrad
2200213,340,Herrenfahrrad
2200209,1900,Herrenfahrrad
1100101,499,Kinderfahrrad
3601451,1799,Herrenfahrrad
11200512,850,Fahrrad
1200626,769,Herrenfahrrad
3501038,699,Mountainbike
3701556,1459,Damenfahrrad
10400939,639,Kinderfahrrad
1401047,400,Damenfahrrad
1200520,1750,Fahrrad
12200307,100,Damenfahrrad
2200211,514,Damenfahrrad
1100311,936,Herrenfahrrad
9501838,547,Herrenfahrrad
8100207,3000,Fahrrad
4501045,300,Damenfahrrad
1100309,1,Fahrrad
8100103,200,Damenfahrrad
1100311,599,Damenfahrrad
12100102,300,Herrenfahrrad
2200211,850,Herrenfahrrad
1401045,3000,Herrenfahrrad
7100101,599,Damenfahrrad
4501041,1100,Herrenfahrrad
6100209,429,Damenfahrrad
8100208,950,Damenfahrrad
1401045,3000,Fahrrad
1100310,500,Damenfahrrad
11200513,1299,Rennrad
2500727,1,Fahrrad
3400721,300,Damenfahrrad
2300418,4500,Fahrrad
7400927,450,Herrenfahrrad
5200421,355,Herrenfahrrad
11401136,169,Damenfahrrad
1100310,1999,Herrenfahrrad
8100312,600,Herrenfahrrad
2100103,2176,Damenfahrrad
8100312,1000,Mountainbike
11501340,845,Damenfahrrad
4500938,300,Herrenfahrrad
7100101,1852,Herrenfahrrad
1100415,499,Herrenfahrrad
6300634,225,Damenfahrrad
3300412,399,Herrenfahrrad
1100308,2990,Damenfahrrad
1100101,1440,Herrenfahrrad
11501339,249,Herrenfahrrad
6400842,450,Herrenfahrrad
2300419,650,Herrenfahrrad
1100415,500,Herrenfahrrad
4501043,2600,Fahrrad
11501339,350,Mountainbike
9100304,520,Herrenfahrrad
7100206,760,Herrenfahrrad
10300731,360,Kinderfahrrad
5100316,827,Herrenfahrrad
4400834,413,Damenfahrrad
7100206,339,Kinderfahrrad
2200208,1000,Fahrrad
3701659,1500,Fahrrad
6400844,431,Damenfahrrad
9301126,500,Herrenfahrrad
7100206,350,Kinderfahrrad
11200513,1450,Rennrad
4400835,468,Fahrrad
7400823,475,Herrenfahrrad
4300621,838,Fahrrad
9501838,220,Herrenfahrrad
2500833,1200,Herrenfahrrad
7400824,204,Damenfahrrad
11300725,363,Herrenfahrrad
4501153,779,Damenfahrrad
9501737,1700,Herrenfahrrad
3400827,500,Damenfahrrad
3601139,1064,Herrenfahrrad
2500830,1847,Herrenfahrrad
1300730,499,Damenfahrrad
4400726,1590,Herrenfahrrad
9501737,700,Damenfahrrad
6300526,558,Herrenfahrrad
9501940,300,Damenfahrrad
8100206,165,Herrenfahrrad
7200410,2399,Herrenfahrrad
2200212,700,Herrenfahrrad
6100102,499,Damenfahrrad
4500939,4122,Herrenfahrrad
6100208,660,Damenfahrrad
7300515,899,Damenfahrrad
1300732,699,Damenfahrrad
4300622,2100,Herrenfahrrad
3200310,565,Herrenfahrrad
3400724,435,Damenfahrrad
4300619,598,Damenfahrrad
6300526,2000,Mountainbike
8100206,500,Damenfahrrad
2200211,1929,Herrenfahrrad
7300517,599,Herrenfahrrad
1401043,250,Fahrrad
3500934,350,Damenfahrrad
9501737,70,Kinderfahrrad
7300517,1300,Herrenfahrrad
4501042,488,Damenfahrrad
9200715,100,Damenfahrrad
8100311,699,Herrenfahrrad
9100202,530,Herrenfahrrad
3400827,521,Fahrrad
4501153,302,Damenfahrrad
11200513,1900,Herrenfahrrad
10200526,400,Herrenfahrrad
2100104,300,Mountainbike
2200212,489,Damenfahrrad
4300622,393,Herrenfahrrad
4501152,900,Damenfahrrad
1100415,180,Damenfahrrad
3601141,200,Damenfahrrad
3701556,899,Damenfahrrad
3500936,1091,Damenfahrrad
12400617,320,Damenfahrrad
3601245,0,Herrenfahrrad
12601134,455,Damenfahrrad
6400844,350,Damenfahrrad
2200213,250,Damenfahrrad
8100104,473,Herrenfahrrad
12100206,850,Rennrad
1300731,200,Herrenfahrrad
2500834,400,Kinderfahrrad
5100209,90,Herrenfahrrad
7601546,529,Herrenfahrrad
12100205,250,Damenfahrrad
2200211,1000,Herrenfahrrad
1100311,2300,Damenfahrrad
4501042,500,Damenfahrrad
12400617,550,Kinderfahrrad
3701555,500,Herrenfahrrad
9100305,749,Damenfahrrad
7200413,540,Herrenfahrrad
2100103,870,Damenfahrrad
12500824,580,Damenfahrrad
2400522,2900,Herrenfahrrad
1300733,420,Kinderfahrrad
4300623,100,Fahrrad
8200727,700,Herrenfahrrad
8100208,800,Herrenfahrrad
2200210,1090,Damenfahrrad
7300515,825,Herrenfahrrad
4501153,530,Herrenfahrrad
4501150,1200,Rennrad
2200210,1050,Fahrrad
9401534,859,Herrenfahrrad
3400724,573,Damenfahrrad
10100312,368,Damenfahrrad
2200210,120,Damenfahrrad
3400724,1400,Herrenfahrrad
12200412,1328,Damenfahrrad
6400840,1100,Damenfahrrad
1401046,699,Damenfahrrad
9200717,2600,divers
7501133,1180,Herrenfahrrad
11300619,90,Damenfahrrad
4300416,700,Herrenfahrrad
9200613,260,Damenfahrrad
11200513,473,Herrenfahrrad
2300418,500,Herrenfahrrad
4300623,828,Rennrad
9100304,170,Herrenfahrrad
3701554,8000,Herrenfahrrad
1200519,420,Damenfahrrad
4300416,286,Herrenfahrrad
10300731,200,Herrenfahrrad
3601141,1000,Herrenfahrrad
2500728,500,Herrenfahrrad
8301037,330,Herrenfahrrad
8100101,600,Damenfahrrad
3200206,699,Herrenfahrrad
4400727,300,Herrenfahrrad
1100101,800,Herrenfahrrad
8100206,229,Fahrrad
6300528,2800,Damenfahrrad
5200629,600,Damenfahrrad
2500835,438,Fahrrad
2400521,140,Herrenfahrrad
3501037,1609,Herrenfahrrad
1100416,1074,Fahrrad
12100204,100,Herrenfahrrad
8100103,1753,Fahrrad
2500726,400,Herrenfahrrad
3501038,1500,Herrenfahrrad
2500728,999,Herrenfahrrad
2200213,710,Herrenfahrrad
6100103,1030,Herrenfahrrad
2200211,2449,Damenfahrrad
11400930,689,Damenfahrrad
2100102,749,Damenfahrrad
2200208,1500,Herrenfahrrad
12400722,390,Damenfahrrad
1100414,1888,Herrenfahrrad
7200411,292,Mountainbike
9501838,440,Herrenfahrrad
3601243,100,Herrenfahrrad
7300619,1057,Fahrrad
6100209,500,Damenfahrrad
4200311,700,Damenfahrrad
7100102,1200,Herrenfahrrad
3400829,323,Fahrrad
3400826,250,Damenfahrrad
1300836,749,Damenfahrrad
8100418,370,Herrenfahrrad
7400824,2700,Fahrrad
4501151,930,Damenfahrrad
2100106,1194,Herrenfahrrad
7501031,699,Damenfahrrad
4500938,2450,Herrenfahrrad
11401136,120,Herrenfahrrad
4300622,2064,Herrenfahrrad
3500933,538,Herrenfahrrad
2300419,815,Fahrrad
4300416,350,Damenfahrrad
12601235,200,Damenfahrrad
8100417,757,Herrenfahrrad
2100106,1200,Damenfahrrad
7100206,1428,Herrenfahrrad
5400943,400,Damenfahrrad
3400619,850,Herrenfahrrad
4300518,741,Herrenfahrrad
1200520,3000,divers
3400723,600,Herrenfahrrad
4501149,658,Damenfahrrad
2100101,1090,Damenfahrrad
4300622,1700,Rennrad
6400735,799,Herrenfahrrad
5100209,1055,Damenfahrrad
3400721,600,Herrenfahrrad
3701556,369,Damenfahrrad
11100203,504,Herrenfahrrad
1100206,2685,Damenfahrrad
1401044,350,Herrenfahrrad
11300722,1125,Herrenfahrrad
3701660,3739,Fahrrad
9200717,2750,divers
4400835,1130,Herrenfahrrad
2400623,300,Damenfahrrad
7100103,1499,Damenfahrrad
4300623,700,Fahrrad
1100309,280,Herrenfahrrad
3601140,392,Herrenfahrrad
7601544,994,Herrenfahrrad
4501149,465,Herrenfahrrad
4501148,426,Damenfahrrad
2200213,756,Damenfahrrad
1200626,499,Damenfahrrad
4501045,650,Damenfahrrad
12400721,654,Damenfahrrad
6400840,494,Herrenfahrrad
4501042,830,Mountainbike
3400725,638,Herrenfahrrad
8100312,565,Damenfahrrad
2300314,599,Herrenfahrrad
3300514,465,Fahrrad
1300733,1100,Damenfahrrad
11200513,650,Herrenfahrrad
10100312,199,Damenfahrrad
2500834,1,Damenfahrrad
2400521,2400,Herrenfahrrad
1100311,549,Damenfahrrad
3400725,466,Herrenfahrrad
2300315,670,Herrenfahrrad
4300623,2999,Damenfahrrad
3300412,485,Fahrrad
12400723,250,Kinderfahrrad
2100106,1848,Herrenfahrrad
8100208,700,Damenfahrrad
2300417,599,Herrenfahrrad
7400825,100,Damenfahrrad
7100205,1119,Herrenfahrrad
3400721,450,Fahrrad
3400723,600,Damenfahrrad
2300316,989,Herrenfahrrad
10300733,1400,Herrenfahrrad
6300629,660,Herrenfahrrad
7300515,1296,Herrenfahrrad
8100415,300,Fahrrad
4300621,833,Damenfahrrad
7200413,662,Herrenfahrrad
2400623,1049,Damenfahrrad
3200309,1400,Herrenfahrrad
3601451,1328,Herrenfahrrad
3601451,595,Kinderfahrrad
8100311,1025,Herrenfahrrad
10200524,5721,Damenfahrrad
4400835,420,Herrenfahrrad
4501044,700,Herrenfahrrad
9200613,399,Herrenfahrrad
3400826,487,Herrenfahrrad
9401534,999,Fahrrad
12100205,915,Herrenfahrrad
9401329,777,Herrenfahrrad
9401329,1799,Herrenfahrrad
8200726,50,Kinderfahrrad
5200525,1063,Herrenfahrrad
7200307,300,Kinderfahrrad
6300524,340,Herrenfahrrad
11300617,450,Herrenfahrrad
2200211,719,Herrenfahrrad
2200211,541,Damenfahrrad
4300621,223,Damenfahrrad
1100309,1400,Fahrrad
1100310,971,Herrenfahrrad
1100206,193,Damenfahrrad
2300419,4000,Rennrad
4300623,1068,Damenfahrrad
3200207,229,Damenfahrrad
2300419,840,Damenfahrrad
6400737,1511,Damenfahrrad
4300518,251,Damenfahrrad
3601347,400,Damenfahrrad
10100208,360,Herrenfahrrad
7601238,290,Fahrrad
7300618,150,Herrenfahrrad
8100208,238,Herrenfahrrad
4501045,1399,Damenfahrrad
9401433,200,Damenfahrrad
6400843,498,Kinderfahrrad
1100207,429,Herrenfahrrad
9100203,499,Fahrrad
11401135,199,Herrenfahrrad
2200212,2801,Herrenfahrrad
11100101,200,Damenfahrrad
9200715,2900,Herrenfahrrad
2500728,2000,Herrenfahrrad
2500832,700,Herrenfahrrad
11200410,1000,Herrenfahrrad
11300826,0,Damenfahrrad
8100102,2919,Damenfahrrad
1401046,800,Herrenfahrrad
7100102,299,Kinderfahrrad
6300629,430,Mountainbike
9200716,150,Damenfahrrad
5200527,925,Herrenfahrrad
3601348,420,Herrenfahrrad
3400828,200,Damenfahrrad
2500729,650,Damenfahrrad
3500936,333,Damenfahrrad
12500926,300,Herrenfahrrad
11300616,660,Herrenfahrrad
1100104,650,Herrenfahrrad
4300621,900,Herrenfahrrad
10400939,300,Herrenfahrrad
5200423,1170,Herrenfahrrad
3701660,950,Herrenfahrrad
8100310,1030,Herrenfahrrad
3701658,399,Herrenfahrrad
4400726,250,Herrenfahrrad
11200513,550,Damenfahrrad
3400723,509,Kinderfahrrad
7200308,700,Fahrrad
2500835,999,Herrenfahrrad
7400720,730,Damenfahrrad
8100102,500,Herrenfahrrad
9501737,1499,Damenfahrrad
3601142,530,Herrenfahrrad
9300923,399,Herrenfahrrad
3601142,500,Rennrad
5100210,2298,Damenfahrrad
12500928,3181,Damenfahrrad
9200613,457,Herrenfahrrad
2500728,1459,Herrenfahrrad
5100314,1740,Damenfahrrad
11300826,799,Herrenfahrrad
9100101,1075,Herrenfahrrad
2500836,700,Herrenfahrrad
2500831,509,Herrenfahrrad
12100102,500,Damenfahrrad
12500928,519,Herrenfahrrad
2200211,358,Herrenfahrrad
7200307,900,Damenfahrrad
1300836,207,Damenfahrrad
1100206,865,Herrenfahrrad
6400838,425,Kinderfahrrad
9200715,428,Damenfahrrad
4300622,700,Herrenfahrrad
2100103,674,Damenfahrrad
1401047,250,Mountainbike
8200624,337,Damenfahrrad
3701660,100,Herrenfahrrad
3100103,549,Damenfahrrad
1200629,544,Damenfahrrad
3601243,299,Herrenfahrrad
1100310,590,Herrenfahrrad
4300623,457,Damenfahrrad
1100310,498,Herrenfahrrad
8100417,280,Herrenfahrrad
6400735,400,Fahrrad
8100102,714,Herrenfahrrad
2100102,400,Damenfahrrad
7200414,450,Herrenfahrrad
3701658,490,Damenfahrrad
1100416,398,Herrenfahrrad
1300836,200,Herrenfahrrad
8100104,1362,Herrenfahrrad
4501041,425,Damenfahrrad
3701658,800,Herrenfahrrad
3701658,440,Kinderfahrrad
9100101,350,Damenfahrrad
3601452,399,Damenfahrrad
1300733,1000,Herrenfahrrad
4400832,999,Damenfahrrad
4501043,569,Herrenfahrrad
8100102,1499,Herrenfahrrad
6300632,559,Herrenfahrrad
9301126,399,Herrenfahrrad
4300413,1051,divers
8301037,250,Damenfahrrad
7100205,621,Herrenfahrrad
2400521,333,Herrenfahrrad
8100310,400,Damenfahrrad
7300618,282,Damenfahrrad
7100102,959,Damenfahrrad
5200629,2000,Damenfahrrad
11501339,1500,Herrenfahrrad
9301126,350,Herrenfahrrad
6300526,400,Kinderfahrrad
3601245,1120,Herrenfahrrad
2400624,399,Mountainbike
9300921,500,Herrenfahrrad
1100206,1699,Herrenfahrrad
9401534,600,Herrenfahrrad
3400828,270,Mountainbike
2200211,454,Fahrrad
11300725,900,Herrenfahrrad
2300315,550,Herrenfahrrad
2400521,280,Fahrrad
3601245,763,Damenfahrrad
8100209,830,Herrenfahrrad
1100102,957,Herrenfahrrad
3601245,470,Damenfahrrad
11501341,799,Damenfahrrad
8100415,1013,Damenfahrrad
10200419,620,Mountainbike
4501149,639,Damenfahrrad
10200420,400,Kinderfahrrad
1100308,1149,Herrenfahrrad
8100417,599,Herrenfahrrad
8100311,300,Damenfahrrad
2300315,699,Damenfahrrad
10200524,969,Damenfahrrad
7200413,1003,Herrenfahrrad
3701555,329,Kinderfahrrad
10300733,399,Damenfahrrad
1100311,685,Herrenfahrrad
6200420,429,Damenfahrrad
7400720,300,Damenfahrrad
4300622,800,Herrenfahrrad
3701659,340,Fahrrad
1200629,804,Damenfahrrad
3701658,350,Herrenfahrrad
5200629,599,Herrenfahrrad
8100313,1120,Fahrrad
10400938,150,Damenfahrrad
6400842,1000,Herrenfahrrad
3701555,549,Herrenfahrrad
1300733,369,Kinderfahrrad
3501038,250,Herrenfahrrad
9100101,0,Damenfahrrad
5100312,745,Damenfahrrad
1300732,718,Herrenfahrrad
9200818,188,Damenfahrrad
1100310,999,Herrenfahrrad
10400939,100,Damenfahrrad
1100101,276,Damenfahrrad
10400939,50,Damenfahrrad
12200309,350,Herrenfahrrad
9100304,549,Damenfahrrad
2200207,2400,Herrenfahrrad
7100102,1414,Herrenfahrrad
5100316,350,Damenfahrrad
2400521,2780,Damenfahrrad
9200715,400,Damenfahrrad
10300731,1980,Fahrrad
1100103,480,Herrenfahrrad
3601244,2900,Herrenfahrrad
8100520,1,divers
4501040,600,Damenfahrrad
9100407,570,Herrenfahrrad
2300419,200,Damenfahrrad
11401136,259,Damenfahrrad
4300416,886,Herrenfahrrad
5400943,399,Herrenfahrrad
3400722,209,Damenfahrrad
2200213,790,Herrenfahrrad
3601141,430,Herrenfahrrad
7200307,100,Damenfahrrad
12100102,499,Damenfahrrad
1100415,299,Damenfahrrad
4300414,298,Damenfahrrad
8100310,240,Kinderfahrrad
1100207,600,Herrenfahrrad
3601141,399,Damenfahrrad
7100102,1400,Herrenfahrrad
6300528,550,Damenfahrrad
6400840,800,Mountainbike
9200613,879,Herrenfahrrad
6200314,350,Fahrrad
11300725,522,Kinderfahrrad
11100101,350,Herrenfahrrad
4501150,1450,Herrenfahrrad
1200626,637,Herrenfahrrad
3400830,400,Damenfahrrad
7200308,100,Kinderfahrrad
2500832,500,Damenfahrrad
3601141,454,Fahrrad
2300315,200,Herrenfahrrad
1100308,1200,Damenfahrrad
3200207,789,Herrenfahrrad
6100102,650,Herrenfahrrad
11300616,209,Herrenfahrrad
3601140,1000,Herrenfahrrad
6100102,530,Herrenfahrrad
7100102,180,Damenfahrrad
5100209,300,Herrenfahrrad
11501339,150,Damenfahrrad
7400824,85,Herrenfahrrad
3400723,350,Damenfahrrad
2300417,829,Damenfahrrad
2500726,380,Herrenfahrrad
9501736,1149,Herrenfahrrad
2400522,469,Herrenfahrrad
3400724,400,Damenfahrrad
8100417,480,Herrenfahrrad
8100418,600,Herrenfahrrad
7200409,389,Kinderfahrrad
3601142,270,Fahrrad
8100311,645,Damenfahrrad
7100103,500,Damenfahrrad
9401433,150,Damenfahrrad
3400827,290,Herrenfahrrad
1100414,329,Herrenfahrrad
10100210,646,divers
10100210,399,Damenfahrrad
4300624,576,Herrenfahrrad
11400927,697,Damenfahrrad
3200308,110,Kinderfahrrad
2100103,294,Damenfahrrad
3701556,799,Fahrrad
3500933,1000,Rennrad
3400722,7200,divers
5300841,1699,Herrenfahrrad
3200308,599,Herrenfahrrad
1100308,430,Damenfahrrad
8100208,35,Fahrrad
4501040,462,Damenfahrrad
1100415,419,Damenfahrrad
1100310,430,Herrenfahrrad
8100418,600,Damenfahrrad
8100418,199,Herrenfahrrad
9200511,699,Herrenfahrrad
7100204,400,Herrenfahrrad
12100204,90,Mountainbike
1300733,950,Fahrrad
8100314,300,Damenfahrrad
10200526,800,Mountainbike
11501339,500,Herrenfahrrad
6200421,100,Damenfahrrad
6100209,300,Damenfahrrad
4300622,873,Herrenfahrrad
4300413,900,Herrenfahrrad
2200212,1200,Herrenfahrrad
2400520,2050,Herrenfahrrad
4501152,290,Damenfahrrad
9501838,599,Herrenfahrrad
7400720,1621,Herrenfahrrad
3400721,260,Kinderfahrrad
1200629,1700,Fahrrad
7100206,950,Damenfahrrad
9100305,200,Damenfahrrad
1100416,449,Kinderfahrrad
1100311,2415,Herrenfahrrad
3601244,448,Kinderfahrrad
2200209,771,Damenfahrrad
7200307,0,Herrenfahrrad
1200629,399,Herrenfahrrad
3701556,2400,Herrenfahrrad
9401534,599,Fahrrad
1100415,330,Damenfahrrad
1100415,1220,Herrenfahrrad
8100208,500,divers
11200411,599,Damenfahrrad
6400840,529,Kinderfahrrad
6200422,1336,Herrenfahrrad
4501150,399,Damenfahrrad
1200629,399,Damenfahrrad
2200213,1,Herrenfahrrad
8100310,100,Damenfahrrad
9100101,450,Herrenfahrrad
5100210,250,Damenfahrrad
4501153,400,Herrenfahrrad
3601451,370,Herrenfahrrad
4501042,4000,Fahrrad
4400835,449,Herrenfahrrad
3400619,724,Herrenfahrrad
3400826,315,Herrenfahrrad
11401135,322,Mountainbike
4200310,500,Damenfahrrad
4300416,649,Damenfahrrad
2300419,900,Herrenfahrrad
2200210,1066,Damenfahrrad
9100304,822,Herrenfahrrad
1200623,3200,Herrenfahrrad
2400521,800,Herrenfahrrad
7200307,2499,Herrenfahrrad
4200207,1099,Herrenfahrrad
1401046,215,Fahrrad
1200623,1469,Damenfahrrad
12100206,4800,divers
7400720,288,Damenfahrrad
9200716,1100,Mountainbike
11400931,657,divers
2500832,1830,Herrenfahrrad
4500938,160,Damenfahrrad
6400737,799,Damenfahrrad
8401246,355,Damenfahrrad
4501043,600,Herrenfahrrad
2100104,400,Damenfahrrad
8100312,300,Herrenfahrrad
8100208,200,Herrenfahrrad
11200512,386,Fahrrad
2200213,378,Damenfahrrad
2400624,350,Herrenfahrrad
9501940,2000,Mountainbike
11200512,560,Mountainbike
7300517,399,Damenfahrrad
4300416,393,Fahrrad
7300619,513,Herrenfahrrad
2500833,220,Damenfahrrad
11300618,150,Herrenfahrrad
8100311,600,Herrenfahrrad
2500833,2000,Herrenfahrrad
4501042,480,Mountainbike
2500834,804,Herrenfahrrad
3400826,173,Damenfahrrad
9300923,584,Damenfahrrad
2100101,300,Mountainbike
11200411,200,Herrenfahrrad
11400929,351,Damenfahrrad
11501341,1100,Herrenfahrrad
1200623,417,Herrenfahrrad
6300632,908,Herrenfahrrad
8100314,299,Herrenfahrrad
7400822,800,Fahrrad
5300841,1799,Damenfahrrad
4200309,600,Herrenfahrrad
5200629,150,Herrenfahrrad
9100202,150,Damenfahrrad
1100102,1200,Herrenfahrrad
3701659,750,Herrenfahrrad
7200307,500,Damenfahrrad
11501340,2200,Damenfahrrad
2200210,485,Damenfahrrad
4300517,396,Herrenfahrrad
1100103,250,Damenfahrrad
3400826,300,Herrenfahrrad
6300526,300,Damenfahrrad
8100417,1140,Damenfahrrad
4501149,300,Mountainbike
9200510,0,divers
2400522,1200,Herrenfahrrad
3601348,569,Kinderfahrrad
2200210,406,Damenfahrrad
10200524,800,Mountainbike
11501339,0,Fahrrad
5300839,448,Fahrrad
3601348,1872,Herrenfahrrad
3400827,699,Herrenfahrrad
3701555,6979,Fahrrad
7501032,0,Damenfahrrad
7100101,637,Herrenfahrrad
1100415,400,Herrenfahrrad
7300515,1350,Herrenfahrrad
7200414,750,Damenfahrrad
11401135,487,Herrenfahrrad
9401329,510,Herrenfahrrad
4300414,450,Herrenfahrrad
5100211,150,Herrenfahrrad
3300412,550,Herrenfahrrad
4400835,799,Damenfahrrad
4501044,479,Damenfahrrad
3601142,601,Fahrrad
1100308,500,Herrenfahrrad
9100101,400,Herrenfahrrad
10300731,1250,Rennrad
3601347,1478,Herrenfahrrad
9300920,623,Fahrrad
3601347,1200,Herrenfahrrad
10400939,650,Damenfahrrad
6200315,700,Herrenfahrrad
1300733,1050,Herrenfahrrad
4300416,299,Herrenfahrrad
1100309,1099,Herrenfahrrad
3601243,299,Damenfahrrad
9200715,1898,Damenfahrrad
3701554,1000,Herrenfahrrad
5300737,100,Fahrrad
12100204,105,Damenfahrrad
3701658,1169,Herrenfahrrad
10400939,359,Mountainbike
11501238,150,Damenfahrrad
1300733,600,Damenfahrrad
3701658,333,Herrenfahrrad
4501147,1200,Herrenfahrrad
4200309,307,Damenfahrrad
1300730,707,Damenfahrrad
7200308,510,Herrenfahrrad
12400722,598,Damenfahrrad
7300517,774,Damenfahrrad
8100208,1099,Herrenfahrrad
3501038,659,Damenfahrrad
3701659,724,Damenfahrrad
1300733,999,Herrenfahrrad
1100313,449,Herrenfahrrad
9401635,627,Damenfahrrad
4300416,849,Herrenfahrrad
1100415,300,Rennrad
6200421,398,Damenfahrrad
2300417,900,Damenfahrrad
2100106,200,Kinderfahrrad
3601347,599,Fahrrad
10400941,1000,Fahrrad
8100312,490,Herrenfahrrad
7300618,250,Kinderfahrrad
2500728,300,Kinderfahrrad
7501030,649,Damenfahrrad
1100207,385,Herrenfahrrad
3500932,399,Mountainbike
3601452,708,Herrenfahrrad
11300724,499,Damenfahrrad
12400723,398,Mountainbike
2400521,265,Herrenfahrrad
6200315,650,Herrenfahrrad
8100206,799,Mountainbike
2500834,2922,Herrenfahrrad
11300725,600,Herrenfahrrad
11400929,503,Damenfahrrad
11400931,999,Herrenfahrrad
1100101,1198,Herrenfahrrad
4501152,899,Herrenfahrrad
11100206,200,Damenfahrrad
1401049,474,Damenfahrrad
4501152,590,Damenfahrrad
3701658,329,Herrenfahrrad
9501939,320,Herrenfahrrad
8100206,2000,Fahrrad
10400835,200,Damenfahrrad
3300514,289,Fahrrad
4400832,150,Herrenfahrrad
9300923,279,Damenfahrrad
2200211,100,Herrenfahrrad
2500831,299,Damenfahrrad
9301024,648,Damenfahrrad
7100103,650,Herrenfahrrad
3400723,799,Herrenfahrrad
6300634,1000,Damenfahrrad
2200211,529,Damenfahrrad
2300315,200,Herrenfahrrad
8100417,800,Damenfahrrad
1300835,525,Fahrrad
4501152,700,Damenfahrrad
1100207,649,Herrenfahrrad
3500934,300,Damenfahrrad
1300834,5893,divers
3500935,1300,Herrenfahrrad
11300616,813,Fahrrad
3300514,510,Damenfahrrad
1100311,499,Damenfahrrad
3601346,399,Damenfahrrad
1100313,439,Herrenfahrrad
3701554,330,Fahrrad
12100103,900,divers
6300632,660,Damenfahrrad
1100310,3000,Herrenfahrrad
10100210,2400,Fahrrad
4200309,700,Mountainbike
3601347,450,Fahrrad
2300419,660,Damenfahrrad
7601238,510,Herrenfahrrad
3601347,280,Herrenfahrrad
1300733,396,Herrenfahrrad
9301126,1800,Herrenfahrrad
7100205,1048,Herrenfahrrad
3400829,1798,Fahrrad
8100314,729,Herrenfahrrad
3601140,450,Damenfahrrad
6100102,809,Damenfahrrad
12100204,450,Rennrad
12200308,120,Mountainbike
8301037,250,Herrenfahrrad
8100314,595,Damenfahrrad
7100103,829,divers
9100101,797,Herrenfahrrad
4501151,333,Herrenfahrrad
7501030,145,Damenfahrrad
3300412,678,Damenfahrrad
9200613,250,Damenfahrrad
9501838,199,Herrenfahrrad
4501153,150,Kinderfahrrad
11400929,1692,Herrenfahrrad
3701658,899,Herrenfahrrad
4300621,600,Herrenfahrrad
11200513,499,Herrenfahrrad
1100104,750,Herrenfahrrad
7200413,180,Damenfahrrad
4300518,730,Herrenfahrrad
8301037,600,Damenfahrrad
10300732,450,Mountainbike
4200207,649,Damenfahrrad
4300416,4000,Damenfahrrad
2300419,1000,Herrenfahrrad
1200517,350,Herrenfahrrad
2500729,450,Herrenfahrrad
6100210,744,Damenfahrrad
4500938,499,Kinderfahrrad
4300415,300,Herrenfahrrad
6200422,434,Damenfahrrad
3400723,332,Kinderfahrrad
11300721,70,Herrenfahrrad
3601244,239,Damenfahrrad
8100415,135,Herrenfahrrad
8100415,1225,Herrenfahrrad
3601142,195,Herrenfahrrad
3601139,504,Herrenfahrrad
2500835,1199,Herrenfahrrad
8100206,405,Herrenfahrrad
12200309,420,Herrenfahrrad
2500726,1500,Herrenfahrrad
1100308,599,Fahrrad
10200525,185,Kinderfahrrad
9501737,1199,Damenfahrrad
1200626,999,Herrenfahrrad
5200526,240,Herrenfahrrad
2200212,900,Herrenfahrrad
3500934,799,Herrenfahrrad
4300619,5000,Herrenfahrrad
1200625,207,Damenfahrrad
12601236,2100,Herrenfahrrad
1100415,350,Herrenfahrrad
3400723,1179,Fahrrad
1100415,600,Damenfahrrad
2100103,2399,Herrenfahrrad
4501041,700,Fahrrad
3501038,691,Herrenfahrrad
6300629,590,Herrenfahrrad
8100311,100,Rennrad
3601451,479,Herrenfahrrad
3701660,250,Rennrad
8100415,850,Herrenfahrrad
7400927,50,Fahrrad
9501941,4095,Fahrrad
1100104,1,Damenfahrrad
4501153,329,Herrenfahrrad
1100310,499,Herrenfahrrad
6300633,10,Fahrrad
11300619,700,Herrenfahrrad
9100203,1400,Herrenfahrrad
1300733,800,Damenfahrrad
4200310,600,Damenfahrrad
7601442,229,Herrenfahrrad
11400929,1160,Herrenfahrrad
9100101,500,Herrenfahrrad
11401034,1135,Fahrrad
1200522,1722,Herrenfahrrad
3200309,200,Herrenfahrrad
3601452,300,Herrenfahrrad
2200210,600,Fahrrad
6400839,749,Herrenfahrrad
9401432,1111,Fahrrad
3701554,250,Damenfahrrad
8100313,715,Herrenfahrrad
9100101,398,Damenfahrrad
3500935,2000,Herrenfahrrad
8100310,150,Damenfahrrad
4300518,600,Herrenfahrrad
4501040,550,Mountainbike
7400825,400,Herrenfahrrad
8200831,2374,Herrenfahrrad
1200629,999,Damenfahrrad
2500833,249,Fahrrad
6300528,2700,Herrenfahrrad
4300416,300,Damenfahrrad
7100101,1388,Herrenfahrrad
1100101,2589,Herrenfahrrad
2500729,570,Herrenfahrrad
2200208,2999,Herrenfahrrad
8100102,750,Herrenfahrrad
10200417,319,Damenfahrrad
7100102,550,Herrenfahrrad
1100415,340,Fahrrad
3200207,500,Damenfahrrad
8100314,170,Damenfahrrad
2200209,650,Herrenfahrrad
4501149,450,Damenfahrrad
6100102,945,Herrenfahrrad
6300525,380,Damenfahrrad
3100103,750,Herrenfahrrad
2400623,200,Damenfahrrad
1300730,200,Damenfahrrad
8301037,249,Damenfahrrad
7300515,750,Herrenfahrrad
6300634,698,Damenfahrrad
7100206,700,Damenfahrrad
11300722,350,Fahrrad
2500726,330,Herrenfahrrad
9100202,350,Kinderfahrrad
10400939,250,Herrenfahrrad
6200421,738,Damenfahrrad
9200613,1752,Damenfahrrad
8200624,384,Damenfahrrad
2400625,500,Damenfahrrad
9401329,509,Damenfahrrad
1200519,230,Mountainbike
1300835,119,Kinderfahrrad
3501038,399,Damenfahrrad
3601449,662,Damenfahrrad
7501029,700,Damenfahrrad
1100101,160,Herrenfahrrad
3400721,407,Herrenfahrrad
2200212,509,Herrenfahrrad
3601451,699,Herrenfahrrad
3601449,369,Herrenfahrrad
3601139,1134,Damenfahrrad
6400840,2500,Damenfahrrad
11100307,2364,Damenfahrrad
2500833,100,Herrenfahrrad
1100310,199,Herrenfahrrad
1400941,787,Damenfahrrad
4200310,398,Herrenfahrrad
1100102,500,Mountainbike
3701555,1620,Herrenfahrrad
3501038,300,Damenfahrrad
2500836,407,Kinderfahrrad
4400729,50,Herrenfahrrad
8100103,250,Herrenfahrrad
2200209,1315,Herrenfahrrad
7200410,386,Herrenfahrrad
1100309,1299,Herrenfahrrad
3601140,389,Herrenfahrrad
2200212,500,Herrenfahrrad
2300419,250,Herrenfahrrad
2300419,200,Damenfahrrad
9200613,1800,Herrenfahrrad
5100315,799,Damenfahrrad
11200515,399,Damenfahrrad
12400723,1850,Damenfahrrad
10100210,100,Damenfahrrad
10400836,607,Mountainbike
1100416,320,Damenfahrrad
11300725,218,Herrenfahrrad
2100106,250,Herrenfahrrad
5200421,280,Herrenfahrrad
12200412,462,Damenfahrrad
2200211,500,Fahrrad
1100313,120,Herrenfahrrad
2200210,568,Damenfahrrad
11200410,400,Herrenfahrrad
1100206,100,Herrenfahrrad
11300722,2200,Herrenfahrrad
1100104,450,Herrenfahrrad
4200310,650,Damenfahrrad
9200818,209,Herrenfahrrad
1100308,649,Herrenfahrrad
3601140,499,Herrenfahrrad
10300733,623,Damenfahrrad
2300418,600,Damenfahrrad
6100103,450,Herrenfahrrad
1100207,350,Damenfahrrad
3501037,300,Damenfahrrad
7400823,300,Damenfahrrad
6300632,660,Herrenfahrrad
7300618,300,Damenfahrrad
2400623,225,Herrenfahrrad
3601347,591,Herrenfahrrad
4500938,180,divers
11501341,229,Damenfahrrad
11400928,280,Damenfahrrad
6300526,1100,Herrenfahrrad
11501340,648,Herrenfahrrad
3400831,200,Fahrrad
12200412,500,Herrenfahrrad
6200421,500,Damenfahrrad
1100313,200,Herrenfahrrad
3400721,430,Kinderfahrrad
3500934,1006,Herrenfahrrad
2300419,662,Herrenfahrrad
3601243,299,Damenfahrrad
5200423,1113,Damenfahrrad
3601453,619,Herrenfahrrad
9501736,399,Damenfahrrad
11501340,634,Herrenfahrrad
11501340,718,Damenfahrrad
8100417,300,Kinderfahrrad
12200308,50,Damenfahrrad
11501340,1450,divers
5200630,556,Damenfahrrad
2200209,2333,Herrenfahrrad
1100312,423,Herrenfahrrad
1200624,719,Herrenfahrrad
7400824,550,Damenfahrrad
1100312,700,Rennrad
1300835,600,Kinderfahrrad
2300418,499,Fahrrad
6300528,900,Herrenfahrrad
2300316,2400,Herrenfahrrad
8300934,199,Herrenfahrrad
2500729,600,Herrenfahrrad
9501940,600,Damenfahrrad
3400723,650,Herrenfahrrad
10100312,260,Kinderfahrrad
12100102,95,Kinderfahrrad
3400829,559,Damenfahrrad
4500936,749,Herrenfahrrad
4501042,1399,Herrenfahrrad
6400843,496,Kinderfahrrad
1100104,3399,Damenfahrrad
4200310,3100,Herrenfahrrad
3601139,1503,Herrenfahrrad
1400937,529,Damenfahrrad
2300315,499,Herrenfahrrad
4300623,80,Herrenfahrrad
3601140,500,Damenfahrrad
3601243,1099,Rennrad
1100206,1600,Herrenfahrrad
11100205,220,Kinderfahrrad
7100102,1200,Herrenfahrrad
3601450,298,Kinderfahrrad
12200412,500,Herrenfahrrad
12400721,580,Damenfahrrad
3500935,1950,Herrenfahrrad
1100310,1193,Herrenfahrrad
8200623,250,Kinderfahrrad
4300414,550,Damenfahrrad
3501037,2300,Herrenfahrrad
3601140,835,Mountainbike
11501238,1800,Damenfahrrad
2400520,450,Herrenfahrrad
4300517,1988,Damenfahrrad
3500936,699,Damenfahrrad
4300414,550,Herrenfahrrad
4501153,799,Damenfahrrad
1100205,450,Fahrrad
4300517,967,Herrenfahrrad
9401329,2800,Herrenfahrrad
2400624,1584,Rennrad
7400928,2580,Herrenfahrrad
6100102,300,Mountainbike
6400735,1500,Herrenfahrrad
2300316,1600,Damenfahrrad
2300316,500,Herrenfahrrad
3100103,399,Herrenfahrrad
4400830,1000,Herrenfahrrad
4500938,2650,Herrenfahrrad
2100101,999,Herrenfahrrad
3601142,1714,Herrenfahrrad
1100310,750,Damenfahrrad
9200511,539,Mountainbike
9200613,3085,Fahrrad
3200310,419,Mountainbike
9200613,850,Mountainbike
11300722,1045,Mountainbike
8100312,500,Damenfahrrad
9501939,1000,Damenfahrrad
8100209,499,Herrenfahrrad
8100417,249,Damenfahrrad
1200629,904,Damenfahrrad
4200207,483,Herrenfahrrad
7200308,850,Fahrrad
8100312,1300,Herrenfahrrad
5300840,2400,Herrenfahrrad
2500726,850,Herrenfahrrad
7100102,600,Herrenfahrrad
10400836,870,Herrenfahrrad
3400723,850,Damenfahrrad
11300721,430,Damenfahrrad
3300514,360,Kinderfahrrad
8100102,399,Herrenfahrrad
3500936,419,Herrenfahrrad
11200512,180,divers
3601244,432,Damenfahrrad
2400624,880,Herrenfahrrad
4300621,1,Mountainbike
11300616,900,Herrenfahrrad
11300616,1660,Herrenfahrrad
9200510,1500,Herrenfahrrad
9301126,529,Fahrrad
7100204,740,Herrenfahrrad
2200213,700,Fahrrad
4300619,650,Rennrad
12400721,1030,Herrenfahrrad
6300633,693,Damenfahrrad
4300416,1170,Herrenfahrrad
12100205,600,Herrenfahrrad
11300722,240,Fahrrad
3601141,800,Herrenfahrrad
3400721,399,Herrenfahrrad
4300415,199,Herrenfahrrad
12500824,659,Damenfahrrad
8100104,750,Damenfahrrad
7300516,260,Fahrrad
9200715,575,Damenfahrrad
8100311,500,Damenfahrrad
7200414,300,Damenfahrrad
1100313,1200,Damenfahrrad
2300417,623,Herrenfahrrad
8100102,200,Damenfahrrad
6300634,850,Herrenfahrrad
1100416,120,Fahrrad
11400929,140,Herrenfahrrad
4501152,500,Herrenfahrrad
3601141,344,Fahrrad
10400940,506,Damenfahrrad
9401330,150,Herrenfahrrad
4501044,154,Damenfahrrad
6400839,499,Damenfahrrad
4300416,800,Mountainbike
3601346,624,Damenfahrrad
6300634,700,Fahrrad
7100101,204,Damenfahrrad
5200527,1,Mountainbike
2200207,628,Damenfahrrad
1400940,220,Mountainbike
9200510,3800,divers
7100102,389,Herrenfahrrad
7100101,800,Herrenfahrrad
7200413,249,Damenfahrrad
3601142,429,Herrenfahrrad
9100202,1900,Herrenfahrrad
7400721,299,Herrenfahrrad
11300724,630,Herrenfahrrad
3601244,407,Herrenfahrrad
1100416,599,Herrenfahrrad
9100101,559,Damenfahrrad
3601243,500,Damenfahrrad
6100103,379,Damenfahrrad
11300722,599,Fahrrad
7100103,500,Mountainbike
10400836,450,Mountainbike
2300316,150,Damenfahrrad
1100206,500,Damenfahrrad
11200512,599,Mountainbike
6100206,928,Damenfahrrad
8100313,600,Herrenfahrrad
11300723,599,Herrenfahrrad
3501037,1280,Fahrrad
10200422,449,Herrenfahrrad
7501135,1198,divers
1100312,1599,Herrenfahrrad
11300826,220,Mountainbike
11300724,90,Damenfahrrad
12400720,500,Herrenfahrrad
3601348,1099,Herrenfahrrad
12400723,695,Herrenfahrrad
3601142,90,Fahrrad
3601243,660,Damenfahrrad
10400938,1010,Herrenfahrrad
1400938,300,Herrenfahrrad
8100419,610,Damenfahrrad
1401045,500,Damenfahrrad
1300730,700,Fahrrad
2400624,1123,Fahrrad
3300412,429,Damenfahrrad
9200715,700,Herrenfahrrad
4501149,700,Herrenfahrrad
1100309,330,Fahrrad
1100414,1000,Herrenfahrrad
1100311,2499,Damenfahrrad
8100102,779,Herrenfahrrad
3200207,1000,Herrenfahrrad
10200629,150,Damenfahrrad
7400822,950,Herrenfahrrad
3701555,4000,Herrenfahrrad
3701554,488,Damenfahrrad
4501040,1100,Damenfahrrad
4501149,600,Damenfahrrad
2200213,859,Damenfahrrad
3601348,798,Herrenfahrrad
8100208,1200,Herrenfahrrad
2200212,450,Damenfahrrad
7601237,1200,Damenfahrrad
3400827,570,Damenfahrrad
3601452,450,Herrenfahrrad
2300419,120,Damenfahrrad
6100103,1000,Damenfahrrad
3400619,880,divers
1300835,1600,Fahrrad
12200309,515,Damenfahrrad
1401046,200,Kinderfahrrad
3601243,700,Fahrrad
1100103,449,Herrenfahrrad
8100415,250,Fahrrad
3500933,584,Damenfahrrad
12200310,199,Damenfahrrad
9501736,299,Herrenfahrrad
10200423,310,Damenfahrrad
4501041,299,Damenfahrrad
1100207,3289,Herrenfahrrad
3701658,399,Damenfahrrad
1100312,890,Herrenfahrrad
4501147,750,Damenfahrrad
11300620,402,Herrenfahrrad
9501737,100,Herrenfahrrad
10400836,300,Damenfahrrad
4400727,150,Fahrrad
8200624,540,Herrenfahrrad
7100101,500,Herrenfahrrad
8200624,639,Herrenfahrrad
2200209,750,Fahrrad
9100101,200,Herrenfahrrad
1100102,880,Damenfahrrad
3400722,400,Herrenfahrrad
9401433,199,Herrenfahrrad
2200209,990,Herrenfahrrad
9401433,140,Herrenfahrrad
1200626,700,Herrenfahrrad
3300411,419,Herrenfahrrad
8100207,1,Rennrad
6100205,499,Herrenfahrrad
1100416,590,Herrenfahrrad
6400839,1000,Damenfahrrad
3400724,550,Fahrrad
6100102,829,Damenfahrrad
1100102,700,Damenfahrrad
7200412,539,Herrenfahrrad
9501941,4066,Herrenfahrrad
3400721,809,Damenfahrrad
9200715,443,Damenfahrrad
11300620,400,Herrenfahrrad
2300419,400,Damenfahrrad
2400624,1000,divers
6100102,1094,Damenfahrrad
9100203,1500,Rennrad
12400722,3424,Herrenfahrrad
1200519,302,Kinderfahrrad
3601453,539,Damenfahrrad
7601546,350,Damenfahrrad
2500835,250,Damenfahrrad
11300618,1000,Herrenfahrrad
8100103,549,Damenfahrrad
6300526,400,Herrenfahrrad
2200213,269,Herrenfahrrad
2300417,120,Herrenfahrrad
1401046,450,Herrenfahrrad
1100309,485,Herrenfahrrad
7400824,274,Mountainbike
1401044,864,Fahrrad
9301126,1990,Herrenfahrrad
8100208,300,Kinderfahrrad
4501151,799,Herrenfahrrad
8100312,1100,Herrenfahrrad
11300826,200,Herrenfahrrad
3701555,2376,divers
2300314,800,Herrenfahrrad
3701555,750,Herrenfahrrad
12400618,250,Mountainbike
3601449,2998,Herrenfahrrad
4300412,1000,Fahrrad
3400725,684,Damenfahrrad
1200627,840,Damenfahrrad
9501940,200,Damenfahrrad
3701658,848,Herrenfahrrad
7300618,419,Herrenfahrrad
7100204,530,Herrenfahrrad
4300416,499,Herrenfahrrad
7100102,612,Herrenfahrrad
12400720,1150,Kinderfahrrad
1100308,2339,Herrenfahrrad
3500935,939,Fahrrad
2500834,400,Rennrad
11200515,571,Herrenfahrrad
1100416,1100,Herrenfahrrad
4501152,639,Damenfahrrad
2500728,1079,Mountainbike
10200420,380,Mountainbike
7300618,500,Damenfahrrad
11400929,980,Herrenfahrrad
4501151,1950,Fahrrad
7400825,140,Damenfahrrad
4501043,605,Fahrrad
11200514,394,Herrenfahrrad
3500936,1550,Herrenfahrrad
3500936,2000,Herrenfahrrad
4501041,1288,Herrenfahrrad
9301025,510,Damenfahrrad
9100101,1144,Damenfahrrad
4501043,1029,Herrenfahrrad
1401044,1118,Herrenfahrrad
1400938,3609,Damenfahrrad
2500835,1129,Herrenfahrrad
2400522,398,Damenfahrrad
7100206,990,Fahrrad
4400727,365,Damenfahrrad
2200207,450,Kinderfahrrad
4200203,948,Herrenfahrrad
8100417,2477,Damenfahrrad
12400720,2008,Herrenfahrrad
12100204,1153,Fahrrad
3200206,600,Herrenfahrrad
3500933,824,Damenfahrrad
2300314,4350,Herrenfahrrad
3400619,999,Herrenfahrrad
1100310,500,Herrenfahrrad
1100207,540,Herrenfahrrad
1100207,700,Damenfahrrad
7100102,468,Damenfahrrad
1200626,1000,Herrenfahrrad
2500729,1100,Damenfahrrad
2200209,1199,Herrenfahrrad
7601341,4169,Herrenfahrrad
4400727,499,Herrenfahrrad
2400522,929,Herrenfahrrad
11400929,2090,Damenfahrrad
3500936,600,Herrenfahrrad
9200510,3467,Herrenfahrrad
8100311,1300,Herrenfahrrad
1100102,1850,Herrenfahrrad
12100205,2500,Rennrad
12100102,390,Herrenfahrrad
2300314,300,Kinderfahrrad
2500833,600,Herrenfahrrad
3601140,425,Herrenfahrrad
4501147,699,Damenfahrrad
4100101,2500,Herrenfahrrad
1100206,1999,Herrenfahrrad
12400723,823,Herrenfahrrad
11200514,299,Damenfahrrad
4300621,860,Damenfahrrad
3601452,499,Herrenfahrrad
4200206,3019,divers
2500726,1500,Herrenfahrrad
4501151,950,Fahrrad
2500728,400,Rennrad
3501038,498,Damenfahrrad
3601346,510,Herrenfahrrad
4501153,1314,Herrenfahrrad
5300840,1122,Herrenfahrrad
3701554,800,Herrenfahrrad
2100103,699,Fahrrad
7501029,400,Mountainbike
2300315,728,Herrenfahrrad
7100101,639,Herrenfahrrad
5200631,30,Damenfahrrad
3300514,548,Herrenfahrrad
11400929,2027,Herrenfahrrad
3601346,1015,Herrenfahrrad
2400521,330,Fahrrad
2400522,272,Damenfahrrad
8100207,800,Herrenfahrrad
7100204,730,Herrenfahrrad
3400724,420,Damenfahrrad
3601139,1005,Herrenfahrrad
10400836,799,Herrenfahrrad
3300411,506,Damenfahrrad
3500932,600,Damenfahrrad
4300624,1100,Damenfahrrad
2500729,1127,Herrenfahrrad
9401433,699,Herrenfahrrad
2200210,500,Herrenfahrrad
1100102,934,Damenfahrrad
1200629,650,Damenfahrrad
2500835,1090,Damenfahrrad
1100309,1499,Herrenfahrrad
4501146,552,Herrenfahrrad
1100102,999,Herrenfahrrad
7601546,746,Fahrrad
4501043,299,Fahrrad
8100314,350,Damenfahrrad
3601141,100,Herrenfahrrad
4501045,250,Herrenfahrrad
3601141,100,Damenfahrrad
3601141,100,Herrenfahrrad
3601141,100,Herrenfahrrad
11400929,1400,Herrenfahrrad
4200308,600,Herrenfahrrad
7300517,360,Damenfahrrad
6200423,1100,Herrenfahrrad
3601348,550,Fahrrad
3601451,850,Fahrrad
3601141,100,Herrenfahrrad
3100102,2230,Herrenfahrrad
12400722,560,Herrenfahrrad
6200315,290,Damenfahrrad
7400720,900,Herrenfahrrad
12500825,380,Herrenfahrrad
4400835,600,Mountainbike
9100101,5000,divers
12400720,3599,Herrenfahrrad
3400722,498,Damenfahrrad
2300417,855,Fahrrad
6400737,500,Herrenfahrrad
1300731,223,Kinderfahrrad
2500833,199,Damenfahrrad
4501147,1200,Damenfahrrad
9200715,876,Herrenfahrrad
1401044,699,Herrenfahrrad
8100103,909,Damenfahrrad
4501042,1000,Herrenfahrrad
9200511,2990,Herrenfahrrad
10100312,1200,Herrenfahrrad
8100101,750,Fahrrad
11501341,536,Damenfahrrad
1200521,931,Herrenfahrrad
2300419,380,Rennrad
1400939,671,Damenfahrrad
1300731,550,Damenfahrrad
4300622,598,Herrenfahrrad
6400838,1900,divers
2400624,950,Herrenfahrrad
3500935,565,Fahrrad
3601348,150,Herrenfahrrad
3100101,724,Herrenfahrrad
8100102,450,Herrenfahrrad
6100205,1185,Herrenfahrrad
10400938,400,Damenfahrrad
8100418,470,Herrenfahrrad
10300734,270,Damenfahrrad
2300418,1500,Herrenfahrrad
3701658,400,Herrenfahrrad
1100206,319,Herrenfahrrad
7601443,1799,Herrenfahrrad
11300826,436,Damenfahrrad
2400522,765,Damenfahrrad
1100206,1106,Herrenfahrrad
5300737,399,Damenfahrrad
3400826,548,Herrenfahrrad
3701658,849,Damenfahrrad
4300619,1190,Herrenfahrrad
11501238,489,Herrenfahrrad
3400826,150,Herrenfahrrad
12100101,640,Mountainbike
3400724,400,Damenfahrrad
4501042,380,Herrenfahrrad
3701555,800,Kinderfahrrad
8200729,300,Herrenfahrrad
10200420,300,Mountainbike
6400844,2600,Fahrrad
1401047,699,Herrenfahrrad
2500728,2200,Mountainbike
3601243,685,Herrenfahrrad
2500727,589,Herrenfahrrad
1401044,410,Mountainbike
4200204,499,Damenfahrrad
2500728,700,Rennrad
3400722,549,Damenfahrrad
1100313,599,Herrenfahrrad
1200522,180,Herrenfahrrad
6300528,959,Damenfahrrad
7100101,450,Herrenfahrrad
4300416,690,Damenfahrrad
3701554,1200,Herrenfahrrad
4501153,339,Kinderfahrrad
4501041,2999,Herrenfahrrad
5100316,624,Damenfahrrad
1300836,900,Herrenfahrrad
7100101,358,Damenfahrrad
12500927,698,Herrenfahrrad
3701658,599,Herrenfahrrad
4501153,300,Kinderfahrrad
7300517,899,Herrenfahrrad
9501838,588,Herrenfahrrad
12100101,300,Damenfahrrad
4501153,699,Herrenfahrrad
3400724,220,Herrenfahrrad
9501736,1199,Herrenfahrrad
7501029,440,Damenfahrrad
3601347,1069,Herrenfahrrad
2500729,200,Damenfahrrad
4501151,450,Herrenfahrrad
3400721,599,Herrenfahrrad
2200211,420,Kinderfahrrad
1300835,2503,Herrenfahrrad
7100206,349,Herrenfahrrad
4300413,488,Damenfahrrad
8401244,400,Damenfahrrad
8100209,400,Herrenfahrrad
8301037,1038,Fahrrad
2400521,730,Herrenfahrrad
3100101,65,Herrenfahrrad
3701660,600,Herrenfahrrad
1401048,800,Rennrad
4300624,100,Fahrrad
9501737,2100,Herrenfahrrad
9100407,1222,Damenfahrrad
9501940,1649,Fahrrad
2400624,724,Herrenfahrrad
8100418,500,Herrenfahrrad
4300416,499,Damenfahrrad
4501043,500,Herrenfahrrad
3300514,400,Damenfahrrad
9501737,500,Herrenfahrrad
3400721,345,Kinderfahrrad
11501341,550,Damenfahrrad
7100101,382,Herrenfahrrad
7300516,1550,Herrenfahrrad
4300622,900,Herrenfahrrad
4300413,775,Fahrrad
8100314,3660,Herrenfahrrad
3400826,200,Herrenfahrrad
10100313,1300,Mountainbike
1100207,1100,Herrenfahrrad
1100312,1300,Fahrrad
9100101,250,Fahrrad
4400830,307,Herrenfahrrad
3400722,563,Fahrrad
1100308,1237,Herrenfahrrad
9401329,499,Damenfahrrad
2500729,540,Herrenfahrrad
6200313,1200,Damenfahrrad
4501042,1000,Herrenfahrrad
6100208,400,Mountainbike
1300834,1989,Herrenfahrrad
11400929,864,divers
4400830,1199,Damenfahrrad
1100313,479,Kinderfahrrad
4501151,1484,Herrenfahrrad
2300418,870,Rennrad
1400939,500,Herrenfahrrad
5100315,575,Mountainbike
1400938,880,Herrenfahrrad
2300418,110,Kinderfahrrad
4300619,884,Damenfahrrad
2300419,199,Fahrrad
7100101,210,Herrenfahrrad
3501037,500,Herrenfahrrad
7100102,50,Mountainbike
12100206,3990,Fahrrad
7200409,400,Fahrrad
1300834,2500,Mountainbike
4501148,1283,Herrenfahrrad
4400830,625,Damenfahrrad
3300514,599,Herrenfahrrad
7200307,450,Damenfahrrad
3601453,515,Herrenfahrrad
10100206,954,Mountainbike
1100416,1690,Herrenfahrrad
1200519,840,Herrenfahrrad
4501152,498,Herrenfahrrad
2200210,533,Damenfahrrad
7200413,399,Kinderfahrrad
1300834,799,Damenfahrrad
7200307,498,Damenfahrrad
3400829,648,Herrenfahrrad
2100105,434,Damenfahrrad
9301126,800,Damenfahrrad
4501148,1584,Herrenfahrrad
11300725,617,Herrenfahrrad
4300416,320,Herrenfahrrad
4400830,398,Herrenfahrrad
2400623,899,Fahrrad
2200209,2264,Damenfahrrad
1300834,630,Mountainbike
2500832,1400,Fahrrad
11200513,1200,divers
11400929,2300,Damenfahrrad
5300841,545,Damenfahrrad
9401431,299,Kinderfahrrad
4400834,311,Kinderfahrrad
12400723,329,Herrenfahrrad
11200513,428,Kinderfahrrad
4200205,578,Herrenfahrrad
3601142,260,Rennrad
9200715,900,Herrenfahrrad
3400721,700,Damenfahrrad
8100208,250,Fahrrad
3601245,540,Herrenfahrrad
2300418,779,Herrenfahrrad
1100415,390,Damenfahrrad
2100103,949,Herrenfahrrad
7100101,4000,divers
1400938,830,Herrenfahrrad
6400842,425,Damenfahrrad
3601141,580,Damenfahrrad
1100102,450,Damenfahrrad
3100103,100,Fahrrad
3701660,5500,Fahrrad
5400942,2690,Fahrrad
11400927,550,Damenfahrrad
3601244,250,Damenfahrrad
5200629,2300,Herrenfahrrad
1100206,1500,Herrenfahrrad
11400931,1100,Damenfahrrad
3400828,1845,Fahrrad
1300733,1004,Herrenfahrrad
6400840,60,Damenfahrrad
9401534,1899,Herrenfahrrad
2300418,783,Herrenfahrrad
10200630,1099,Fahrrad
11100308,400,Damenfahrrad
3601347,428,Kinderfahrrad
3200308,500,Herrenfahrrad
10400835,333,Damenfahrrad
3400723,449,Kinderfahrrad
7100101,599,Herrenfahrrad
9200613,200,Herrenfahrrad
1200628,400,Damenfahrrad
12200515,650,Herrenfahrrad
9100304,898,Fahrrad
1100415,400,Herrenfahrrad
3100103,300,Damenfahrrad
8100102,600,Herrenfahrrad
6200313,435,Damenfahrrad
11401137,0,Herrenfahrrad
3701658,1299,Herrenfahrrad
3601243,470,Herrenfahrrad
3601245,1,Herrenfahrrad
5200419,277,Herrenfahrrad
2400522,440,Herrenfahrrad
2300417,399,Kinderfahrrad
2400625,50,Damenfahrrad
11300616,749,Herrenfahrrad
2500833,550,Damenfahrrad
7200411,700,Kinderfahrrad
9401431,520,Damenfahrrad
7100205,429,Herrenfahrrad
12601134,499,Herrenfahrrad
2200209,350,Herrenfahrrad
2200209,500,Herrenfahrrad
6200313,1500,Fahrrad
3400723,250,Damenfahrrad
5200630,35,Herrenfahrrad
4501044,636,Herrenfahrrad
3601346,480,Damenfahrrad
11300722,2500,Herrenfahrrad
2300417,975,Herrenfahrrad
4300416,1500,Fahrrad
9100203,648,Damenfahrrad
3701554,400,Herrenfahrrad
8100416,230,Fahrrad
9401431,300,Herrenfahrrad
2400623,300,Fahrrad
7400721,815,Fahrrad
4500939,299,Fahrrad
9200715,399,Damenfahrrad
3601245,999,Damenfahrrad
9200715,550,Herrenfahrrad
3400828,199,Damenfahrrad
11501341,1300,Herrenfahrrad
1100311,500,Mountainbike
10300733,1299,Damenfahrrad
11100309,999,Herrenfahrrad
3400830,500,Damenfahrrad
1401046,450,Damenfahrrad
6100102,1964,Fahrrad
3601243,1344,Herrenfahrrad
12200515,1499,Fahrrad
9501737,749,Mountainbike
11300618,2347,Herrenfahrrad
9200510,1100,Herrenfahrrad
2400521,0,Damenfahrrad
8300934,0,Herrenfahrrad
3601451,1060,Herrenfahrrad
8100417,948,Damenfahrrad
8100102,370,Damenfahrrad
3100101,750,Damenfahrrad
4300621,860,Herrenfahrrad
2300316,580,Kinderfahrrad
12100205,886,Herrenfahrrad
3200206,501,Herrenfahrrad
3601244,999,Herrenfahrrad
3200206,500,Herrenfahrrad
7400822,550,Mountainbike
2400521,0,Damenfahrrad
2300315,341,Damenfahrrad
1100207,380,Herrenfahrrad
9501941,1000,Herrenfahrrad
2100102,578,Herrenfahrrad
9501939,4499,Herrenfahrrad
2500729,0,Herrenfahrrad
6400735,1500,divers
7100102,900,Herrenfahrrad
9501737,100,Damenfahrrad
1200518,1600,Fahrrad
7100103,1221,Herrenfahrrad
6200422,599,Damenfahrrad
10200524,399,Damenfahrrad
2500836,399,Damenfahrrad
8100101,442,Herrenfahrrad
9100407,499,Herrenfahrrad
3601451,859,Herrenfahrrad
12100204,850,Herrenfahrrad
6400839,4100,Fahrrad
3400723,599,Damenfahrrad
2200213,750,Fahrrad
8100310,1899,Herrenfahrrad
9100304,562,Herrenfahrrad
9301126,1015,Damenfahrrad
11401034,3595,Fahrrad
3400830,338,Kinderfahrrad
6100102,450,Fahrrad
1401043,500,Herrenfahrrad
3701555,400,Damenfahrrad
8200726,358,Fahrrad
1300836,670,Mountainbike
7100103,756,Damenfahrrad
8401241,600,Herrenfahrrad
1100309,3500,Damenfahrrad
8300935,900,Damenfahrrad
9100101,1131,Herrenfahrrad
4300517,2371,Damenfahrrad
2200210,180,Damenfahrrad
1200519,891,Damenfahrrad
2300419,695,Damenfahrrad
9100101,350,Damenfahrrad
9100101,300,Mountainbike
2300418,350,Fahrrad
6300632,500,divers
3500934,1213,Herrenfahrrad
8100104,650,Herrenfahrrad
11400927,732,Herrenfahrrad
3200205,566,Herrenfahrrad
11200514,2002,divers
4300413,550,Herrenfahrrad
11401034,449,Herrenfahrrad
2300419,450,Herrenfahrrad
4300517,1300,Damenfahrrad
3400827,300,Fahrrad
1200624,770,Fahrrad
9200510,1498,Herrenfahrrad
1100103,1700,Herrenfahrrad
12100101,529,Damenfahrrad
9200511,220,Damenfahrrad
2500834,400,Fahrrad
4300624,717,Herrenfahrrad
2300315,398,Kinderfahrrad
8100311,599,Herrenfahrrad
3200207,770,Herrenfahrrad
2300419,100,Herrenfahrrad
11200411,199,Herrenfahrrad
3601451,316,Damenfahrrad
11300616,550,Herrenfahrrad
6100205,599,Herrenfahrrad
4501042,2070,Herrenfahrrad
2400521,450,Damenfahrrad
12200309,30,Damenfahrrad
3200207,849,Herrenfahrrad
1200629,700,Herrenfahrrad
2200213,990,Herrenfahrrad
4300619,200,Herrenfahrrad
4501045,1009,Herrenfahrrad
4200310,779,Damenfahrrad
1100416,859,Herrenfahrrad
4100102,800,Mountainbike
4300518,400,Herrenfahrrad
2200213,1000,Herrenfahrrad
4300621,3392,Damenfahrrad
3601449,80,Damenfahrrad
5100208,1,Mountainbike
11300725,1500,Herrenfahrrad
1300730,600,Fahrrad
3601347,613,Herrenfahrrad
11501341,250,Damenfahrrad
4501146,388,Damenfahrrad
1200623,500,Fahrrad
4200311,500,Herrenfahrrad
3701556,220,Herrenfahrrad
4300416,690,Kinderfahrrad
3601141,278,Damenfahrrad
9100305,950,Mountainbike
4300413,683,Damenfahrrad
9100101,430,Fahrrad
1200629,1,Herrenfahrrad
1100102,1749,Fahrrad
2400624,1100,Herrenfahrrad
3701660,526,Herrenfahrrad
8300934,549,Mountainbike
3601347,800,Fahrrad
2400624,1024,Herrenfahrrad
2500835,411,Damenfahrrad
10200420,300,Mountainbike
9501939,670,Herrenfahrrad
3701659,1220,Herrenfahrrad
5300840,630,Herrenfahrrad
1300836,400,Damenfahrrad
4500939,650,Herrenfahrrad
1401049,1140,divers
11501238,750,Herrenfahrrad
3400724,569,Damenfahrrad
9100101,352,Kinderfahrrad
9200613,146,Kinderfahrrad
7400928,450,Damenfahrrad
1100103,1990,Herrenfahrrad
12601134,529,Damenfahrrad
1100313,2490,Damenfahrrad
1300836,640,Herrenfahrrad
2400522,1020,Damenfahrrad
3400828,649,Fahrrad
3701556,995,Damenfahrrad
1200517,90,Herrenfahrrad
4300624,0,Mountainbike
1401049,803,Fahrrad
1100308,799,Herrenfahrrad
12500928,100,Damenfahrrad
3400826,444,Damenfahrrad
3601452,499,Herrenfahrrad
2100103,290,Herrenfahrrad
9501736,300,Damenfahrrad
7400928,400,Fahrrad
2100103,800,Mountainbike
3400721,417,Fahrrad
8100417,50,Damenfahrrad
6200421,280,Damenfahrrad
7100103,250,Herrenfahrrad
4200309,210,Mountainbike
1400937,100,divers
3500932,500,Herrenfahrrad
6400842,1050,Herrenfahrrad
2200210,619,Fahrrad
8100312,245,Herrenfahrrad
6100205,650,divers
4500938,595,Herrenfahrrad
7100205,600,Rennrad
2400625,350,Herrenfahrrad
4501147,700,Herrenfahrrad
5100209,799,Herrenfahrrad
4500938,399,Damenfahrrad
7200412,1450,Herrenfahrrad
6400735,700,Rennrad
1400938,799,Fahrrad
10300731,750,Fahrrad
8200623,754,Herrenfahrrad
10100206,542,Fahrrad
10100101,541,Herrenfahrrad
1100103,100,Fahrrad
9200818,350,Damenfahrrad
9401534,800,Herrenfahrrad
7100101,1129,Herrenfahrrad
9200613,680,Fahrrad
3500934,350,Herrenfahrrad
1400938,699,Fahrrad
11400927,350,Damenfahrrad
1400938,898,Herrenfahrrad
9501940,398,Herrenfahrrad
3601348,220,Herrenfahrrad
2200210,1000,Fahrrad
2200210,2000,Damenfahrrad
1100416,948,Damenfahrrad
2200210,200,Fahrrad
4501041,999,Herrenfahrrad
3200205,605,Damenfahrrad
1400938,1143,Damenfahrrad
6200421,750,Herrenfahrrad
6400735,708,Herrenfahrrad
6400839,499,Damenfahrrad
9200715,750,Herrenfahrrad
2200208,1106,Damenfahrrad
6200422,600,Damenfahrrad
3601347,240,Herrenfahrrad
2100104,100,Herrenfahrrad
7400721,1198,Herrenfahrrad
4300620,2049,Damenfahrrad
4300415,225,Damenfahrrad
1100313,1130,Herrenfahrrad
4400727,750,Damenfahrrad
2400623,1534,Damenfahrrad
9200715,1091,Damenfahrrad
7300517,670,Herrenfahrrad
7501031,200,Damenfahrrad
3701659,600,Herrenfahrrad
7300517,2299,Damenfahrrad
4500938,350,Herrenfahrrad
6100207,449,Mountainbike
3601243,299,Herrenfahrrad
10300731,540,Damenfahrrad
3701556,1336,Herrenfahrrad
4501043,2700,Fahrrad
8401243,800,Damenfahrrad
9100304,500,Herrenfahrrad
2200212,850,Fahrrad
3400830,600,Damenfahrrad
11300724,774,Herrenfahrrad
3601348,350,Damenfahrrad
7400823,2354,Herrenfahrrad
6400838,325,Kinderfahrrad
3400723,150,Damenfahrrad
1200629,300,Damenfahrrad
11300722,559,Damenfahrrad
2400521,394,Mountainbike
8401139,400,Herrenfahrrad
3601244,525,Damenfahrrad
1200520,649,Herrenfahrrad
6100210,554,Mountainbike
2500835,550,Damenfahrrad
2200209,1719,Herrenfahrrad
4500936,877,Herrenfahrrad
5100208,829,Herrenfahrrad
3100103,398,Damenfahrrad
3601450,350,Herrenfahrrad
7300515,849,Herrenfahrrad
4501149,1000,Damenfahrrad
9100202,499,Damenfahrrad
11400927,1499,Damenfahrrad
1401048,1499,Herrenfahrrad
7200308,329,Herrenfahrrad
3500933,399,Damenfahrrad
2300419,250,Damenfahrrad
4300621,3068,Fahrrad
2400522,250,Herrenfahrrad
11300725,2350,Damenfahrrad
1100206,1528,Herrenfahrrad
7100206,500,Damenfahrrad
3501038,300,Herrenfahrrad
2300419,300,Herrenfahrrad
3300412,281,Herrenfahrrad
7300515,507,Damenfahrrad
6300526,522,Herrenfahrrad
6300526,638,Herrenfahrrad
3400826,600,Herrenfahrrad
9501736,250,Damenfahrrad
9501939,1359,Damenfahrrad
9200716,1200,Mountainbike
8100206,500,Herrenfahrrad
3400826,1200,Herrenfahrrad
3601346,449,Kinderfahrrad
3601346,1250,Damenfahrrad
2300419,200,Rennrad
2400624,449,Damenfahrrad
11300826,120,Damenfahrrad
4501044,350,Herrenfahrrad
9401534,2400,Herrenfahrrad
4501148,300,Fahrrad
1400941,398,Herrenfahrrad
4300414,225,Herrenfahrrad
3601243,250,Damenfahrrad
9100101,100,Herrenfahrrad
3701555,190,Fahrrad
9501736,599,Damenfahrrad
2300418,246,Herrenfahrrad
1200628,265,Fahrrad
11100101,299,Herrenfahrrad
2200211,900,Herrenfahrrad
7400721,1099,Herrenfahrrad
3601451,900,Herrenfahrrad
11300619,245,Damenfahrrad
10200526,200,Fahrrad
5200631,106,Herrenfahrrad
4300624,508,Herrenfahrrad
7100103,556,Herrenfahrrad
4200308,600,Damenfahrrad
3400723,287,Damenfahrrad
9501838,282,Damenfahrrad
4400727,449,Fahrrad
3701658,3900,Fahrrad
3400723,1203,Damenfahrrad
8200623,50,divers
12500825,250,Rennrad
9200613,150,Herrenfahrrad
8100206,500,Fahrrad
1200629,1080,Herrenfahrrad
1100416,180,Herrenfahrrad
11501341,1050,Herrenfahrrad
10200423,400,Fahrrad
5100313,1700,Herrenfahrrad
10400940,479,Herrenfahrrad
5400943,349,Fahrrad
3400724,260,Herrenfahrrad
4501040,950,Herrenfahrrad
6400839,300,Damenfahrrad
3701660,290,Mountainbike
4501153,499,Damenfahrrad
9501941,550,Herrenfahrrad
3601453,230,Herrenfahrrad
8401244,602,Herrenfahrrad
9200613,498,Herrenfahrrad
12200515,875,divers
2500726,380,Herrenfahrrad
1100207,3538,Herrenfahrrad
2200211,0,Herrenfahrrad
9501838,500,Damenfahrrad
2300419,869,Herrenfahrrad
2500729,903,Damenfahrrad
1100309,470,Damenfahrrad
4400729,499,Herrenfahrrad
11501341,600,Herrenfahrrad
9200511,2900,divers
9501939,1050,Herrenfahrrad
4300518,599,Herrenfahrrad
9100101,1140,Damenfahrrad
9300923,240,Fahrrad
2300417,1069,Herrenfahrrad
3601245,2000,Herrenfahrrad
2200208,1299,Herrenfahrrad
2300419,1148,Herrenfahrrad
4300619,3200,Herrenfahrrad
4300517,656,Damenfahrrad
4300623,250,Herrenfahrrad
8200624,514,Damenfahrrad
3500932,220,Fahrrad
1401043,1800,Fahrrad
4300413,1200,Damenfahrrad
9501737,0,Herrenfahrrad
7100204,1818,Herrenfahrrad
3601142,540,Damenfahrrad
1400942,500,Herrenfahrrad
9501737,642,Damenfahrrad
9100304,400,Herrenfahrrad
12400618,1200,Damenfahrrad
3601449,1255,Damenfahrrad
9501939,950,Damenfahrrad
3400826,861,Herrenfahrrad
4400727,499,Damenfahrrad
4300622,1879,Rennrad
2400624,1000,Herrenfahrrad
2400623,300,Damenfahrrad
3601453,809,Herrenfahrrad
12601235,700,Damenfahrrad
3100103,599,Damenfahrrad
1100313,653,Herrenfahrrad
10100205,275,Damenfahrrad
8100521,800,Herrenfahrrad
3200206,660,Damenfahrrad
10100312,110,Damenfahrrad
4300621,999,divers
12500930,250,Damenfahrrad
11401032,799,Herrenfahrrad
1401045,70,Damenfahrrad
12200309,150,Damenfahrrad
7200409,1100,Damenfahrrad
6100206,1799,Herrenfahrrad
8100417,749,Damenfahrrad
3200206,470,Herrenfahrrad
3601346,700,Herrenfahrrad
2200209,500,Herrenfahrrad
2200210,530,Herrenfahrrad
9100203,400,Rennrad
3500936,3000,divers
1100311,500,Damenfahrrad
7501030,400,Damenfahrrad
11401135,599,Herrenfahrrad
2400624,762,Damenfahrrad
2300418,170,Mountainbike
11100308,700,Herrenfahrrad
8100311,734,Damenfahrrad
4501042,579,Damenfahrrad
4501045,720,Herrenfahrrad
1100206,490,Damenfahrrad
2200209,1000,Herrenfahrrad
1100101,539,Herrenfahrrad
3500935,470,Damenfahrrad
4300517,550,Damenfahrrad
3200309,430,Herrenfahrrad
11501340,2987,Fahrrad
11401135,399,Damenfahrrad
1100415,0,Damenfahrrad
2200212,349,Herrenfahrrad
4300416,0,Herrenfahrrad
1200626,1000,Damenfahrrad
11200514,388,Damenfahrrad
2500830,1250,Damenfahrrad
9200715,685,Mountainbike
8100313,2890,Herrenfahrrad
8100310,960,Damenfahrrad
2300315,1400,Damenfahrrad
2100101,700,Damenfahrrad
7200410,1600,Herrenfahrrad
4500938,2800,Herrenfahrrad
11300722,273,Damenfahrrad
12100103,369,Herrenfahrrad
3601243,970,Herrenfahrrad
1100103,298,Mountainbike
4300623,370,Herrenfahrrad
4501045,999,Damenfahrrad
3601453,369,Kinderfahrrad
6200422,626,Herrenfahrrad
3601453,287,Kinderfahrrad
6300526,649,Damenfahrrad
1401044,780,Herrenfahrrad
1100309,820,Damenfahrrad
7200413,310,Herrenfahrrad
8200831,250,Damenfahrrad
2400624,200,Herrenfahrrad
6100102,714,Herrenfahrrad
6100102,1650,Herrenfahrrad
6300634,750,Rennrad
9501939,500,Mountainbike
6200421,900,Herrenfahrrad
6100102,496,Damenfahrrad
6100102,1300,Damenfahrrad
4300623,435,Herrenfahrrad
2300314,712,Damenfahrrad
11501238,599,Herrenfahrrad
1400938,500,Damenfahrrad
3300412,240,Herrenfahrrad
3200206,550,Fahrrad
7400822,500,Herrenfahrrad
2200211,470,Damenfahrrad
9501939,1099,Rennrad
1100205,500,Herrenfahrrad
9502043,994,Herrenfahrrad
1100309,484,Herrenfahrrad
3601347,849,Herrenfahrrad
3601243,458,Fahrrad
3300412,420,Damenfahrrad
4300624,200,Damenfahrrad
4500937,605,Mountainbike
3601244,730,Damenfahrrad
7100101,1184,Herrenfahrrad
3701658,699,Herrenfahrrad
1100415,442,Damenfahrrad
2200213,90,Kinderfahrrad
1100308,805,Damenfahrrad
7400721,240,Damenfahrrad
5200423,350,Fahrrad
8100102,900,Damenfahrrad
1200520,650,Fahrrad
11501238,250,Kinderfahrrad
11300722,347,Herrenfahrrad
1100102,899,Fahrrad
3400725,500,Herrenfahrrad
2300418,2600,divers
7601548,600,Kinderfahrrad
3300516,880,Herrenfahrrad
8100103,951,Herrenfahrrad
9200819,240,Herrenfahrrad
3400830,1106,Damenfahrrad
9300921,100,Damenfahrrad
10100312,425,Herrenfahrrad
1401048,900,Fahrrad
12400722,893,divers
11100203,250,Herrenfahrrad
7400720,1088,Fahrrad
2200210,355,Herrenfahrrad
2200210,529,Herrenfahrrad
7400824,700,Mountainbike
4501043,600,Rennrad
1200629,333,Kinderfahrrad
3400724,1000,Herrenfahrrad
1300834,860,Herrenfahrrad
2500729,1049,Herrenfahrrad
6400839,568,Herrenfahrrad
9200511,2369,Herrenfahrrad
7200409,1234,Herrenfahrrad
2200209,600,Damenfahrrad
3601452,1449,Herrenfahrrad
11501238,400,Herrenfahrrad
2500833,414,Fahrrad
2400623,222,Fahrrad
1100104,250,Herrenfahrrad
8100311,300,Damenfahrrad
1300731,500,Herrenfahrrad
1100311,302,Herrenfahrrad
1100104,200,Fahrrad
9300921,599,Herrenfahrrad
10300733,100,Herrenfahrrad
2400521,300,Herrenfahrrad
3701554,950,Herrenfahrrad
7100102,1460,Herrenfahrrad
2200207,3102,Mountainbike
8401241,333,Damenfahrrad
11300721,300,Kinderfahrrad
4300622,399,Herrenfahrrad
3601142,1017,Herrenfahrrad
9100101,750,Fahrrad
11300721,250,Kinderfahrrad
6400735,300,Herrenfahrrad
7300517,1500,Damenfahrrad
11400929,1780,Herrenfahrrad
11300826,673,Fahrrad
6100209,900,Herrenfahrrad
2400522,587,Herrenfahrrad
3300514,399,Herrenfahrrad
1100104,799,Herrenfahrrad
6100206,665,Herrenfahrrad
5100314,900,Fahrrad
3701556,765,Damenfahrrad
3601346,540,Damenfahrrad
2300419,630,Damenfahrrad
1300731,200,Herrenfahrrad
7100102,990,Herrenfahrrad
2300315,800,Herrenfahrrad
2500835,599,Herrenfahrrad
1100312,499,Damenfahrrad
4501041,500,Damenfahrrad
1400938,1933,Herrenfahrrad
8100208,590,Kinderfahrrad
3400721,644,Herrenfahrrad
1400938,1000,Herrenfahrrad
2100103,3900,Rennrad
3400829,500,Herrenfahrrad
12500825,582,Herrenfahrrad
8100102,350,Fahrrad
11200512,524,Herrenfahrrad
11300826,600,Damenfahrrad
2500726,859,Herrenfahrrad
6300632,415,Kinderfahrrad
3400722,1293,Herrenfahrrad
8200727,1019,Damenfahrrad
7400721,1850,Fahrrad
3701554,1100,Herrenfahrrad
8100208,1300,Herrenfahrrad
6200313,250,Fahrrad
8100208,1365,Fahrrad
1100416,1084,Herrenfahrrad
10200524,5549,divers
7100204,487,Kinderfahrrad
3601346,300,Damenfahrrad
4300413,900,Herrenfahrrad
3701657,190,Kinderfahrrad
5100209,0,Damenfahrrad
7100204,525,Herrenfahrrad
9301126,679,Damenfahrrad
5200423,600,Herrenfahrrad
1100311,610,Mountainbike
5200418,135,Herrenfahrrad
5100315,150,Damenfahrrad
8100206,1050,Damenfahrrad
9200512,350,Herrenfahrrad
3400830,799,Damenfahrrad
3400829,800,Damenfahrrad
3200310,599,Herrenfahrrad
7100101,3773,Herrenfahrrad
7601544,250,Damenfahrrad
4501042,1334,Herrenfahrrad
3300412,200,Damenfahrrad
4501146,546,Herrenfahrrad
1100206,1399,Rennrad
3400723,1206,Herrenfahrrad
8200833,220,Fahrrad
11300826,277,Herrenfahrrad
11401137,300,Damenfahrrad
3601142,260,Herrenfahrrad
2500835,680,Herrenfahrrad
8200624,561,Herrenfahrrad
3200205,651,Damenfahrrad
3601142,700,Herrenfahrrad
11501340,500,Herrenfahrrad
3601243,460,Damenfahrrad
2300418,550,Fahrrad
4501043,380,Herrenfahrrad
4300622,337,Damenfahrrad
6400838,597,Damenfahrrad
8100416,300,Herrenfahrrad
7300516,498,Herrenfahrrad
8100312,750,Herrenfahrrad
7501133,799,Damenfahrrad
2200212,907,Damenfahrrad
4400834,1450,Damenfahrrad
2200209,539,Fahrrad
4400727,320,Fahrrad
1100415,799,Damenfahrrad
6300633,1000,Damenfahrrad
11300616,150,Damenfahrrad
2300419,470,Herrenfahrrad
5100316,280,Damenfahrrad
4501042,560,Herrenfahrrad
4501153,899,Herrenfahrrad
4200309,1311,Fahrrad
2400521,199,Damenfahrrad
2400624,600,Herrenfahrrad
1200518,1023,Herrenfahrrad
1300835,500,Damenfahrrad
3601347,630,Herrenfahrrad
1200623,3500,Herrenfahrrad
4300623,199,Herrenfahrrad
10300733,400,Herrenfahrrad
1300730,629,Damenfahrrad
6300630,1399,Herrenfahrrad
3701555,500,Damenfahrrad
2100104,600,Herrenfahrrad
12400616,2085,Fahrrad
4300623,322,Herrenfahrrad
11100308,899,Mountainbike
1100102,840,Damenfahrrad
3601244,1000,Damenfahrrad
3601141,751,Herrenfahrrad
8100311,1500,Herrenfahrrad
12100102,429,Damenfahrrad
3500933,780,Damenfahrrad
11200512,399,Damenfahrrad
9501939,2526,Herrenfahrrad
4300621,5000,Mountainbike
11501339,370,Fahrrad
3400724,354,Herrenfahrrad
8100209,360,Damenfahrrad
1100415,6545,Fahrrad
1200519,2750,Herrenfahrrad
7200413,496,Damenfahrrad
4501044,250,Damenfahrrad
7100206,802,Damenfahrrad
12100102,428,Damenfahrrad
9200819,2571,Mountainbike
9502043,800,Herrenfahrrad
9502043,600,Herrenfahrrad
3500934,699,Herrenfahrrad
12601235,649,Herrenfahrrad
3501037,664,Damenfahrrad
8401244,600,Fahrrad
9502043,379,Mountainbike
1200623,360,Damenfahrrad
5200629,350,Herrenfahrrad
7400721,500,Herrenfahrrad
8100101,780,Damenfahrrad
7100101,833,Fahrrad
4300623,300,Damenfahrrad
4200205,150,Fahrrad
5100312,400,Herrenfahrrad
4200311,420,Kinderfahrrad
6300527,1071,Damenfahrrad
4300623,900,Damenfahrrad
7100102,499,Damenfahrrad
3400829,600,Damenfahrrad
3701658,336,Herrenfahrrad
4400727,189,Mountainbike
1100415,1,Damenfahrrad
5100315,1200,Herrenfahrrad
3701660,599,Herrenfahrrad
3601243,2276,Damenfahrrad
11300725,699,Herrenfahrrad
6400843,899,Herrenfahrrad
11400931,1100,Damenfahrrad
11300722,600,Fahrrad
3500936,948,Damenfahrrad
7100206,1034,Damenfahrrad
8100312,696,Damenfahrrad
2200211,899,Herrenfahrrad
11200515,2300,Herrenfahrrad
2500830,400,Herrenfahrrad
9100407,1305,Damenfahrrad
1400937,700,Damenfahrrad
5100104,280,Kinderfahrrad
6400844,792,Mountainbike
2400624,1194,Fahrrad
1401049,369,Kinderfahrrad
1100309,630,Damenfahrrad
6100102,920,Damenfahrrad
4300623,130,Herrenfahrrad
8100311,300,Damenfahrrad
4200311,383,Damenfahrrad
4400834,769,Damenfahrrad
4300416,450,Herrenfahrrad
12400720,564,Herrenfahrrad
9401534,1250,Herrenfahrrad
11200411,307,Damenfahrrad
4200308,1599,Herrenfahrrad
2300418,80,Damenfahrrad
8100311,620,Damenfahrrad
9501737,449,Damenfahrrad
7100102,509,Damenfahrrad
6400843,648,Herrenfahrrad
3701659,300,Damenfahrrad
3701660,0,Fahrrad
7100102,757,Fahrrad
1100415,545,Herrenfahrrad
11200514,279,Damenfahrrad
1100310,607,Damenfahrrad
2200213,2900,Herrenfahrrad
2100102,980,Herrenfahrrad
9100101,436,Damenfahrrad
7200413,205,Damenfahrrad
1200623,500,Damenfahrrad
12400721,1000,Herrenfahrrad
3601244,1580,Herrenfahrrad
9100304,498,Fahrrad
9100407,699,Herrenfahrrad
6400737,691,Kinderfahrrad
6400735,1499,Herrenfahrrad
3400723,1035,Herrenfahrrad
2300419,1450,Damenfahrrad
3601244,555,Kinderfahrrad
8100311,399,Damenfahrrad
3601245,867,Herrenfahrrad
2200210,300,Fahrrad
2400624,2175,Fahrrad
8100310,322,Herrenfahrrad
2200208,750,Herrenfahrrad
3200206,1182,Herrenfahrrad
3200206,600,Damenfahrrad
9200614,1400,divers
11300617,400,Damenfahrrad
11300722,631,Damenfahrrad
2100102,120,Herrenfahrrad
9200512,1084,Damenfahrrad
12100205,450,Damenfahrrad
12100205,1000,Mountainbike
6400841,600,Herrenfahrrad
11401135,358,Damenfahrrad
10100209,400,Damenfahrrad
2300314,400,divers
2300419,300,Fahrrad
9300921,500,Herrenfahrrad
7200409,400,Damenfahrrad
3601245,828,Fahrrad
8100208,150,Kinderfahrrad
10100208,420,Damenfahrrad
1100309,600,Fahrrad
9501939,700,Herrenfahrrad
3400620,2210,Damenfahrrad
4300416,2080,Damenfahrrad
2200210,415,Herrenfahrrad
9100202,200,Herrenfahrrad
8100103,725,Herrenfahrrad
5100101,400,Damenfahrrad
1200624,200,Herrenfahrrad
4501153,660,Herrenfahrrad
6300526,639,Herrenfahrrad
3601449,1500,Herrenfahrrad
2400522,3000,Fahrrad
10300733,500,Herrenfahrrad
9200512,2400,Herrenfahrrad
11300616,2255,Herrenfahrrad
2100101,195,Herrenfahrrad
6400735,2500,Herrenfahrrad
3601348,1396,Herrenfahrrad
3400721,233,Kinderfahrrad
4501045,400,Fahrrad
7300515,180,Damenfahrrad
6300526,1410,Herrenfahrrad
11401136,539,Fahrrad
4500936,333,Fahrrad
7300515,650,Damenfahrrad
5200629,300,Fahrrad
4300619,1000,Herrenfahrrad
12100205,499,Herrenfahrrad
3300514,490,Damenfahrrad
1100310,750,Damenfahrrad
7100206,386,Kinderfahrrad
3300514,300,Herrenfahrrad
11501238,150,Herrenfahrrad
2100106,100,Kinderfahrrad
6200422,999,Damenfahrrad
4501149,225,Fahrrad
7501031,619,Herrenfahrrad
1401044,300,Kinderfahrrad
7200307,400,Rennrad
1100310,600,Damenfahrrad
8100415,1200,Herrenfahrrad
8100101,500,Herrenfahrrad
11200514,312,Herrenfahrrad
3200207,598,Herrenfahrrad
1100206,999,Herrenfahrrad
11501341,809,Damenfahrrad
1200519,2726,Fahrrad
1300835,392,Kinderfahrrad
7601546,100,Herrenfahrrad
1100313,544,Mountainbike
9100101,2600,divers
9200715,498,Herrenfahrrad
7601546,0,Kinderfahrrad
1200623,1000,Herrenfahrrad
1200623,1000,Herrenfahrrad
2300316,300,Herrenfahrrad
1100103,699,Herrenfahrrad
2300419,1600,Herrenfahrrad
2200213,1999,Herrenfahrrad
8100311,700,Damenfahrrad
3300514,391,Damenfahrrad
5100315,300,Herrenfahrrad
6100209,800,Fahrrad
3601347,436,Herrenfahrrad
9200716,728,Herrenfahrrad
9200511,400,Herrenfahrrad
6100208,699,Herrenfahrrad
3601245,1000,Herrenfahrrad
2500728,1369,Damenfahrrad
9200613,1040,Herrenfahrrad
9100202,150,Damenfahrrad
6400841,1010,Herrenfahrrad
4501041,727,Damenfahrrad
8100101,450,Damenfahrrad
4501149,267,Herrenfahrrad
2200208,2400,Herrenfahrrad
8100418,800,Herrenfahrrad
10100210,300,Herrenfahrrad
11200512,800,Herrenfahrrad
12200515,1077,Herrenfahrrad
9301228,8000,divers
10200526,336,Fahrrad
12200308,199,Damenfahrrad
6300528,600,Damenfahrrad
1300834,1300,Herrenfahrrad
4300624,659,Herrenfahrrad
11401137,2067,Damenfahrrad
11200514,900,Damenfahrrad
3601243,890,Damenfahrrad
6100103,500,Herrenfahrrad
3601245,650,Damenfahrrad
2300314,600,Herrenfahrrad
2300315,215,Damenfahrrad
3500933,1600,divers
7501029,708,Herrenfahrrad
3400826,50,Damenfahrrad
1200521,444,Herrenfahrrad
7501029,550,Damenfahrrad
1400937,249,Damenfahrrad
11300826,860,Herrenfahrrad
6400737,274,Damenfahrrad
9401534,3000,Herrenfahrrad
7100102,150,Herrenfahrrad
8100310,434,Damenfahrrad
4100101,772,Herrenfahrrad
12200413,450,Damenfahrrad
9501939,799,Mountainbike
10100210,300,Herrenfahrrad
2300419,425,Herrenfahrrad
6400844,300,Herrenfahrrad
6400838,399,Kinderfahrrad
9300923,265,Herrenfahrrad
4300624,799,Damenfahrrad
9100408,720,Herrenfahrrad
3400721,800,Damenfahrrad
5300840,90,Mountainbike
12601032,300,Herrenfahrrad
8100102,949,Damenfahrrad
7100102,500,Damenfahrrad
3400826,350,Damenfahrrad
4501045,995,Herrenfahrrad
2200209,1930,Damenfahrrad
6100102,2500,Herrenfahrrad
10400836,240,Damenfahrrad
10100315,603,Herrenfahrrad
3400619,400,Herrenfahrrad
2500833,294,Damenfahrrad
3400829,478,Herrenfahrrad
2300314,300,Damenfahrrad
9100101,250,Damenfahrrad
4200207,300,Fahrrad
11200513,717,Herrenfahrrad
3601139,508,Herrenfahrrad
4300416,0,Herrenfahrrad
3601245,1250,Damenfahrrad
2400625,400,Damenfahrrad
2400625,1464,Herrenfahrrad
4300416,0,Herrenfahrrad
2200207,1754,Herrenfahrrad
3601243,1698,divers
3601245,1899,Fahrrad
1401047,315,Mountainbike
3701660,679,Herrenfahrrad
9200819,1600,Herrenfahrrad
8100418,270,Fahrrad
9100101,2500,Herrenfahrrad
3601243,2199,Herrenfahrrad
9200613,398,Herrenfahrrad
2200213,685,Damenfahrrad
4500936,442,Herrenfahrrad
3601348,349,Kinderfahrrad
2400624,299,Herrenfahrrad
7400720,200,Damenfahrrad
7400720,230,Fahrrad
7400720,549,Damenfahrrad
3400826,209,Damenfahrrad
2100105,250,Damenfahrrad
11501341,50,Herrenfahrrad
5100316,200,Herrenfahrrad
4501151,310,Damenfahrrad
10100312,300,Mountainbike
7200308,200,Herrenfahrrad
10200419,466,Fahrrad
12100101,277,Herrenfahrrad
1200520,300,Herrenfahrrad
11501238,50,Damenfahrrad
6100103,399,Herrenfahrrad
3601140,2200,Herrenfahrrad
8100209,330,Herrenfahrrad
11200513,600,Herrenfahrrad
3601244,1204,Damenfahrrad
1200517,450,Herrenfahrrad
5400943,621,Damenfahrrad
3200206,450,Herrenfahrrad
9401534,999,Damenfahrrad
5100313,100,Fahrrad
3200204,600,Herrenfahrrad
3400619,2383,Herrenfahrrad
2400623,350,Damenfahrrad
2500835,2269,Damenfahrrad
2500728,800,Rennrad
2300419,500,Herrenfahrrad
10100206,577,Herrenfahrrad
9200614,2000,Herrenfahrrad
1100103,900,Herrenfahrrad
1400940,287,Fahrrad
1200629,1050,Herrenfahrrad
9300922,300,Damenfahrrad
2500831,725,Herrenfahrrad
2200207,1260,Herrenfahrrad
9100101,703,Herrenfahrrad
2500835,806,Herrenfahrrad
1200623,240,Kinderfahrrad
9301126,500,Herrenfahrrad
9200613,650,Herrenfahrrad
9501737,500,Herrenfahrrad
2300417,450,Damenfahrrad
2200213,644,Damenfahrrad
1401045,1,Herrenfahrrad
2100101,300,Fahrrad
9401534,600,Damenfahrrad
4300620,397,Herrenfahrrad
3601348,295,Herrenfahrrad
1200520,430,Fahrrad
7200307,550,Rennrad
4400830,707,Herrenfahrrad
4501041,1150,Fahrrad
4400834,223,Damenfahrrad
6300527,575,Damenfahrrad
11400929,900,Herrenfahrrad
6400844,800,Mountainbike
2300417,950,Herrenfahrrad
9301228,900,Herrenfahrrad
9200613,1138,Herrenfahrrad
2400623,349,Damenfahrrad
6400737,250,Mountainbike
3701657,524,Damenfahrrad
2100101,500,Damenfahrrad
6100207,540,Fahrrad
4501148,950,Herrenfahrrad
1400942,50,Herrenfahrrad
1100308,500,Herrenfahrrad
3601139,760,Herrenfahrrad
8300934,220,Fahrrad
2400623,1664,Fahrrad
2200212,1149,Herrenfahrrad
4501045,239,Damenfahrrad
7100102,758,Damenfahrrad
2200209,260,Fahrrad
5100211,600,Mountainbike
7100204,1123,Herrenfahrrad
11200514,1060,Herrenfahrrad
3501038,474,Damenfahrrad
6400838,600,Damenfahrrad
4300416,2200,Herrenfahrrad
11300618,800,Herrenfahrrad
10200525,3898,Damenfahrrad
1100205,805,Damenfahrrad
4501044,1000,Herrenfahrrad
3400722,550,Herrenfahrrad
9300920,999,Herrenfahrrad
12500825,499,Damenfahrrad
6300526,339,Damenfahrrad
3300411,150,Kinderfahrrad
8100102,351,Damenfahrrad
1300733,300,Herrenfahrrad
11200411,465,Herrenfahrrad
2400624,1000,Fahrrad
3601141,400,Herrenfahrrad
8100417,728,Damenfahrrad
3601245,864,Herrenfahrrad
11300725,1174,Herrenfahrrad
8200622,299,Damenfahrrad
3601139,240,Fahrrad
1100101,500,Herrenfahrrad
3601140,1599,Damenfahrrad
3701554,1400,Herrenfahrrad
9200819,1145,Herrenfahrrad
9501939,1614,Mountainbike
3601244,900,Herrenfahrrad
3500933,682,Damenfahrrad
1100312,2800,Herrenfahrrad
3400829,3426,Herrenfahrrad
3200207,550,Damenfahrrad
1300836,493,Herrenfahrrad
2300418,484,Damenfahrrad
2400522,550,Damenfahrrad
7100204,1778,Damenfahrrad
8100418,1450,Damenfahrrad
1200623,2000,Herrenfahrrad
1100416,960,Damenfahrrad
1100416,1100,Herrenfahrrad
1200626,180,Herrenfahrrad
2100102,250,Damenfahrrad
1300733,280,Damenfahrrad
3601451,0,Herrenfahrrad
2400624,499,Damenfahrrad
9401534,3117,Herrenfahrrad
1100416,350,Damenfahrrad
3100103,189,Herrenfahrrad
4400830,350,Herrenfahrrad
4200308,750,Damenfahrrad
3500935,334,Kinderfahrrad
8100418,912,Damenfahrrad
6100205,807,Herrenfahrrad
4501149,599,Herrenfahrrad
7200412,1592,Herrenfahrrad
3601244,450,Herrenfahrrad
9100202,739,Herrenfahrrad
1100310,1200,Herrenfahrrad
3601452,236,Herrenfahrrad
7300515,849,Herrenfahrrad
8401246,540,Herrenfahrrad
12400722,399,Herrenfahrrad
11300725,2299,Herrenfahrrad
2300316,250,Herrenfahrrad
10400836,25,Mountainbike
6100103,400,Damenfahrrad
9200512,3944,Herrenfahrrad
9200715,700,Herrenfahrrad
5200525,485,Fahrrad
7200307,6237,divers
8100101,615,Damenfahrrad
7400720,1150,Herrenfahrrad
9200818,2929,Herrenfahrrad
1100415,350,Herrenfahrrad
3400826,1200,Herrenfahrrad
1200629,350,Damenfahrrad
8100311,1600,Herrenfahrrad
4500939,2550,Damenfahrrad
2400521,515,Damenfahrrad
7400927,818,Herrenfahrrad
12100205,460,Damenfahrrad
2100104,167,Herrenfahrrad
11300722,650,Fahrrad
9501737,300,Damenfahrrad
1401044,210,Fahrrad
4300414,790,Fahrrad
2200211,335,Herrenfahrrad
8200623,800,Herrenfahrrad
12200515,650,Fahrrad
9100304,780,Damenfahrrad
9300920,899,Damenfahrrad
5100314,342,Fahrrad
3400830,4750,Mountainbike
5200629,2799,Damenfahrrad
8401244,200,Damenfahrrad
3701660,2881,Damenfahrrad
4501042,450,Fahrrad
6200421,1899,Herrenfahrrad
1100416,550,Herrenfahrrad
2200207,1649,Herrenfahrrad
3701660,1525,Herrenfahrrad
4300416,470,Damenfahrrad
1100206,665,Herrenfahrrad
7501134,354,Kinderfahrrad
10100103,488,Herrenfahrrad
12100205,599,Damenfahrrad
9200715,230,Herrenfahrrad
2300314,550,Herrenfahrrad
1100308,1374,Herrenfahrrad
4400830,1300,Herrenfahrrad
9401329,3099,Herrenfahrrad
1400939,150,Damenfahrrad
9200511,500,Damenfahrrad
10100101,400,Herrenfahrrad
9501737,1000,Herrenfahrrad
11100307,180,Fahrrad
3701660,1300,Herrenfahrrad
2200212,400,Fahrrad
11300619,328,Fahrrad
5100210,300,Rennrad
2200208,412,Herrenfahrrad
12100101,300,divers
4300416,150,Damenfahrrad
2300417,500,Herrenfahrrad
3701657,599,Damenfahrrad
7501133,474,Herrenfahrrad
1100102,1350,Mountainbike
2300316,333,Damenfahrrad
8100416,300,Herrenfahrrad
3601347,600,Herrenfahrrad
7100102,720,Herrenfahrrad
11100204,90,Mountainbike
9501737,3050,Fahrrad
6300524,630,Damenfahrrad
6300634,999,Herrenfahrrad
8100103,400,Damenfahrrad
3200207,500,Herrenfahrrad
6200313,675,Damenfahrrad
7501134,259,Herrenfahrrad
7200307,350,Herrenfahrrad
7601544,500,Fahrrad
9501940,850,Damenfahrrad
3601451,333,Herrenfahrrad
12400619,500,Damenfahrrad
3400722,555,Damenfahrrad
6400843,1500,Damenfahrrad
3701659,599,Herrenfahrrad
3701659,824,Herrenfahrrad
2300418,855,Damenfahrrad
8401139,1789,Herrenfahrrad
3601142,4000,Damenfahrrad
3601348,249,Kinderfahrrad
1300731,380,divers
11501238,700,Damenfahrrad
11501238,700,Fahrrad
3100103,50,divers
3701556,1800,Rennrad
3701555,100,Herrenfahrrad
11401033,500,Herrenfahrrad
6100204,120,Fahrrad
2400522,550,Fahrrad
3601140,429,Damenfahrrad
4300621,1000,Damenfahrrad
8100312,1330,Herrenfahrrad
2500833,2399,Herrenfahrrad
8100313,635,Damenfahrrad
4500936,848,Damenfahrrad
2500833,866,Herrenfahrrad
8100416,250,Herrenfahrrad
3601347,940,Damenfahrrad
2500834,450,Fahrrad
2300417,100,Damenfahrrad
3601348,800,Herrenfahrrad
4400835,349,Kinderfahrrad
3701660,1640,Damenfahrrad
2400522,699,Herrenfahrrad
11200512,524,Damenfahrrad
4200206,400,Damenfahrrad
3601346,443,Herrenfahrrad
1100414,350,Damenfahrrad
3200206,420,Herrenfahrrad
1200522,250,Mountainbike
1100101,1228,Herrenfahrrad
4501152,2730,Damenfahrrad
7400928,398,Herrenfahrrad
3501038,380,Damenfahrrad
4300621,800,Damenfahrrad
8100311,200,Kinderfahrrad
1100311,1300,Herrenfahrrad
1200519,1002,Damenfahrrad
1200519,330,Damenfahrrad
6300526,662,Herrenfahrrad
11401032,100,Herrenfahrrad
6200314,300,Herrenfahrrad
11400930,800,Herrenfahrrad
1401047,634,Damenfahrrad
1400938,1300,Herrenfahrrad
2200209,3905,Herrenfahrrad
5100317,1900,Fahrrad
2500835,1100,Damenfahrrad
3701658,1810,Fahrrad
5100209,950,Fahrrad
5100209,600,Damenfahrrad
7100204,290,Herrenfahrrad
4200309,470,Herrenfahrrad
4501045,4873,Herrenfahrrad
11400928,231,Kinderfahrrad
11501339,219,Herrenfahrrad
4300415,288,Damenfahrrad
11300721,299,Kinderfahrrad
7400721,200,Damenfahrrad
4400835,585,Damenfahrrad
9100101,1199,Damenfahrrad
9200613,1000,Mountainbike
3601451,216,Herrenfahrrad
4500939,449,Damenfahrrad
6100209,3816,divers
1100103,500,Fahrrad
10200629,200,Herrenfahrrad
6200421,521,Damenfahrrad
11300721,150,Kinderfahrrad
6100103,300,Fahrrad
2300315,445,Herrenfahrrad
4501150,399,Herrenfahrrad
7400721,1400,Herrenfahrrad
4300623,700,Damenfahrrad
6300524,568,Mountainbike
3100101,427,Kinderfahrrad
4200308,850,Herrenfahrrad
9200511,2490,Damenfahrrad
6200314,799,Fahrrad
4400727,474,Damenfahrrad
5300737,692,Fahrrad
1200626,800,Herrenfahrrad
12400720,398,Mountainbike
2300419,214,Fahrrad
6300634,1600,Herrenfahrrad
10300733,50,Damenfahrrad
3200207,429,Damenfahrrad
1401047,400,Herrenfahrrad
4200204,1000,divers
5100209,399,Damenfahrrad
3601348,530,Herrenfahrrad
2200210,1100,Herrenfahrrad
1100415,1269,Damenfahrrad
7501031,700,Damenfahrrad
3100101,600,Herrenfahrrad
8100102,300,Herrenfahrrad
6200421,790,Damenfahrrad
3200207,399,Damenfahrrad
1300834,180,Herrenfahrrad
11300722,322,Herrenfahrrad
6300526,550,Herrenfahrrad
2300417,1778,divers
7100206,1000,Damenfahrrad
9200818,4099,divers
6200313,1253,Herrenfahrrad
6200313,449,Damenfahrrad
7200411,229,Herrenfahrrad
7200409,130,Fahrrad
7100102,555,Herrenfahrrad
8100207,330,Damenfahrrad
7100101,519,Herrenfahrrad
8100209,700,Herrenfahrrad
4200310,100,Herrenfahrrad
9200819,400,Herrenfahrrad
3200206,750,Damenfahrrad
8100311,225,Damenfahrrad
7100204,200,Herrenfahrrad
1100311,949,Herrenfahrrad
7200413,399,Herrenfahrrad
1300733,810,Herrenfahrrad
1100313,200,Herrenfahrrad
2300417,980,Herrenfahrrad
4501041,110,Damenfahrrad
2400623,480,Herrenfahrrad
5300840,320,Damenfahrrad
3701555,250,Fahrrad
7400822,450,Herrenfahrrad
10200524,400,Damenfahrrad
6400840,339,Herrenfahrrad
6100204,120,Herrenfahrrad
9200613,3188,Herrenfahrrad
7300515,900,Damenfahrrad
7501032,2988,Damenfahrrad
8100206,879,Herrenfahrrad
8100103,500,Damenfahrrad
3601451,260,Fahrrad
3701556,429,Mountainbike
5200630,1600,divers
3701556,881,Mountainbike
9200819,1200,Herrenfahrrad
3300411,498,Kinderfahrrad
3601245,1199,Herrenfahrrad
11501339,399,Herrenfahrrad
1400942,735,Herrenfahrrad
3701660,849,Herrenfahrrad
9100101,550,Herrenfahrrad
3601245,1351,Damenfahrrad
7200308,579,Damenfahrrad
6300525,621,Herrenfahrrad
9200819,1000,Herrenfahrrad
2500834,1625,Herrenfahrrad
10100101,400,Damenfahrrad
1100102,3999,Herrenfahrrad
8200624,550,Fahrrad
4400835,599,Damenfahrrad
7200413,500,Damenfahrrad
2100106,100,Damenfahrrad
3400829,270,Damenfahrrad
1100101,499,Fahrrad
7100206,850,Herrenfahrrad
12601134,749,Damenfahrrad
2200208,1799,Herrenfahrrad
2300314,599,Herrenfahrrad
9200715,100,Damenfahrrad
12200308,130,Herrenfahrrad
3501038,550,Herrenfahrrad
4400834,730,Damenfahrrad
1401043,589,Herrenfahrrad
3601452,398,Damenfahrrad
4300414,460,Kinderfahrrad
12500926,1999,Fahrrad
2500728,500,Damenfahrrad
9200715,2628,divers
5100315,250,Fahrrad
2200212,389,Herrenfahrrad
4300622,630,Herrenfahrrad
2200211,325,Herrenfahrrad
4501146,959,Herrenfahrrad
3400721,749,Damenfahrrad
8100310,500,Herrenfahrrad
7100101,503,Herrenfahrrad
3701555,726,Herrenfahrrad
7300515,499,Damenfahrrad
2200213,820,Herrenfahrrad
3701658,848,Herrenfahrrad
3701556,2279,Herrenfahrrad
6300634,500,Herrenfahrrad
3601347,1248,Fahrrad
2400624,794,Herrenfahrrad
4200206,1400,divers
3701660,999,Herrenfahrrad
11401135,522,Damenfahrrad
7200414,850,Fahrrad
2100103,1978,Herrenfahrrad
3200310,169,Damenfahrrad
7100101,1600,Damenfahrrad
2100106,393,Fahrrad
7200413,230,Kinderfahrrad
5400943,428,Mountainbike
8200726,150,Damenfahrrad
3701659,220,Herrenfahrrad
11200514,100,divers
11200513,2200,Herrenfahrrad
9100101,125,Damenfahrrad
4501042,150,Damenfahrrad
3400725,600,Kinderfahrrad
2500832,0,Herrenfahrrad
3601245,370,Herrenfahrrad
5200527,250,Fahrrad
3501037,650,Damenfahrrad
8100105,899,Herrenfahrrad
6100103,699,Damenfahrrad
2400623,3160,divers
3500932,579,Herrenfahrrad
2100104,450,Herrenfahrrad
2500833,350,Damenfahrrad
1300835,750,Damenfahrrad
5400943,299,Mountainbike
3400826,599,Herrenfahrrad
8100208,749,Fahrrad
2200211,325,Herrenfahrrad
8100209,500,Damenfahrrad
11300722,645,Herrenfahrrad
1100414,650,Damenfahrrad
11100203,338,Herrenfahrrad
1100414,650,Herrenfahrrad
9200613,764,Herrenfahrrad
6400843,1000,Fahrrad
4300414,450,Damenfahrrad
7501031,500,Herrenfahrrad
4501152,550,Damenfahrrad
2500729,365,Herrenfahrrad
2100106,900,Damenfahrrad
2200210,635,Kinderfahrrad
1401045,1000,Herrenfahrrad
4501040,498,Herrenfahrrad
2200209,500,Herrenfahrrad
2200207,350,Fahrrad
8100102,100,Kinderfahrrad
6300633,766,Herrenfahrrad
11501341,1475,Herrenfahrrad
3400620,419,Herrenfahrrad
9100101,1050,Herrenfahrrad
6100102,500,Herrenfahrrad
11501341,755,Herrenfahrrad
4501040,549,Herrenfahrrad
3400723,200,Damenfahrrad
1200520,500,Herrenfahrrad
4400833,685,Damenfahrrad
1100308,600,Fahrrad
9301126,390,Herrenfahrrad
3200308,599,Damenfahrrad
1100309,159,Kinderfahrrad
4300623,250,Damenfahrrad
10100207,200,Damenfahrrad
3300514,499,Herrenfahrrad
3100103,769,Herrenfahrrad
6300633,500,Herrenfahrrad
9301025,369,Damenfahrrad
2400624,800,Mountainbike
7200410,340,Herrenfahrrad
8100102,849,Damenfahrrad
9501737,640,Fahrrad
6300633,700,Damenfahrrad
8100310,3000,Herrenfahrrad
8100310,3500,Herrenfahrrad
3200206,500,Herrenfahrrad
6400737,200,Kinderfahrrad
8301037,600,Damenfahrrad
9200512,901,Herrenfahrrad
3701554,1500,Herrenfahrrad
2200210,330,Fahrrad
3601243,399,Damenfahrrad
1200521,249,Herrenfahrrad
2200213,954,Herrenfahrrad
4501042,700,Mountainbike
1401046,298,Fahrrad
2200212,560,Herrenfahrrad
11100307,2246,Damenfahrrad
1401047,110,Mountainbike
11300616,708,Herrenfahrrad
4400830,399,Fahrrad
6100102,2600,Herrenfahrrad
7100101,7954,Herrenfahrrad
1300834,250,Fahrrad
9200512,1688,Herrenfahrrad
1100414,305,Herrenfahrrad
4200207,290,Damenfahrrad
7501031,650,Herrenfahrrad
1200518,1300,Herrenfahrrad
8100314,566,Herrenfahrrad
2300315,690,Damenfahrrad
3601452,350,Mountainbike
3601452,370,Herrenfahrrad
4200311,599,Herrenfahrrad
4200207,838,Damenfahrrad
9501736,969,Herrenfahrrad
7300618,400,Damenfahrrad
3400724,544,Herrenfahrrad
11401135,549,Herrenfahrrad
4300517,2558,Damenfahrrad
3601245,947,Damenfahrrad
4300416,366,Damenfahrrad
12500825,550,Damenfahrrad
9200613,599,Damenfahrrad
6300634,472,Herrenfahrrad
10400939,250,Damenfahrrad
1300834,1852,Mountainbike
9200715,960,Herrenfahrrad
9401330,933,Damenfahrrad
4200309,450,Rennrad
6300526,350,Herrenfahrrad
1100309,427,Herrenfahrrad
8100415,899,Herrenfahrrad
1400937,878,Damenfahrrad
6400841,1300,divers
9100408,893,Fahrrad
11200513,330,Kinderfahrrad
4200205,4200,Herrenfahrrad
2300419,100,Herrenfahrrad
2300316,445,Kinderfahrrad
3701657,398,Damenfahrrad
2200210,2500,Herrenfahrrad
9501737,350,Mountainbike
2200208,950,Fahrrad
7200308,375,Damenfahrrad
4500937,498,Herrenfahrrad
9200715,999,Herrenfahrrad
3500934,800,Herrenfahrrad
8100206,1400,Damenfahrrad
2300314,1000,Herrenfahrrad
7501134,479,Kinderfahrrad
2400623,1299,Damenfahrrad
6400842,650,Damenfahrrad
6200313,350,Damenfahrrad
4501043,444,Damenfahrrad
7100101,200,Herrenfahrrad
11300617,650,Herrenfahrrad
4500939,410,Herrenfahrrad
3701554,1269,Herrenfahrrad
7601546,363,Damenfahrrad
2300315,340,Damenfahrrad
2200213,1000,Damenfahrrad
9200613,550,Herrenfahrrad
1100310,4389,Fahrrad
2200211,1800,Herrenfahrrad
9501737,1500,Mountainbike
1100206,400,Damenfahrrad
4501042,249,Herrenfahrrad
4501042,200,Damenfahrrad
1100207,250,Damenfahrrad
2200209,399,Damenfahrrad
3601346,1400,Fahrrad
2300418,132,Herrenfahrrad
12601134,749,Damenfahrrad
12601134,900,Herrenfahrrad
8100206,238,Herrenfahrrad
10200423,699,Mountainbike
1100104,635,Herrenfahrrad
8200833,540,Damenfahrrad
8100207,330,Mountainbike
6400839,400,divers
7601236,280,Kinderfahrrad
10400939,445,Herrenfahrrad
4300620,800,Mountainbike
9501940,1134,Damenfahrrad
7300618,1098,Damenfahrrad
3601244,235,Kinderfahrrad
4100102,2741,Fahrrad
7100206,300,Herrenfahrrad
4300415,1200,Mountainbike
1100308,375,Fahrrad
1100310,1200,Herrenfahrrad
5200630,930,Herrenfahrrad
9100203,599,Damenfahrrad
7100102,100,Herrenfahrrad
8100206,773,Damenfahrrad
1200629,1850,Fahrrad
6100102,805,Herrenfahrrad
4500939,2500,Kinderfahrrad
2300417,427,Fahrrad
6100207,730,Herrenfahrrad
2100101,390,Damenfahrrad
6400840,340,Herrenfahrrad
2200211,2199,Fahrrad
9501940,380,Herrenfahrrad
6300526,392,Mountainbike
1200623,599,Herrenfahrrad
1100416,550,Herrenfahrrad
2300419,736,Herrenfahrrad
3400723,700,Herrenfahrrad
12400616,620,Herrenfahrrad
3500932,491,Herrenfahrrad
3701659,500,Damenfahrrad
1200522,499,Damenfahrrad
1100416,570,Fahrrad
3500934,259,Damenfahrrad
9501939,200,Mountainbike
3601140,2750,Herrenfahrrad
6300526,660,Damenfahrrad
7400721,400,Rennrad
11100205,100,Fahrrad
4300622,643,Herrenfahrrad
4400834,700,Fahrrad
3601347,770,Herrenfahrrad
4300518,970,Herrenfahrrad
8100311,380,Herrenfahrrad
10400836,459,Damenfahrrad
3500932,1020,Damenfahrrad
6400839,999,Herrenfahrrad
3601450,1236,Fahrrad
1300836,150,Herrenfahrrad
4501149,999,Damenfahrrad
7100204,1000,Herrenfahrrad
3701659,650,Fahrrad
3601142,548,Fahrrad
5300840,730,Damenfahrrad
8100208,300,Herrenfahrrad
2300315,340,Damenfahrrad
4300622,651,Herrenfahrrad
1100310,300,Damenfahrrad
2200209,864,Fahrrad
4500936,398,Damenfahrrad
8100415,1145,Damenfahrrad
3601141,700,Fahrrad
4400729,200,Damenfahrrad
5200630,879,Herrenfahrrad
5200630,2339,Damenfahrrad
2500835,684,Herrenfahrrad
4200308,800,Herrenfahrrad
12500927,824,Herrenfahrrad
1100415,1400,Herrenfahrrad
2300419,2200,Herrenfahrrad
7501031,600,Damenfahrrad
7501031,1488,Damenfahrrad
6300629,1043,Herrenfahrrad
7400824,600,Damenfahrrad
12500927,742,Fahrrad
4300415,1250,Herrenfahrrad
3601243,1000,Damenfahrrad
9200715,360,Herrenfahrrad
3500934,540,Kinderfahrrad
6400839,1549,Herrenfahrrad
5200633,594,Mountainbike
6100102,899,Fahrrad
5300737,500,Damenfahrrad
4300622,779,Damenfahrrad
1300834,615,Herrenfahrrad
5300839,240,Damenfahrrad
4501146,150,Damenfahrrad
3200310,260,Herrenfahrrad
5200631,90,Damenfahrrad
11100308,290,Herrenfahrrad
3601245,230,Herrenfahrrad
7300618,540,Damenfahrrad
10200417,250,Damenfahrrad
11300616,494,Damenfahrrad
3400830,1499,Herrenfahrrad
2200210,1000,Herrenfahrrad
4200310,499,Damenfahrrad
10200628,300,Kinderfahrrad
8100310,300,Herrenfahrrad
6400737,3400,Herrenfahrrad
6400839,809,Herrenfahrrad
2500729,1257,Herrenfahrrad
9200512,488,Herrenfahrrad
4501042,2000,Herrenfahrrad
9100409,300,Kinderfahrrad
4300623,498,Damenfahrrad
6200422,750,Damenfahrrad
2200213,238,Damenfahrrad
9501939,1302,Herrenfahrrad
9501838,457,Herrenfahrrad
8100314,500,Herrenfahrrad
2100104,1000,Herrenfahrrad
3601142,629,Herrenfahrrad
3300412,230,Herrenfahrrad
8100311,400,Herrenfahrrad
11400928,540,Herrenfahrrad
12400721,320,Damenfahrrad
1100206,100,Damenfahrrad
4501041,499,Damenfahrrad
3601142,330,Fahrrad
2500727,1150,Herrenfahrrad
7100206,400,Herrenfahrrad
4501146,798,Herrenfahrrad
8100311,999,Herrenfahrrad
3601243,299,Herrenfahrrad
9502043,861,Damenfahrrad
3601243,450,Damenfahrrad
7100206,100,Kinderfahrrad
1200518,300,Herrenfahrrad
2500727,600,Fahrrad
4300619,848,Damenfahrrad
7200413,475,Herrenfahrrad
1200520,454,Damenfahrrad
9100407,480,Herrenfahrrad
6300527,540,Damenfahrrad
4501042,1300,Herrenfahrrad
9100202,649,Mountainbike
4501146,400,Mountainbike
2200209,400,Damenfahrrad
11501341,499,Herrenfahrrad
7100101,1600,Damenfahrrad
4300623,1300,Fahrrad
2200211,475,Damenfahrrad
8100418,664,Kinderfahrrad
9100101,528,Damenfahrrad
8401243,400,Herrenfahrrad
2300418,220,Fahrrad
3400723,599,Fahrrad
3300411,213,Damenfahrrad
3601347,819,Damenfahrrad
9200613,799,Damenfahrrad
1300732,537,Herrenfahrrad
8200833,560,Mountainbike
1300835,1176,Damenfahrrad
7400824,800,Herrenfahrrad
1300836,2199,Herrenfahrrad
7200413,500,Damenfahrrad
2500836,1492,Fahrrad
3601243,439,Damenfahrrad
9501838,130,Damenfahrrad
7100204,1099,Damenfahrrad
2100105,1105,Herrenfahrrad
3701659,325,Rennrad
1100312,699,Herrenfahrrad
9100305,700,Herrenfahrrad
3200206,500,Kinderfahrrad
3601347,510,Herrenfahrrad
1100104,150,Fahrrad
8100521,625,Herrenfahrrad
9200715,899,Herrenfahrrad
12200515,2867,Fahrrad
6400843,600,Fahrrad
9100202,372,Herrenfahrrad
11501339,238,Fahrrad
9200511,886,Herrenfahrrad
2300315,1777,Herrenfahrrad
4500938,150,Damenfahrrad
1100310,0,Mountainbike
9200819,250,Mountainbike
4100101,600,Damenfahrrad
3300516,717,Fahrrad
1300834,1559,Fahrrad
8100208,2350,Fahrrad
6100103,900,Damenfahrrad
4300517,800,Fahrrad
9100305,379,Damenfahrrad
3601245,668,Damenfahrrad
6400735,700,Herrenfahrrad
3400827,609,Herrenfahrrad
9200819,753,Herrenfahrrad
6400735,700,Mountainbike
11300617,300,Herrenfahrrad
7501030,317,Damenfahrrad
2200208,665,Damenfahrrad
2400522,1169,Herrenfahrrad
1100103,200,Herrenfahrrad
1300733,2298,Herrenfahrrad
9100101,250,Fahrrad
6100102,629,Fahrrad
6300632,552,Damenfahrrad
4200308,400,Herrenfahrrad
3701555,802,Herrenfahrrad
4501146,997,Herrenfahrrad
2200211,1099,Herrenfahrrad
6100102,559,Fahrrad
6400735,1075,Herrenfahrrad
9200818,750,Herrenfahrrad
9200818,490,Herrenfahrrad
1300732,800,Herrenfahrrad
7300516,2587,Herrenfahrrad
12601235,350,Herrenfahrrad
2400520,600,Herrenfahrrad
2400623,1000,Herrenfahrrad
1200623,3999,Fahrrad
8100311,400,Herrenfahrrad
7100205,599,Herrenfahrrad
5100103,298,Damenfahrrad
7100103,782,Herrenfahrrad
6400737,3400,Herrenfahrrad
6400735,558,Herrenfahrrad
12601235,448,Damenfahrrad
1400942,1900,Herrenfahrrad
2300417,742,Damenfahrrad
3601452,260,Fahrrad
6400842,100,Herrenfahrrad
12100102,606,Herrenfahrrad
4300622,694,Damenfahrrad
11300620,300,Fahrrad
2200213,700,Herrenfahrrad
7200409,569,Herrenfahrrad
4501147,1240,Rennrad
4200207,1600,Herrenfahrrad
2500832,1000,Herrenfahrrad
3400830,2347,divers
3601244,90,Damenfahrrad
10100313,690,Herrenfahrrad
7200307,510,Herrenfahrrad
3601244,800,Damenfahrrad
4400833,499,Damenfahrrad
6400735,639,Damenfahrrad
4400833,499,Damenfahrrad
7400720,379,Herrenfahrrad
1200626,927,Damenfahrrad
3400725,600,Mountainbike
9501737,200,Damenfahrrad
6300526,799,Herrenfahrrad
2200210,600,Mountainbike
1100416,439,Damenfahrrad
12100101,850,Damenfahrrad
12500928,333,Damenfahrrad
7300516,1654,Damenfahrrad
11401137,200,Fahrrad
5200633,409,Damenfahrrad
6400839,200,Herrenfahrrad
1100415,1255,Rennrad
5300841,332,Mountainbike
2500726,345,Kinderfahrrad
1100207,250,Herrenfahrrad
1400937,480,Damenfahrrad
2100106,1250,Herrenfahrrad
2200211,1199,Herrenfahrrad
9300922,538,Damenfahrrad
6400735,550,Herrenfahrrad
4501146,600,Damenfahrrad
3400826,539,Damenfahrrad
7400826,536,Damenfahrrad
1300834,199,Kinderfahrrad
4501150,459,Damenfahrrad
2200212,1100,Herrenfahrrad
2200207,250,Damenfahrrad
9100101,450,Herrenfahrrad
3400722,868,Herrenfahrrad
6100103,1500,Herrenfahrrad
9200716,799,Herrenfahrrad
3601452,450,Damenfahrrad
9200613,999,Herrenfahrrad
1300834,400,Herrenfahrrad
3400830,900,Herrenfahrrad
3701658,2988,Herrenfahrrad
11401032,950,Fahrrad
2400623,830,Fahrrad
10300734,302,Damenfahrrad
3601244,200,Herrenfahrrad
8100207,604,Damenfahrrad
9200613,530,Damenfahrrad
11501340,3299,Herrenfahrrad
6200422,2650,Herrenfahrrad
2300316,3006,Herrenfahrrad
8401244,398,Herrenfahrrad
1200517,544,Herrenfahrrad
11401137,130,Herrenfahrrad
1100312,380,Herrenfahrrad
2100102,480,Damenfahrrad
3400826,1560,Herrenfahrrad
2400625,3000,Fahrrad
4501152,295,Damenfahrrad
7501030,400,Mountainbike
4300621,799,Herrenfahrrad
3400722,2500,Herrenfahrrad
4501041,539,Damenfahrrad
7300618,80,Herrenfahrrad
3300411,1060,Herrenfahrrad
11100307,200,Damenfahrrad
2100105,182,Herrenfahrrad
2400520,967,Damenfahrrad
9301024,50,Herrenfahrrad
3500935,600,Damenfahrrad
4501043,500,Herrenfahrrad
9100409,260,Damenfahrrad
2200210,1,Mountainbike
3601142,399,Herrenfahrrad
9200512,389,Damenfahrrad
2200211,1718,Herrenfahrrad
1100312,400,Damenfahrrad
4300518,450,Damenfahrrad
3200206,407,Damenfahrrad
12601235,100,Damenfahrrad
3500932,2000,Mountainbike
3500933,60,Mountainbike
1300731,4070,Herrenfahrrad
11501340,842,Damenfahrrad
11300617,400,Damenfahrrad
4501146,1100,Herrenfahrrad
6100103,844,Herrenfahrrad
2200212,1300,Rennrad
11400928,564,Herrenfahrrad
3500934,476,Herrenfahrrad
11200514,249,Damenfahrrad
3400827,800,Herrenfahrrad
8100105,499,Herrenfahrrad
4501153,3000,Fahrrad
3501038,450,Mountainbike
2200209,339,Kinderfahrrad
6400737,4699,Herrenfahrrad
10100205,2878,Herrenfahrrad
3601449,500,Damenfahrrad
9401635,300,Herrenfahrrad
8100419,600,Damenfahrrad
11400929,410,Herrenfahrrad
4501043,890,Herrenfahrrad
1100415,600,Mountainbike
7300619,449,Herrenfahrrad
9501939,3200,Damenfahrrad
8100312,120,Herrenfahrrad
6400737,5150,Herrenfahrrad
8100312,7420,Herrenfahrrad
9100304,974,Fahrrad
1100310,6200,Fahrrad
7300517,530,Herrenfahrrad
1100310,1356,Herrenfahrrad
5100316,359,Herrenfahrrad
8401244,220,Herrenfahrrad
4501147,352,Herrenfahrrad
1100312,3070,Rennrad
11501341,500,Damenfahrrad
11501341,999,Damenfahrrad
7100204,704,Herrenfahrrad
8100102,2899,Fahrrad
3400723,500,Herrenfahrrad
2300419,1090,Herrenfahrrad
1200624,350,Herrenfahrrad
9100101,1114,Herrenfahrrad
12601031,326,Herrenfahrrad
2300315,1400,Herrenfahrrad
9200510,869,Rennrad
3400722,1099,Herrenfahrrad
11100308,404,Herrenfahrrad
4501045,350,Herrenfahrrad
7300515,645,Damenfahrrad
1200518,240,Herrenfahrrad
6400735,500,Herrenfahrrad
7300618,535,Fahrrad
4300416,1130,Herrenfahrrad
3701659,100,Fahrrad
2400521,730,Fahrrad
3701556,1400,Fahrrad
3400830,533,Herrenfahrrad
3601453,250,Damenfahrrad
7300516,1392,Herrenfahrrad
3400725,150,Damenfahrrad
3601243,1299,Fahrrad
1100207,200,Damenfahrrad
6200422,588,Damenfahrrad
2200211,800,Damenfahrrad
6300630,779,Herrenfahrrad
1200623,2000,Herrenfahrrad
8100415,120,Herrenfahrrad
7400927,799,Damenfahrrad
4300518,622,Damenfahrrad
1100101,200,Herrenfahrrad
3200309,850,Fahrrad
1200629,1376,Herrenfahrrad
3701660,799,Herrenfahrrad
3601244,744,Herrenfahrrad
11300725,999,Herrenfahrrad
3400620,1099,Damenfahrrad
4501149,200,Damenfahrrad
3601244,624,Herrenfahrrad
3100103,500,Damenfahrrad
3400721,540,Herrenfahrrad
6200420,100,Herrenfahrrad
12100103,598,Kinderfahrrad
6300630,750,Damenfahrrad
2200211,820,Herrenfahrrad
1100102,450,Herrenfahrrad
1100310,1093,Fahrrad
2200209,289,Kinderfahrrad
9501737,999,Herrenfahrrad
1100309,1600,Rennrad
3701659,200,Fahrrad
3601243,2799,Damenfahrrad
4501044,1143,Herrenfahrrad
1400942,1300,Herrenfahrrad
5200421,999,Damenfahrrad
7400823,599,Damenfahrrad
1401043,100,Herrenfahrrad
7100101,675,Herrenfahrrad
1300730,685,Herrenfahrrad
3400619,583,Herrenfahrrad
7100206,1399,Herrenfahrrad
3601347,200,Damenfahrrad
5200421,420,Kinderfahrrad
4501042,1065,Herrenfahrrad
3400827,245,Damenfahrrad
9100101,1200,Herrenfahrrad
4501146,200,Mountainbike
1300733,1200,Herrenfahrrad
4400835,600,Damenfahrrad
6100103,1594,Herrenfahrrad
3400724,2000,Herrenfahrrad
1200519,319,Fahrrad
9100202,305,Damenfahrrad
3601347,318,divers
1200519,1675,Herrenfahrrad
11200514,844,Herrenfahrrad
3300514,438,Herrenfahrrad
2200212,749,Fahrrad
3701554,1199,Herrenfahrrad
3601243,1600,Herrenfahrrad
11200410,452,Herrenfahrrad
12200310,200,Kinderfahrrad
2400522,900,Herrenfahrrad
6400843,500,Mountainbike
4200309,750,Herrenfahrrad
3701555,700,Damenfahrrad
11501341,329,Damenfahrrad
3400830,4288,Fahrrad
5100316,550,Damenfahrrad
11100206,850,Mountainbike
7300517,1000,Herrenfahrrad
11300620,130,Fahrrad
9100407,669,Mountainbike
12100206,450,Herrenfahrrad
2200207,3300,Herrenfahrrad
7100206,800,Herrenfahrrad
11400929,1100,Herrenfahrrad
1400942,400,Herrenfahrrad
1401049,600,Herrenfahrrad
5100105,430,Damenfahrrad
8100521,1500,Fahrrad
9100101,1119,Herrenfahrrad
1400942,671,Damenfahrrad
7300618,500,Herrenfahrrad
3701555,282,Herrenfahrrad
4300620,1119,Herrenfahrrad
2400623,0,Damenfahrrad
3300516,250,Damenfahrrad
5200629,800,Damenfahrrad
1401045,90,Herrenfahrrad
1300836,200,Herrenfahrrad
12200515,300,Damenfahrrad
8100101,799,Herrenfahrrad
10100210,182,Herrenfahrrad
4300622,325,Fahrrad
7400721,339,Herrenfahrrad
4501041,627,Damenfahrrad
7601443,650,Damenfahrrad
3500934,3387,Herrenfahrrad
1100102,580,Fahrrad
2200210,299,Herrenfahrrad
1100308,750,Herrenfahrrad
4501147,4099,Damenfahrrad
8100314,3500,Herrenfahrrad
1401043,1000,Fahrrad
7400927,250,Herrenfahrrad
3400619,500,Herrenfahrrad
4300413,1710,Herrenfahrrad
1300834,1131,Damenfahrrad
4400833,550,Damenfahrrad
3601449,125,Fahrrad
1200628,1604,Damenfahrrad
2100104,450,Herrenfahrrad
1100416,600,Damenfahrrad
11501341,534,Herrenfahrrad
7400720,449,Damenfahrrad
11200410,923,Herrenfahrrad
12100205,380,Damenfahrrad
2400623,1500,Mountainbike
7300516,675,Damenfahrrad
4200309,390,Kinderfahrrad
2500832,850,Damenfahrrad
2500835,260,Damenfahrrad
4200309,374,Herrenfahrrad
3601139,237,Herrenfahrrad
1400942,450,Herrenfahrrad
7200414,829,Damenfahrrad
6100102,500,Herrenfahrrad
4500939,0,Damenfahrrad
4300415,345,Herrenfahrrad
7300618,100,Herrenfahrrad
3601451,343,Herrenfahrrad
1100102,649,Fahrrad
8401243,699,Herrenfahrrad
6300631,370,Damenfahrrad
5300841,450,Damenfahrrad
3400723,950,Herrenfahrrad
6100207,400,Damenfahrrad
9200715,600,Damenfahrrad
4501149,424,Damenfahrrad
4501148,500,Herrenfahrrad
2200207,187,Damenfahrrad
3601347,450,Fahrrad
1300834,372,Damenfahrrad
4400727,497,Herrenfahrrad
7200409,599,Damenfahrrad
8100416,400,Herrenfahrrad
7200307,4000,Fahrrad
7601547,300,Herrenfahrrad
2300419,430,Damenfahrrad
10400835,100,Herrenfahrrad
10400835,649,divers
4200311,800,Mountainbike
1401043,529,Fahrrad
7601443,650,Herrenfahrrad
1400939,1169,Herrenfahrrad
4300415,480,Fahrrad
4300622,499,Herrenfahrrad
9200715,3300,Fahrrad
9100101,4289,Herrenfahrrad
1401047,350,Herrenfahrrad
3701657,340,Herrenfahrrad
7501031,900,Damenfahrrad
7100204,487,Herrenfahrrad
3601450,966,Herrenfahrrad
8100416,80,Herrenfahrrad
4501147,2599,Damenfahrrad
7400720,200,Damenfahrrad
2400623,184,Mountainbike
2500830,677,Herrenfahrrad
8100208,520,Herrenfahrrad
12500824,130,Damenfahrrad
5200629,799,Mountainbike
2200210,150,Damenfahrrad
3400826,473,Mountainbike
2200211,675,Herrenfahrrad
1100415,200,Kinderfahrrad
3400721,700,Damenfahrrad
11100307,860,Damenfahrrad
3701659,600,Herrenfahrrad
8100417,200,Fahrrad
3701556,50,Damenfahrrad
3200309,2000,divers
11300722,500,Fahrrad
8100417,500,Herrenfahrrad
9200818,288,Damenfahrrad
9200511,550,Damenfahrrad
11200411,450,Fahrrad
5300737,500,Herrenfahrrad
11100204,519,Fahrrad
12200307,400,Damenfahrrad
1300733,1299,Rennrad
6400735,999,Herrenfahrrad
2200210,549,Damenfahrrad
8200623,1200,Damenfahrrad
12500926,100,Mountainbike
2300417,120,Damenfahrrad
4200309,453,Damenfahrrad
4300623,1400,Herrenfahrrad
1100310,246,Herrenfahrrad
8100209,393,Herrenfahrrad
4501040,1150,Herrenfahrrad
4300622,934,Damenfahrrad
1200626,584,Damenfahrrad
3501037,350,Damenfahrrad
4300413,390,Kinderfahrrad
2200211,1000,Herrenfahrrad
9100101,551,Herrenfahrrad
4501042,1000,Herrenfahrrad
4200309,300,Damenfahrrad
6100207,856,Damenfahrrad
8100417,800,Damenfahrrad
3100101,400,Damenfahrrad
3701660,2999,Herrenfahrrad
6200421,399,Herrenfahrrad
9401431,400,Damenfahrrad
2200210,695,Damenfahrrad
9100408,1300,Herrenfahrrad
6100206,478,Damenfahrrad
1300731,520,Damenfahrrad
12100205,1400,Herrenfahrrad
7100103,1592,Damenfahrrad
4300413,861,Herrenfahrrad
11501340,894,Herrenfahrrad
9200511,573,Herrenfahrrad
3601244,700,Herrenfahrrad
7501134,269,Herrenfahrrad
3500934,300,Damenfahrrad
9501940,260,Mountainbike
4300517,599,Damenfahrrad
2200213,330,Rennrad
4400835,600,Damenfahrrad
1300733,150,Mountainbike
6200313,2074,Herrenfahrrad
3400721,431,Damenfahrrad
3300411,194,Kinderfahrrad
1100311,850,Herrenfahrrad
1200520,380,Herrenfahrrad
9200511,920,Damenfahrrad
7400927,322,Damenfahrrad
8401243,335,Herrenfahrrad
8401243,230,Damenfahrrad
1100310,850,Fahrrad
11501341,999,Herrenfahrrad
3701658,650,Herrenfahrrad
2100104,454,Herrenfahrrad
6400839,359,Herrenfahrrad
2400625,599,Herrenfahrrad
4501041,339,Herrenfahrrad
4400834,250,Damenfahrrad
3601449,550,Herrenfahrrad
2500831,600,Herrenfahrrad
9200715,191,Fahrrad
3601141,750,Fahrrad
3601140,300,Herrenfahrrad
1401047,1050,Herrenfahrrad
3701554,1000,Herrenfahrrad
7501133,280,Herrenfahrrad
6400844,1710,divers
9501838,449,Herrenfahrrad
6100206,400,Herrenfahrrad
2200211,629,Herrenfahrrad
3300514,380,Damenfahrrad
6100102,706,Herrenfahrrad
7100204,2899,Damenfahrrad
5400944,909,Fahrrad
1100312,100,Fahrrad
2300315,370,Damenfahrrad
9501939,701,Herrenfahrrad
6300526,239,Damenfahrrad
4500937,849,Herrenfahrrad
4300622,899,Herrenfahrrad
12400721,543,Fahrrad
2200207,499,Herrenfahrrad
6100209,643,Herrenfahrrad
7501133,440,Kinderfahrrad
8100208,120,Kinderfahrrad
3400723,379,Damenfahrrad
7400927,860,Fahrrad
4500937,425,Kinderfahrrad
10400836,668,Herrenfahrrad
3300514,350,Herrenfahrrad
6400842,799,Herrenfahrrad
4300623,400,Damenfahrrad
10400835,750,Damenfahrrad
9501940,540,Herrenfahrrad
6200312,399,Damenfahrrad
2500729,1000,Damenfahrrad
8100314,1179,Herrenfahrrad
4300624,1088,Herrenfahrrad
5100316,1490,Herrenfahrrad
9301025,265,Damenfahrrad
5400943,1258,Damenfahrrad
11401034,2350,Herrenfahrrad
10400835,300,Damenfahrrad
7400927,1900,Mountainbike
4500938,600,Damenfahrrad
6200312,1262,Damenfahrrad
2100102,2500,Herrenfahrrad
11100307,400,Fahrrad
5400943,1530,Herrenfahrrad
4501042,950,Damenfahrrad
8100417,1050,Damenfahrrad
7200308,250,Herrenfahrrad
4300416,398,Damenfahrrad
2200207,500,Kinderfahrrad
3400721,1074,Fahrrad
2100106,550,Herrenfahrrad
4501146,900,Damenfahrrad
11200512,806,Damenfahrrad
7601238,990,Herrenfahrrad
8100207,300,Herrenfahrrad
12500926,590,Damenfahrrad
3500935,1580,Mountainbike
3601347,3000,Fahrrad
4500939,730,Damenfahrrad
3601245,1204,Herrenfahrrad
8100101,560,Herrenfahrrad
8401243,300,Mountainbike
11300722,800,Damenfahrrad
1100101,273,Fahrrad
5400943,500,Damenfahrrad
3601139,868,Herrenfahrrad
9100101,400,Herrenfahrrad
12500825,553,Damenfahrrad
8100208,2500,Herrenfahrrad
1400938,849,Herrenfahrrad
4300416,600,Damenfahrrad
11501339,2800,Damenfahrrad
3300412,899,Herrenfahrrad
3300412,230,Damenfahrrad
4501045,1570,Herrenfahrrad
2300316,500,Fahrrad
8100310,1000,Herrenfahrrad
8100418,562,Herrenfahrrad
2500834,1299,Herrenfahrrad
3100101,329,Damenfahrrad
8100208,900,Herrenfahrrad
7200409,699,Herrenfahrrad
1400940,200,Damenfahrrad
11200512,500,Damenfahrrad
7100204,579,Herrenfahrrad
8100208,500,Herrenfahrrad
3601245,1126,Herrenfahrrad
2300315,1194,Herrenfahrrad
12400720,1266,Herrenfahrrad
4500938,479,Damenfahrrad
7501134,424,Damenfahrrad
7200308,300,Damenfahrrad
6200312,200,Damenfahrrad
2500834,468,Damenfahrrad
12601134,398,Mountainbike
2300419,1000,Herrenfahrrad
10400939,799,Herrenfahrrad
9300923,160,Kinderfahrrad
10100312,299,Damenfahrrad
10100312,299,Damenfahrrad
7100206,615,Damenfahrrad
2200210,420,Herrenfahrrad
3601245,250,Kinderfahrrad
4300416,900,Herrenfahrrad
1300733,1089,Herrenfahrrad
4300416,515,Damenfahrrad
11501340,400,Damenfahrrad
4500938,250,Herrenfahrrad
9100304,922,Fahrrad
1200628,1985,Herrenfahrrad
9200715,1950,Herrenfahrrad
6300526,3100,Herrenfahrrad
2400522,905,Damenfahrrad
5100211,600,Mountainbike
11400929,670,Herrenfahrrad
8100312,300,Herrenfahrrad
3701659,338,Herrenfahrrad
1100308,999,Herrenfahrrad
12200412,410,Damenfahrrad
1200628,250,Herrenfahrrad
11401032,338,Fahrrad
2500726,2699,Herrenfahrrad
9401534,1099,Herrenfahrrad
10100311,200,Herrenfahrrad
3400724,500,Herrenfahrrad
8300934,623,Damenfahrrad
9501838,499,Damenfahrrad
3200205,333,Damenfahrrad
6300526,399,Herrenfahrrad
9100101,1500,Herrenfahrrad
9200819,1545,Herrenfahrrad
11501238,500,Herrenfahrrad
3601452,150,Herrenfahrrad
6300634,840,Herrenfahrrad
11401137,434,Damenfahrrad
2400623,500,Mountainbike
4501042,1550,Herrenfahrrad
7601544,470,Herrenfahrrad
1200626,1100,Herrenfahrrad
5200629,840,Mountainbike
1100415,1000,Herrenfahrrad
4300416,198,Fahrrad
2100106,500,Damenfahrrad
3400826,578,Herrenfahrrad
2300419,1400,Herrenfahrrad
4501149,780,Herrenfahrrad
3400619,834,Mountainbike
5300840,300,Herrenfahrrad
3400826,599,Herrenfahrrad
1100206,850,Herrenfahrrad
7200409,700,Herrenfahrrad
1100309,399,Damenfahrrad
2200213,150,Fahrrad
1100414,524,Fahrrad
4500939,200,Damenfahrrad
1100102,700,divers
4501148,350,Herrenfahrrad
3701554,3400,Fahrrad
1100308,1500,Rennrad
9200613,659,Herrenfahrrad
5100315,210,Mountainbike
12100102,449,Herrenfahrrad
6100206,540,Herrenfahrrad
3601348,400,Fahrrad
1400938,5415,Herrenfahrrad
1100416,430,Damenfahrrad
6300632,1598,Herrenfahrrad
3400826,559,Mountainbike
2200213,1557,Fahrrad
5100104,298,Herrenfahrrad
3400826,644,Damenfahrrad
6400844,700,Damenfahrrad
2100106,378,Fahrrad
9200818,500,Kinderfahrrad
4501042,550,Herrenfahrrad
11501341,390,Kinderfahrrad
6400735,350,Fahrrad
2200212,150,Damenfahrrad
3400723,680,Herrenfahrrad
2200212,280,Kinderfahrrad
9501737,1119,Fahrrad
1100309,850,Herrenfahrrad
1100415,212,Damenfahrrad
9100101,524,Kinderfahrrad
3601141,250,Herrenfahrrad
7200409,120,Kinderfahrrad
7300516,399,Damenfahrrad
3601142,552,Herrenfahrrad
9100101,500,Damenfahrrad
8100418,1229,divers
5100101,458,Damenfahrrad
8100206,272,Herrenfahrrad
11400929,699,Herrenfahrrad
9100304,299,Herrenfahrrad
2300419,100,Damenfahrrad
3400721,300,Herrenfahrrad
2300419,1018,Herrenfahrrad
4501042,840,Herrenfahrrad
1401043,700,Fahrrad
11501238,1708,Herrenfahrrad
1300733,300,Damenfahrrad
9501940,487,Fahrrad
9300923,300,Herrenfahrrad
7100204,568,Herrenfahrrad
9300920,449,Mountainbike
9300920,586,Damenfahrrad
9300920,580,Herrenfahrrad
3601348,796,Herrenfahrrad
11200514,269,Damenfahrrad
8100418,769,Herrenfahrrad
6100208,614,Kinderfahrrad
5200421,280,Kinderfahrrad
8100417,480,Damenfahrrad
9200613,1300,Damenfahrrad
12400720,1280,divers
2200211,960,Damenfahrrad
3601449,400,Herrenfahrrad
9300920,249,Kinderfahrrad
4501150,300,Herrenfahrrad
11501340,370,Damenfahrrad
3400721,1077,Herrenfahrrad
11100102,215,Herrenfahrrad
11200410,299,Fahrrad
3701555,1099,Herrenfahrrad
2300314,1000,Fahrrad
9100101,300,Herrenfahrrad
2200212,325,Kinderfahrrad
3601142,451,Herrenfahrrad
11401034,900,Herrenfahrrad
10100311,487,Damenfahrrad
4400727,999,Fahrrad
3601142,1159,Herrenfahrrad
4501043,631,Damenfahrrad
2500832,1099,Fahrrad
1200623,250,Herrenfahrrad
4501042,850,Damenfahrrad
7400927,900,Damenfahrrad
9501940,459,Damenfahrrad
11501341,300,Kinderfahrrad
6100102,500,Damenfahrrad
1100206,299,Damenfahrrad
7501030,325,Damenfahrrad
9200818,1197,Herrenfahrrad
7601544,298,Damenfahrrad
3300412,300,Damenfahrrad
11400927,800,Herrenfahrrad
1300730,750,Damenfahrrad
3601245,500,Herrenfahrrad
2500833,650,Rennrad
1100102,2270,Damenfahrrad
8100206,850,Herrenfahrrad
3400723,400,Fahrrad
4300624,700,Fahrrad
3601244,699,Damenfahrrad
12601032,160,Fahrrad
2500833,500,Herrenfahrrad
9100101,1500,Herrenfahrrad
3701556,500,Herrenfahrrad
3701555,550,Herrenfahrrad
12400618,600,Damenfahrrad
3601139,100,Damenfahrrad
8100313,350,Herrenfahrrad
2300314,1070,Herrenfahrrad
2100101,130,Damenfahrrad
12500824,360,Herrenfahrrad
3701555,438,Damenfahrrad
3701556,1000,Herrenfahrrad
2200211,2920,Herrenfahrrad
6100206,499,Damenfahrrad
9100101,1292,Herrenfahrrad
8100105,1596,Damenfahrrad
3701660,600,Herrenfahrrad
3400725,545,Damenfahrrad
1100310,400,Rennrad
9200818,1300,Herrenfahrrad
8200727,1,divers
1100313,549,Herrenfahrrad
9501939,399,Damenfahrrad
2200211,100,Herrenfahrrad
12200308,424,Herrenfahrrad
1401045,399,Damenfahrrad
2500727,150,Herrenfahrrad
1200623,249,Herrenfahrrad
9300922,1400,Herrenfahrrad
3400619,445,Damenfahrrad
1200517,933,Herrenfahrrad
4501147,1199,Fahrrad
4501149,924,Herrenfahrrad
8401243,430,Herrenfahrrad
8100314,1450,Herrenfahrrad
1100311,550,Herrenfahrrad
7100103,250,Damenfahrrad
11300725,659,Herrenfahrrad
8100102,216,Herrenfahrrad
3701554,820,Herrenfahrrad
10100314,900,Damenfahrrad
3601142,280,Kinderfahrrad
11501238,868,Herrenfahrrad
2200212,609,Herrenfahrrad
1100308,380,Herrenfahrrad
3601346,499,Kinderfahrrad
4300416,500,Damenfahrrad
7300515,893,Fahrrad
9502042,399,Damenfahrrad
1100312,613,Herrenfahrrad
2300417,100,Damenfahrrad
8100101,1136,Herrenfahrrad
10200423,299,Fahrrad
2100102,300,Herrenfahrrad
2300417,433,Herrenfahrrad
3701556,499,Damenfahrrad
7601546,500,Damenfahrrad
4300623,649,Damenfahrrad
2300419,500,Herrenfahrrad
7200308,530,Herrenfahrrad
12100206,300,Herrenfahrrad
1100104,1999,Damenfahrrad
6400844,434,Kinderfahrrad
9100304,800,Herrenfahrrad
1400942,2950,Damenfahrrad
1400942,400,Herrenfahrrad
4500936,1078,Herrenfahrrad
1300731,350,Herrenfahrrad
6100101,734,Herrenfahrrad
9100408,292,Damenfahrrad
1100102,1099,Herrenfahrrad
3701555,200,Herrenfahrrad
7100103,750,Herrenfahrrad
6400735,660,Herrenfahrrad
1100104,299,Fahrrad
4500938,800,Herrenfahrrad
10200627,430,Kinderfahrrad
3701660,2280,Herrenfahrrad
3601139,600,Herrenfahrrad
4300619,1099,Herrenfahrrad
4501045,1000,Herrenfahrrad
6100101,2000,Rennrad
12400619,707,Damenfahrrad
9100101,407,Herrenfahrrad
2200209,822,Fahrrad
2500729,1800,Fahrrad
7200413,819,Herrenfahrrad
9501940,90,Fahrrad
12400618,799,Herrenfahrrad
4501149,520,Herrenfahrrad
11400928,2800,Fahrrad
3601453,904,Herrenfahrrad
11300722,1118,Herrenfahrrad
7400825,519,Herrenfahrrad
4300624,700,Herrenfahrrad
2200210,350,Herrenfahrrad
4300623,400,Herrenfahrrad
1100310,992,Herrenfahrrad
3400723,1200,Mountainbike
10300732,469,Mountainbike
7100204,458,Damenfahrrad
8200624,558,Herrenfahrrad
1100309,599,Damenfahrrad
3500936,2800,Fahrrad
9200613,3000,Damenfahrrad
1200518,734,Damenfahrrad
8100415,209,Mountainbike
2200207,1119,Damenfahrrad
3601141,1750,Herrenfahrrad
1401046,348,Damenfahrrad
9501737,599,Damenfahrrad
1100102,1200,Herrenfahrrad
3400724,1999,Herrenfahrrad
7100101,1000,Fahrrad
8300934,250,Damenfahrrad
4400832,290,Kinderfahrrad
3500936,700,Damenfahrrad
1100206,799,Damenfahrrad
5100317,399,Damenfahrrad
4501045,600,Damenfahrrad
1100309,600,Herrenfahrrad
9100407,1350,Herrenfahrrad
4300619,100,Damenfahrrad
12200515,272,Herrenfahrrad
2200213,100,Herrenfahrrad
1100104,630,Herrenfahrrad
1300835,1044,Herrenfahrrad
4400834,999,Herrenfahrrad
3400724,550,Damenfahrrad
2300418,700,Damenfahrrad
4300414,4200,Fahrrad
2400624,50,Rennrad
2400623,0,Herrenfahrrad
11100307,760,Fahrrad
1200625,300,Herrenfahrrad
2400625,600,Herrenfahrrad
2400623,1000,Herrenfahrrad
2500835,600,Damenfahrrad
9200613,735,Mountainbike
4400835,638,Herrenfahrrad
2400521,1100,Herrenfahrrad
3601139,926,Herrenfahrrad
2100101,1139,Damenfahrrad
5100208,499,Damenfahrrad
5100208,499,Herrenfahrrad
1100207,400,Herrenfahrrad
8100310,775,Herrenfahrrad
3701556,670,Herrenfahrrad
9501940,660,Herrenfahrrad
12200307,750,Herrenfahrrad
9200512,280,Herrenfahrrad
12200515,4600,Mountainbike
8100415,150,Herrenfahrrad
3100101,529,Damenfahrrad
1200522,1000,Herrenfahrrad
1401046,250,Herrenfahrrad
11400929,200,Mountainbike
9200717,533,Herrenfahrrad
8100103,599,Herrenfahrrad
8200832,352,Damenfahrrad
1100310,820,Fahrrad
7100206,840,Herrenfahrrad
2300419,250,Damenfahrrad
7300515,447,Herrenfahrrad
1100309,600,Herrenfahrrad
7300619,977,Damenfahrrad
11200514,399,Damenfahrrad
2300315,100,Damenfahrrad
11501340,500,Kinderfahrrad
3601140,800,divers
10300732,250,Herrenfahrrad
3601346,479,Herrenfahrrad
3601453,563,Herrenfahrrad
11300725,999,Herrenfahrrad
7300517,430,Herrenfahrrad
6200422,550,Damenfahrrad
1300834,822,Herrenfahrrad
2500834,928,Herrenfahrrad
6300527,520,Damenfahrrad
1401048,615,Damenfahrrad
3601346,800,Herrenfahrrad
6400737,900,Damenfahrrad
9100408,260,Herrenfahrrad
2500830,180,Fahrrad
1300835,1,Damenfahrrad
1200519,1,Herrenfahrrad
9502042,700,Herrenfahrrad
3601245,600,Rennrad
12400723,388,Damenfahrrad
1100313,522,Damenfahrrad
11400928,563,Kinderfahrrad
9100101,400,Rennrad
9200613,760,Herrenfahrrad
7300618,850,Herrenfahrrad
6400737,600,Damenfahrrad
6300633,590,Fahrrad
1100311,999,Damenfahrrad
10100208,340,Damenfahrrad
9200613,830,Herrenfahrrad
6100101,529,Herrenfahrrad
5200527,200,Kinderfahrrad
8100209,538,Fahrrad
6300629,579,Damenfahrrad
11100102,600,Herrenfahrrad
6300630,600,Fahrrad
4501043,580,Kinderfahrrad
4501042,1867,Herrenfahrrad
3601348,859,Herrenfahrrad
4500937,1100,Herrenfahrrad
4501043,1099,Herrenfahrrad
2300417,849,Herrenfahrrad
9200613,650,Herrenfahrrad
9200613,1199,Herrenfahrrad
9200613,551,Herrenfahrrad
1100206,350,Damenfahrrad
6100204,833,Herrenfahrrad
2100103,3615,Herrenfahrrad
6100207,871,Herrenfahrrad
2500831,219,Damenfahrrad
11100309,904,Damenfahrrad
9502042,3499,Herrenfahrrad
3601346,1022,Damenfahrrad
5100210,269,Herrenfahrrad
9301126,549,Mountainbike
2200212,916,Herrenfahrrad
4300623,2083,Herrenfahrrad
6100102,391,Damenfahrrad
3400827,350,Kinderfahrrad
2300315,749,Mountainbike
1100309,2270,Herrenfahrrad
8100101,900,Herrenfahrrad
7400823,400,Herrenfahrrad
1100205,749,Damenfahrrad
6200313,500,Herrenfahrrad
12601134,660,Herrenfahrrad
6300527,499,Damenfahrrad
3601142,539,Damenfahrrad
3400826,629,Herrenfahrrad
3601142,679,Kinderfahrrad
1200624,500,Herrenfahrrad
3701659,652,Damenfahrrad
12100103,250,Damenfahrrad
12100103,150,Kinderfahrrad
6100102,1199,Damenfahrrad
12400723,509,Fahrrad
11200410,450,Damenfahrrad
6200313,650,Herrenfahrrad
6400735,400,divers
11300619,200,Herrenfahrrad
1401046,1333,Fahrrad
9100305,350,Damenfahrrad
1100313,600,Fahrrad
7100103,292,Herrenfahrrad
6200423,950,Damenfahrrad
2500835,375,Herrenfahrrad
8100311,589,Damenfahrrad
6200313,335,Kinderfahrrad
2100106,380,Damenfahrrad
8100102,530,Damenfahrrad
3400619,200,Damenfahrrad
1100207,320,Herrenfahrrad
6300528,499,Herrenfahrrad
3601140,699,Herrenfahrrad
11401034,450,Herrenfahrrad
9100203,70,Mountainbike
1200625,312,Herrenfahrrad
2500835,1750,Herrenfahrrad
4300416,1000,Herrenfahrrad
3601245,1199,Fahrrad
3601244,350,Damenfahrrad
6100102,2000,Damenfahrrad
11400927,4270,Fahrrad
8100419,800,Fahrrad
2300315,1000,Fahrrad
9501939,499,Damenfahrrad
2200211,760,Herrenfahrrad
12500824,599,Damenfahrrad
3601244,350,Damenfahrrad
3701555,1040,Herrenfahrrad
1200519,100,Herrenfahrrad
1300732,499,Kinderfahrrad
3601142,950,Damenfahrrad
11300616,800,Herrenfahrrad
1200519,1,Damenfahrrad
4400835,500,Herrenfahrrad
8100313,500,Damenfahrrad
2400623,1500,Herrenfahrrad
4300416,599,Herrenfahrrad
3701555,998,Damenfahrrad
11200514,409,Mountainbike
3400721,1500,Herrenfahrrad
2200209,250,Herrenfahrrad
4200308,1064,Damenfahrrad
3400721,350,Herrenfahrrad
1200521,2152,divers
9100101,809,Herrenfahrrad
1100309,2075,Herrenfahrrad
1401047,410,Rennrad
1400939,330,Damenfahrrad
12500928,399,Damenfahrrad
2200213,500,Herrenfahrrad
7100101,390,divers
2300419,425,Kinderfahrrad
3601139,758,Damenfahrrad
4501042,2640,Fahrrad
6100102,4170,Damenfahrrad
10100208,55,divers
7200410,2899,Herrenfahrrad
12200412,500,Fahrrad
3100103,340,Herrenfahrrad
1400942,299,Herrenfahrrad
6400737,515,Damenfahrrad
1200624,888,Damenfahrrad
2200213,407,Herrenfahrrad
6100103,250,Damenfahrrad
4200311,400,Fahrrad
4300414,400,Herrenfahrrad
6300527,1100,Damenfahrrad
6300528,0,Damenfahrrad
9200715,3000,Herrenfahrrad
1401046,528,Herrenfahrrad
9200715,649,Herrenfahrrad
4300414,844,Damenfahrrad
3701554,280,Damenfahrrad
4400835,1592,Damenfahrrad
11100307,699,Damenfahrrad
1100416,1035,Herrenfahrrad
6100103,1100,Herrenfahrrad
4400835,1249,Damenfahrrad
9200715,3543,Herrenfahrrad
11501238,800,Damenfahrrad
3400724,1099,Fahrrad
1100205,1000,Fahrrad
2100104,240,Herrenfahrrad
3601244,300,Damenfahrrad
4501148,599,Herrenfahrrad
8100208,790,Damenfahrrad
2300419,400,Herrenfahrrad
12400721,150,Fahrrad
11501340,499,Damenfahrrad
1200623,493,Damenfahrrad
8100314,405,Damenfahrrad
5100316,996,Damenfahrrad
6100103,200,Damenfahrrad
1300730,400,Herrenfahrrad
3601243,559,Damenfahrrad
2300417,800,Herrenfahrrad
2200211,428,Herrenfahrrad
4300624,1050,Herrenfahrrad
1100311,520,Damenfahrrad
8301037,480,Herrenfahrrad
1200520,667,Herrenfahrrad
8100312,350,Herrenfahrrad
2400625,3500,Herrenfahrrad
11300618,260,Damenfahrrad
5100316,500,Fahrrad
1200623,940,Herrenfahrrad
7300515,500,Damenfahrrad
11300618,2239,Damenfahrrad
3400722,1300,Damenfahrrad
2200210,700,Damenfahrrad
4501044,2700,Herrenfahrrad
4300415,259,Kinderfahrrad
1200519,700,Damenfahrrad
8100312,3000,Rennrad
11501341,370,Damenfahrrad
8100102,1,Herrenfahrrad
1200522,1799,Fahrrad
4501148,1141,Damenfahrrad
9200715,999,Herrenfahrrad
4300623,1483,Damenfahrrad
1200627,759,Herrenfahrrad
4501041,398,Herrenfahrrad
10400941,1750,divers
3300516,299,Herrenfahrrad
3400725,250,divers
4300620,2600,Damenfahrrad
2200207,418,Herrenfahrrad
4300414,180,Damenfahrrad
1300834,156,Mountainbike
3601243,973,Damenfahrrad
9100101,550,Herrenfahrrad
8100103,30,Herrenfahrrad
1400937,599,Herrenfahrrad
4300620,425,Damenfahrrad
12400720,750,Herrenfahrrad
2500726,620,Fahrrad
2200210,250,Kinderfahrrad
1100415,549,Damenfahrrad
2400623,700,Herrenfahrrad
1300836,482,Damenfahrrad
3601453,1100,Herrenfahrrad
5200632,499,Damenfahrrad
3400723,100,Damenfahrrad
9200613,90,Fahrrad
3400724,800,Damenfahrrad
9501736,418,Fahrrad
2500832,333,Damenfahrrad
1300733,2779,Herrenfahrrad
9501737,1989,Damenfahrrad
4501041,1199,Herrenfahrrad
6400843,480,Herrenfahrrad
2300417,700,Kinderfahrrad
6100102,4399,Fahrrad
3400827,370,Herrenfahrrad
4300415,450,Damenfahrrad
2200210,950,Damenfahrrad
11400930,380,Herrenfahrrad
3601142,700,Herrenfahrrad
4300622,894,Fahrrad
4300414,345,Fahrrad
9501940,860,Herrenfahrrad
1100312,784,Herrenfahrrad
3400826,299,Herrenfahrrad
8100314,300,Fahrrad
11501340,200,Kinderfahrrad
1200522,1199,Herrenfahrrad
10100312,650,Herrenfahrrad
3601348,300,divers
1100310,1000,Mountainbike
9501940,801,Herrenfahrrad
1200522,1749,Herrenfahrrad
1300733,729,Damenfahrrad
11501340,448,Kinderfahrrad
2300417,499,Damenfahrrad
2400521,405,Damenfahrrad
1401048,465,Herrenfahrrad
1100308,650,Damenfahrrad
9200613,350,Damenfahrrad
8200622,399,Damenfahrrad
3601243,702,Damenfahrrad
1300732,522,Herrenfahrrad
3601244,810,Damenfahrrad
2200211,800,Herrenfahrrad
2400624,380,Herrenfahrrad
8200726,400,Herrenfahrrad
7200308,1867,divers
2500728,649,Herrenfahrrad
5100316,289,Herrenfahrrad
7400822,1666,Herrenfahrrad
8100209,700,Fahrrad
4200206,800,Herrenfahrrad
1100102,1299,Herrenfahrrad
12200515,3000,Herrenfahrrad
7100102,332,Herrenfahrrad
2400520,200,Damenfahrrad
4500937,1125,Damenfahrrad
1100102,700,Herrenfahrrad
4400835,1099,Herrenfahrrad
9100101,550,Herrenfahrrad
1100312,2478,Herrenfahrrad
2500835,260,Damenfahrrad
1300732,3029,Fahrrad
9200613,1498,Herrenfahrrad
6300526,650,Herrenfahrrad
8100418,550,Herrenfahrrad
1400938,4500,Herrenfahrrad
7601545,100,Damenfahrrad
12500927,50,Mountainbike
5300839,550,Damenfahrrad
3701556,1150,Herrenfahrrad
9200715,1000,Herrenfahrrad
8100103,150,Herrenfahrrad
5300736,1100,Herrenfahrrad
2200208,849,Herrenfahrrad
6400842,598,Herrenfahrrad
2100104,1960,Herrenfahrrad
4400727,422,Mountainbike
7100101,750,Mountainbike
2500830,1133,Damenfahrrad
1100416,519,Herrenfahrrad
4501042,640,Fahrrad
1300732,892,Damenfahrrad
1100313,799,Damenfahrrad
1100313,833,Herrenfahrrad
1300835,599,Herrenfahrrad
1401046,1020,Damenfahrrad
2500836,2900,Damenfahrrad
3601347,730,Herrenfahrrad
1401048,158,Damenfahrrad
1100207,1950,Herrenfahrrad
7400720,460,Damenfahrrad
5100211,535,Mountainbike
1300732,100,Fahrrad
4300416,826,Damenfahrrad
9200613,498,Mountainbike
12601133,700,Herrenfahrrad
5100208,449,Fahrrad
2300419,350,Fahrrad
9200613,600,Herrenfahrrad
3601449,560,Damenfahrrad
7200414,800,Damenfahrrad
4501043,640,Fahrrad
3601346,350,Damenfahrrad
3500936,400,Damenfahrrad
3500932,440,Damenfahrrad
1300733,400,Herrenfahrrad
2300417,3758,divers
11100204,874,Herrenfahrrad
12100205,290,Damenfahrrad
9100407,1000,Herrenfahrrad
3601245,548,Herrenfahrrad
1100414,1500,Fahrrad
5100317,3000,Mountainbike
4300415,4235,Damenfahrrad
3400722,700,Herrenfahrrad
8100208,270,Kinderfahrrad
4501148,742,Herrenfahrrad
4300517,1085,Damenfahrrad
6100206,599,Fahrrad
1401043,500,Fahrrad
1300730,1050,Herrenfahrrad
1100101,1983,Fahrrad
7601546,150,Herrenfahrrad
6400844,1500,Herrenfahrrad
5200629,550,Herrenfahrrad
4400727,699,Herrenfahrrad
7300516,359,Herrenfahrrad
7200308,2500,Herrenfahrrad
3400826,500,Kinderfahrrad
11501340,649,Kinderfahrrad
3601245,749,Fahrrad
4400835,650,Damenfahrrad
3601245,1030,Herrenfahrrad
9200818,559,Kinderfahrrad
1100415,0,Damenfahrrad
7100101,299,Herrenfahrrad
12500825,928,Fahrrad
2400522,553,Herrenfahrrad
12500928,1500,Herrenfahrrad
3300411,522,Damenfahrrad
11300616,498,Damenfahrrad
4501042,449,Herrenfahrrad
9200613,300,Mountainbike
12500825,499,Fahrrad
2500727,1100,Herrenfahrrad
11200515,559,Herrenfahrrad
3400826,559,Mountainbike
3601451,750,Damenfahrrad
7300517,900,Herrenfahrrad
9501737,1420,Herrenfahrrad
3400723,200,Herrenfahrrad
2200212,1313,Damenfahrrad
3601451,414,Damenfahrrad
1300733,1820,Fahrrad
6100206,1500,divers
6400842,500,Kinderfahrrad
4300620,1082,Herrenfahrrad
4501153,4698,divers
6400840,250,Herrenfahrrad
6100103,299,Herrenfahrrad
4300624,300,Kinderfahrrad
1100308,2026,Herrenfahrrad
10400836,140,Kinderfahrrad
7100206,500,Damenfahrrad
10100101,246,Damenfahrrad
3601141,480,Damenfahrrad
1100310,600,Damenfahrrad
3601347,613,Herrenfahrrad
5100316,550,Damenfahrrad
8401139,638,Damenfahrrad
9200510,777,Damenfahrrad
7200413,639,Damenfahrrad
3200207,500,Herrenfahrrad
4501153,1100,Herrenfahrrad
1300733,448,Herrenfahrrad
1100416,300,Mountainbike
9200717,100,Fahrrad
2500834,270,Herrenfahrrad
9501940,380,Fahrrad
2300419,250,Herrenfahrrad
7100204,423,Herrenfahrrad
4300623,250,Rennrad
3601243,0,Mountainbike
8401140,500,Mountainbike
5200526,1000,divers
1100309,300,Fahrrad
2400522,800,Herrenfahrrad
2500831,500,Damenfahrrad
1200624,1000,Rennrad
10100312,1,Herrenfahrrad
7400927,170,Kinderfahrrad
7400721,700,Fahrrad
8100102,800,Damenfahrrad
12500926,809,Herrenfahrrad
3601450,421,Herrenfahrrad
3400723,800,Damenfahrrad
9100408,1000,Mountainbike
11501341,1550,Mountainbike
2300419,2888,Herrenfahrrad
5200630,127,Kinderfahrrad
3601451,850,Herrenfahrrad
5100207,360,Damenfahrrad
10400836,300,Herrenfahrrad
11401034,980,Herrenfahrrad
11501238,600,Herrenfahrrad
3601348,699,Herrenfahrrad
1300731,1939,Herrenfahrrad
11501341,0,Kinderfahrrad
2100106,1300,Herrenfahrrad
10400836,1,Damenfahrrad
9200613,980,Herrenfahrrad
3400723,330,Damenfahrrad
10300733,500,Herrenfahrrad
2400625,150,Herrenfahrrad
3701660,390,Damenfahrrad
1200624,1450,Herrenfahrrad
4500938,1736,Herrenfahrrad
2500836,2900,Damenfahrrad
3601142,307,Kinderfahrrad
3601347,300,Fahrrad
2300419,700,Damenfahrrad
1100207,1500,Herrenfahrrad
6400839,530,Herrenfahrrad
7200413,169,Kinderfahrrad
4300622,170,Herrenfahrrad
4400834,1139,Damenfahrrad
7100206,555,Damenfahrrad
6300634,1639,Herrenfahrrad
3601348,150,Rennrad
3701658,800,Damenfahrrad
6400843,1059,Herrenfahrrad
7300515,1200,Herrenfahrrad
4501148,399,Damenfahrrad
5100316,1310,Damenfahrrad
3400827,1000,Herrenfahrrad
6300526,900,Damenfahrrad
6300528,900,Fahrrad
6300526,730,Herrenfahrrad
2200213,50,Kinderfahrrad
1200628,449,Fahrrad
7400720,400,Damenfahrrad
1100415,680,Herrenfahrrad
7200308,1144,Fahrrad
1200623,558,Damenfahrrad
8200833,399,Fahrrad
3400723,899,Damenfahrrad
11400929,300,Damenfahrrad
1400942,100,Damenfahrrad
3400724,599,Damenfahrrad
3601140,999,Herrenfahrrad
4500938,500,Herrenfahrrad
2300419,600,Herrenfahrrad
2200213,700,Damenfahrrad
2200213,460,Damenfahrrad
9300920,599,Herrenfahrrad
8100310,285,Herrenfahrrad
2500833,675,Mountainbike
1100308,1344,Herrenfahrrad
6400839,3399,Damenfahrrad
11300721,2000,Herrenfahrrad
8300935,350,Fahrrad
1300835,250,Herrenfahrrad
3400827,100,Damenfahrrad
8100417,1000,Damenfahrrad
2200213,1,Damenfahrrad
1100104,229,Herrenfahrrad
2300419,599,Herrenfahrrad
9301126,500,Herrenfahrrad
2100105,801,Herrenfahrrad
3701658,100,Damenfahrrad
8100311,680,Damenfahrrad
11501341,950,Herrenfahrrad
2200207,1699,Herrenfahrrad
4501042,1599,Herrenfahrrad
9200715,502,Herrenfahrrad
4400727,398,Damenfahrrad
3701555,220,Herrenfahrrad
1200518,3850,Herrenfahrrad
11300620,558,Damenfahrrad
11401135,360,Herrenfahrrad
11501339,100,Damenfahrrad
1200522,2000,Herrenfahrrad
3601348,789,Damenfahrrad
3100101,462,Herrenfahrrad
9301126,530,Herrenfahrrad
7200308,0,Fahrrad
3701554,1550,Herrenfahrrad
12200308,3710,divers
10200420,250,Kinderfahrrad
2200208,1499,Herrenfahrrad
2400623,1,Mountainbike
4300412,2667,Fahrrad
9200613,980,Damenfahrrad
8100418,1439,Herrenfahrrad
12200308,400,Herrenfahrrad
12200308,50,Herrenfahrrad
11401135,380,Damenfahrrad
6200313,530,Damenfahrrad
9100202,384,Fahrrad
7300618,499,Damenfahrrad
1200626,829,Damenfahrrad
2200210,400,Damenfahrrad
12400721,650,Herrenfahrrad
4300624,1500,Herrenfahrrad
3400723,549,Damenfahrrad
3701554,700,Damenfahrrad
9100305,260,Damenfahrrad
4501041,1507,Herrenfahrrad
11300722,156,Fahrrad
1100313,234,Damenfahrrad
12100103,629,Fahrrad
3200206,650,Herrenfahrrad
9100305,300,Damenfahrrad
1100206,899,Damenfahrrad
4300416,606,Herrenfahrrad
9200819,150,Herrenfahrrad
12500825,949,Damenfahrrad
3601347,407,Fahrrad
3601347,514,Herrenfahrrad
2200212,180,Kinderfahrrad
2200207,585,Damenfahrrad
3100103,518,Damenfahrrad
2200210,500,Herrenfahrrad
11200513,450,Damenfahrrad
2300419,480,Herrenfahrrad
3400725,598,Herrenfahrrad
8100314,1250,divers
8100521,150,Herrenfahrrad
7200413,652,Damenfahrrad
2100106,529,Damenfahrrad
4400832,500,Fahrrad
3400721,678,Herrenfahrrad
6300634,924,Damenfahrrad
2200211,2212,Damenfahrrad
9200716,800,Mountainbike
6400838,650,Fahrrad
12100103,380,Damenfahrrad
2300419,5000,divers
12601134,1077,Fahrrad
3601346,1000,Herrenfahrrad
3601347,50,Rennrad
5200630,1000,Fahrrad
3400826,2400,Herrenfahrrad
5100315,320,Herrenfahrrad
12200310,120,Kinderfahrrad
2400624,200,Damenfahrrad
6300524,1337,Damenfahrrad
10300733,2933,Fahrrad
7100102,1200,Herrenfahrrad
11300618,460,Herrenfahrrad
2500726,413,Mountainbike
3400830,1855,Herrenfahrrad
1200629,324,Damenfahrrad
3500936,1200,Damenfahrrad
4200309,250,Fahrrad
4300619,604,Mountainbike
4501152,905,Damenfahrrad
5100103,150,Kinderfahrrad
4300621,516,Herrenfahrrad
1401049,749,Herrenfahrrad
1401047,1499,Herrenfahrrad
4300621,902,Damenfahrrad
9200613,180,Damenfahrrad
1200522,500,Kinderfahrrad
7100101,2550,Herrenfahrrad
5100317,525,Herrenfahrrad
4501148,380,Mountainbike
3601243,498,Herrenfahrrad
11400927,399,Herrenfahrrad
6300634,599,Damenfahrrad
3601243,507,Kinderfahrrad
9501838,4431,Herrenfahrrad
3400830,2000,Rennrad
1100415,1688,Herrenfahrrad
10100208,488,Herrenfahrrad
4300413,2000,Mountainbike
3500932,800,Fahrrad
5200629,872,Damenfahrrad
3400829,700,Damenfahrrad
2400522,899,Fahrrad
2300419,890,Damenfahrrad
8200727,200,Herrenfahrrad
9100409,800,divers
2200209,706,Fahrrad
2200209,949,Herrenfahrrad
1100415,150,divers
8100419,349,Herrenfahrrad
2500830,1121,Herrenfahrrad
6200312,499,Damenfahrrad
4500937,691,Fahrrad
2200210,180,Herrenfahrrad
1200517,210,Damenfahrrad
9501940,500,Damenfahrrad
9501940,200,Fahrrad
3601451,999,Herrenfahrrad
4300623,951,Damenfahrrad
4300415,1108,Herrenfahrrad
6100101,820,Damenfahrrad
3400831,607,Fahrrad
10100206,349,Fahrrad
5300841,420,Damenfahrrad
11400930,930,Herrenfahrrad
2200209,982,Damenfahrrad
7200409,499,Herrenfahrrad
6100103,1300,Damenfahrrad
1400942,895,Herrenfahrrad
11400927,1489,Herrenfahrrad
3601142,849,Damenfahrrad
2200208,299,Herrenfahrrad
4400830,450,Damenfahrrad
4501042,2100,Herrenfahrrad
12400723,416,Herrenfahrrad
4501151,1760,Herrenfahrrad
12500825,2982,Damenfahrrad
2400521,820,Herrenfahrrad
1200519,200,Herrenfahrrad
1200623,725,Herrenfahrrad
7300618,595,Damenfahrrad
1200623,1300,Herrenfahrrad
2200208,2000,Herrenfahrrad
3500936,1132,Herrenfahrrad
12100204,450,Damenfahrrad
7200307,931,Herrenfahrrad
12500824,500,Herrenfahrrad
11200514,232,Damenfahrrad
5100317,430,Herrenfahrrad
9301025,300,Damenfahrrad
2300419,1779,Fahrrad
4300623,100,Fahrrad
3300517,365,Damenfahrrad
4200311,583,Rennrad
8200727,500,Kinderfahrrad
3400830,299,Damenfahrrad
8100312,1760,Herrenfahrrad
8100417,100,Herrenfahrrad
3400723,0,Mountainbike
9200716,1000,Damenfahrrad
11401137,600,divers
1200520,300,Fahrrad
12601134,1388,divers
7501031,200,Herrenfahrrad
3601451,1219,Herrenfahrrad
4501045,600,Herrenfahrrad
3701556,777,Fahrrad
1100415,2650,Herrenfahrrad
7300618,649,Damenfahrrad
4501045,390,Damenfahrrad
4501045,899,Herrenfahrrad
8100312,333,Damenfahrrad
7200409,320,Damenfahrrad
6400841,533,Herrenfahrrad
3701554,430,Herrenfahrrad
5100208,470,Herrenfahrrad
3501038,400,Kinderfahrrad
4501040,1199,Herrenfahrrad
1100309,2648,Herrenfahrrad
1300836,200,Fahrrad
4500936,200,Herrenfahrrad
4500937,400,Damenfahrrad
1100206,100,Herrenfahrrad
11200513,619,Herrenfahrrad
5200421,630,Herrenfahrrad
7200308,680,Damenfahrrad
4501042,399,Damenfahrrad
2300419,449,Damenfahrrad
2200211,1279,Damenfahrrad
11300722,400,Herrenfahrrad
4501151,598,Herrenfahrrad
12100102,1722,Herrenfahrrad
5300737,320,Herrenfahrrad
11400929,1000,Herrenfahrrad
9200613,919,Herrenfahrrad
3601452,598,Herrenfahrrad
4501044,900,Herrenfahrrad
8200726,799,Herrenfahrrad
10400939,439,Damenfahrrad
6200314,449,Damenfahrrad
6300526,922,Damenfahrrad
3701555,100,Kinderfahrrad
6100103,400,Damenfahrrad
11300725,277,Damenfahrrad
2200211,900,Damenfahrrad
9100101,699,Damenfahrrad
7200307,1055,Herrenfahrrad
6300633,500,Herrenfahrrad
10400939,549,Damenfahrrad
8200730,700,Damenfahrrad
9100101,400,Damenfahrrad
2400625,1000,Damenfahrrad
4300623,439,Damenfahrrad
10300731,400,Herrenfahrrad
1200519,1303,Herrenfahrrad
4500936,4058,Herrenfahrrad
1100103,650,Herrenfahrrad
7601546,500,Herrenfahrrad
9100101,700,Herrenfahrrad
9100101,599,Damenfahrrad
9100101,569,Herrenfahrrad
7100101,2000,Herrenfahrrad
1300733,568,Fahrrad
1100415,300,Kinderfahrrad
3601245,1099,Fahrrad
3300411,1824,Herrenfahrrad
3701554,999,Herrenfahrrad
4300416,1100,Herrenfahrrad
3601142,935,Herrenfahrrad
11200514,320,Damenfahrrad
9501941,494,Damenfahrrad
7100205,150,Herrenfahrrad
6400844,448,Herrenfahrrad
1400937,2449,Fahrrad
4300623,659,Damenfahrrad
12200515,2799,Fahrrad
4501153,130,Damenfahrrad
1100311,1000,Herrenfahrrad
7200413,700,Damenfahrrad
8100311,299,Kinderfahrrad
6100208,600,Herrenfahrrad
4501043,349,Herrenfahrrad
9200614,465,Damenfahrrad
9200613,900,Damenfahrrad
7400823,498,Damenfahrrad
4100101,414,Mountainbike
1100313,750,Herrenfahrrad
7400721,499,Fahrrad
12400618,600,Damenfahrrad
2400623,1000,Fahrrad
3400618,588,Kinderfahrrad
2300419,500,Fahrrad
7501032,419,Damenfahrrad
7100102,1000,Rennrad
10300731,675,Herrenfahrrad
2200212,630,Herrenfahrrad
4501148,850,Damenfahrrad
9100304,240,Herrenfahrrad
1100313,380,Herrenfahrrad
4400726,568,Kinderfahrrad
3601451,279,Herrenfahrrad
9100101,1000,Herrenfahrrad
12200309,400,Damenfahrrad
4500936,550,Herrenfahrrad
4300416,1000,Herrenfahrrad
11300617,1550,Herrenfahrrad
2500726,1541,Damenfahrrad
2300315,1064,Damenfahrrad
11501341,670,Herrenfahrrad
4300623,2933,Herrenfahrrad
10300731,333,Herrenfahrrad
7200307,900,Herrenfahrrad
9100202,996,Damenfahrrad
6100103,359,Damenfahrrad
4300416,240,Damenfahrrad
8300934,299,Herrenfahrrad
8100101,1500,Herrenfahrrad
11300722,1400,Damenfahrrad
3300413,850,Fahrrad
5200629,900,Herrenfahrrad
2200210,378,Herrenfahrrad
6100207,200,Herrenfahrrad
2200208,1029,Damenfahrrad
2500833,500,Herrenfahrrad
1100206,650,Damenfahrrad
7100101,2499,Damenfahrrad
2100106,1500,Fahrrad
7300618,649,Damenfahrrad
1200522,798,Herrenfahrrad
2200210,299,Damenfahrrad
9501737,438,Herrenfahrrad
7200308,2159,Damenfahrrad
12500825,1194,divers
3500935,1200,Herrenfahrrad
2300417,650,Fahrrad
4501043,260,Herrenfahrrad
2300419,1199,Herrenfahrrad
12500927,280,Herrenfahrrad
2400625,1000,Herrenfahrrad
3500935,620,Herrenfahrrad
4501042,4800,divers
6400735,3000,Fahrrad
3601245,358,Kinderfahrrad
12100204,520,Herrenfahrrad
1200520,1220,Herrenfahrrad
8100415,800,Damenfahrrad
2200213,299,Herrenfahrrad
11300722,999,Damenfahrrad
8100417,250,Herrenfahrrad
8100418,600,Damenfahrrad
2200213,730,Fahrrad
2500833,1700,Fahrrad
7300618,590,Damenfahrrad
9200715,750,Rennrad
9100408,1000,Mountainbike
6200315,2050,divers
4200309,645,Kinderfahrrad
2100101,1020,Damenfahrrad
3701659,810,Herrenfahrrad
8100416,849,Damenfahrrad
3701660,688,Damenfahrrad
3500935,650,Herrenfahrrad
3400725,1499,Damenfahrrad
1200626,500,Damenfahrrad
11300618,1400,Rennrad
3701556,844,Damenfahrrad
7601341,100,Herrenfahrrad
3601245,799,Fahrrad
2200210,798,Herrenfahrrad
1100308,843,Damenfahrrad
7100102,677,Fahrrad
1100310,608,Herrenfahrrad
2500727,767,Damenfahrrad
2100101,599,Damenfahrrad
5200423,500,Fahrrad
3701659,1472,Fahrrad
2200209,749,Herrenfahrrad
3400723,660,Herrenfahrrad
4400832,744,Damenfahrrad
9401329,459,Mountainbike
2300417,50,Rennrad
6200315,999,Herrenfahrrad
1100313,1001,Herrenfahrrad
9100101,2299,Herrenfahrrad
11200513,444,Herrenfahrrad
3500933,3550,Damenfahrrad
1300733,2000,Fahrrad
4501151,500,Damenfahrrad
7100102,260,Herrenfahrrad
11200411,804,Herrenfahrrad
2100102,699,Damenfahrrad
4501148,1000,Herrenfahrrad
6100206,499,Herrenfahrrad
3601453,2992,Damenfahrrad
11200513,856,Herrenfahrrad
3701660,399,Damenfahrrad
4501151,1400,Damenfahrrad
6100103,849,Damenfahrrad
12400617,100,Damenfahrrad
10100210,300,Damenfahrrad
4501151,750,Herrenfahrrad
6100205,2199,Herrenfahrrad
2300418,800,Damenfahrrad
7300515,300,Damenfahrrad
11200513,400,Fahrrad
11100203,970,Herrenfahrrad
9100101,400,Damenfahrrad
9200717,1379,divers
3400827,225,Herrenfahrrad
12500824,600,Herrenfahrrad
4200206,488,Damenfahrrad
6300526,398,Damenfahrrad
4501040,520,Herrenfahrrad
2200211,599,Herrenfahrrad
12200515,1328,Rennrad
7501032,700,Damenfahrrad
6300526,646,Herrenfahrrad
3601142,963,Herrenfahrrad
8100313,965,Herrenfahrrad
1100207,540,Mountainbike
4501146,460,Fahrrad
7100103,698,Damenfahrrad
2200210,2300,Damenfahrrad
6400840,853,Damenfahrrad
6100103,1200,Mountainbike
4501045,220,Herrenfahrrad
5100211,950,Herrenfahrrad
4501042,2089,Damenfahrrad
1200629,929,Fahrrad
1300733,500,Herrenfahrrad
8100101,100,Damenfahrrad
7300619,699,Damenfahrrad
1200522,830,Herrenfahrrad
4501151,1400,Damenfahrrad
7300618,500,Fahrrad
3701658,920,Herrenfahrrad
7300516,950,Herrenfahrrad
3601346,490,Herrenfahrrad
7100206,599,Herrenfahrrad
2100104,220,Herrenfahrrad
12500825,1120,Herrenfahrrad
12500825,900,divers
3601243,445,Herrenfahrrad
9200511,700,Herrenfahrrad
1100310,750,Herrenfahrrad
1100312,350,Damenfahrrad
1300836,450,Herrenfahrrad
12500825,696,Damenfahrrad
3400620,1099,Herrenfahrrad
3701658,1400,Damenfahrrad
8100416,250,Damenfahrrad
5100316,350,Damenfahrrad
4400835,1255,Herrenfahrrad
4501041,494,Herrenfahrrad
4300623,999,Damenfahrrad
11300722,399,Damenfahrrad
6300629,4500,Mountainbike
9100101,0,Damenfahrrad
7100206,780,Damenfahrrad
7300516,588,Damenfahrrad
2400624,349,Herrenfahrrad
7100102,1000,Herrenfahrrad
11401034,449,Fahrrad
11401137,600,Herrenfahrrad
1200520,425,Damenfahrrad
8200726,1178,divers
12200307,1300,Fahrrad
8100206,0,Mountainbike
9100409,1250,Herrenfahrrad
1200623,473,Herrenfahrrad
6300526,1100,Damenfahrrad
6100209,598,Fahrrad
11300725,980,Damenfahrrad
2300417,2000,Damenfahrrad
3400723,390,Fahrrad
2300315,628,Damenfahrrad
1200629,1199,Fahrrad
2300316,649,Damenfahrrad
9502043,199,Damenfahrrad
1200625,450,Fahrrad
7100205,299,Herrenfahrrad
3701660,897,Herrenfahrrad
4300415,434,Herrenfahrrad
8100314,256,Damenfahrrad
1100415,298,Damenfahrrad
3701555,900,Herrenfahrrad
2200207,5000,Herrenfahrrad
7100102,350,Damenfahrrad
11300620,864,Damenfahrrad
9100101,1800,Herrenfahrrad
4100101,2134,Herrenfahrrad
7601236,369,Herrenfahrrad
5200527,300,Damenfahrrad
1200624,750,Damenfahrrad
7200409,500,Damenfahrrad
7400825,499,Damenfahrrad
11200411,340,Herrenfahrrad
6100210,749,Fahrrad
9200614,505,Herrenfahrrad
3601451,300,Damenfahrrad
3701555,650,Damenfahrrad
9501737,530,Fahrrad
3100103,660,Damenfahrrad
3601245,150,Herrenfahrrad
6300631,1150,Herrenfahrrad
4501148,1130,Damenfahrrad
5400942,322,Herrenfahrrad
3601142,380,Herrenfahrrad
4200310,900,Herrenfahrrad
2300417,180,Damenfahrrad
5300841,700,Damenfahrrad
9100101,2500,Fahrrad
5100316,848,Damenfahrrad
2200210,498,Damenfahrrad
9200818,1589,Damenfahrrad
6400844,700,Herrenfahrrad
4200310,1000,Mountainbike
8100310,2699,Herrenfahrrad
3300516,399,Herrenfahrrad
2500831,3000,Damenfahrrad
1100101,879,Herrenfahrrad
1400939,580,Fahrrad
9501838,244,Herrenfahrrad
6300633,410,Damenfahrrad
6100102,3299,Herrenfahrrad
9300921,550,Herrenfahrrad
1100205,8790,Fahrrad
7200308,849,Herrenfahrrad
3400721,460,Herrenfahrrad
2400624,1521,Herrenfahrrad
6300633,500,Herrenfahrrad
6300634,450,Herrenfahrrad
5100104,525,Mountainbike
12400721,800,Fahrrad
12500930,662,Damenfahrrad
11300619,50,Damenfahrrad
10100104,1000,Mountainbike
7601443,1999,Mountainbike
2500836,780,Herrenfahrrad
2500830,729,Damenfahrrad
9502043,599,Herrenfahrrad
11400927,980,Herrenfahrrad
8100418,3400,Herrenfahrrad
6200420,471,Damenfahrrad
2400520,100,Fahrrad
3200207,500,Kinderfahrrad
8100314,1960,Damenfahrrad
8401242,350,Fahrrad
6100206,452,Damenfahrrad
4501043,799,Herrenfahrrad
2300418,500,Damenfahrrad
1200517,2380,Damenfahrrad
2500729,3146,Herrenfahrrad
7200409,1300,Herrenfahrrad
3400830,214,Herrenfahrrad
7501133,500,Herrenfahrrad
6100208,4099,Damenfahrrad
1100310,797,Fahrrad
7501031,400,Damenfahrrad
2200212,399,Herrenfahrrad
8100103,1000,Fahrrad
1100310,600,Damenfahrrad
12601235,150,Kinderfahrrad
9100408,639,Herrenfahrrad
7100102,580,Mountainbike
4300416,597,Fahrrad
9200613,700,Herrenfahrrad
1200628,539,Herrenfahrrad
4501147,1011,Damenfahrrad
4300413,650,Herrenfahrrad
3100101,299,Herrenfahrrad
3400725,549,Damenfahrrad
10400939,340,Herrenfahrrad
1100309,870,Herrenfahrrad
1100207,688,Damenfahrrad
5200420,500,Herrenfahrrad
6300526,500,Damenfahrrad
2300419,499,Damenfahrrad
4501152,100,Fahrrad
2200210,1450,Herrenfahrrad
1100104,3540,Herrenfahrrad
2500727,369,Fahrrad
1100308,550,Herrenfahrrad
7100103,450,Herrenfahrrad
4400830,820,Damenfahrrad
3601140,329,Herrenfahrrad
10300733,751,Damenfahrrad
9100101,300,Herrenfahrrad
6400842,498,Mountainbike
12400722,594,Herrenfahrrad
3200206,999,Herrenfahrrad
2300314,650,Fahrrad
9200511,589,Herrenfahrrad
3601142,985,Herrenfahrrad
2400624,800,Herrenfahrrad
7200307,757,Damenfahrrad
3601347,932,Herrenfahrrad
9300920,649,Herrenfahrrad
9100203,800,Damenfahrrad
1100309,2000,Herrenfahrrad
2400624,110,Herrenfahrrad
7300619,649,Herrenfahrrad
3601348,3500,Fahrrad
4501044,1500,Herrenfahrrad
12100102,750,Herrenfahrrad
4501043,770,Mountainbike
9200819,3122,divers
7100102,200,Damenfahrrad
2500728,1245,Herrenfahrrad
7100102,594,Herrenfahrrad
9502042,968,Herrenfahrrad
6100206,1599,Herrenfahrrad
12100101,449,Damenfahrrad
12100101,220,Herrenfahrrad
1200627,573,Kinderfahrrad
9100408,1800,Herrenfahrrad
11400927,2884,Damenfahrrad
6100206,1000,Damenfahrrad
3400723,5000,Herrenfahrrad
1100415,780,Herrenfahrrad
9300920,670,Damenfahrrad
11501339,2490,Damenfahrrad
3200206,1000,Herrenfahrrad
2200210,392,Herrenfahrrad
2400520,99,Kinderfahrrad
11400930,500,Damenfahrrad
11400927,1300,Herrenfahrrad
6100206,950,Herrenfahrrad
9100304,250,Rennrad
11100102,799,Fahrrad
8100206,650,Damenfahrrad
3701659,200,Damenfahrrad
2500831,538,Herrenfahrrad
3601245,649,Herrenfahrrad
6300525,500,Damenfahrrad
3200207,499,Damenfahrrad
8401242,1250,Mountainbike
9501939,699,Damenfahrrad
1200629,700,Herrenfahrrad
3200309,1300,Fahrrad
9502042,280,Damenfahrrad
2200210,800,Fahrrad
4300623,2599,Herrenfahrrad
3100103,300,Damenfahrrad
3300514,428,Kinderfahrrad
4501045,2000,Mountainbike
3701554,388,Damenfahrrad
10100209,810,Mountainbike
2400521,1126,Herrenfahrrad
1100309,329,Damenfahrrad
4501044,3299,Fahrrad
2400521,298,Herrenfahrrad
2300314,330,Damenfahrrad
8100101,360,Fahrrad
10100314,650,Herrenfahrrad
3400722,350,Fahrrad
1100416,356,Herrenfahrrad
9100202,3628,Herrenfahrrad
10300733,498,Herrenfahrrad
6300629,990,Herrenfahrrad
2300417,488,Herrenfahrrad
2400522,580,Herrenfahrrad
5200634,6569,divers
6300630,980,Damenfahrrad
1300834,250,divers
3500932,850,Damenfahrrad
4200311,531,Herrenfahrrad
2500833,379,Herrenfahrrad
7300515,925,Herrenfahrrad
4501042,466,Mountainbike
6300630,500,Herrenfahrrad
9200717,550,Fahrrad
11200515,499,Herrenfahrrad
7601237,600,Herrenfahrrad
7300515,584,Damenfahrrad
7300515,500,Damenfahrrad
6200314,150,Damenfahrrad
4501043,598,Damenfahrrad
10400939,599,Herrenfahrrad
3701658,4499,Fahrrad
7501135,599,Herrenfahrrad
8200622,208,Herrenfahrrad
7300516,349,Damenfahrrad
4400835,140,Damenfahrrad
3501038,699,Herrenfahrrad
7400825,324,Mountainbike
2200213,600,Damenfahrrad
1300835,199,Herrenfahrrad
9100101,799,Herrenfahrrad
3701659,7150,Fahrrad
2200212,30,Fahrrad
4400834,400,Mountainbike
1100103,400,Mountainbike
1100308,1634,divers
3400723,665,Herrenfahrrad
3400723,0,Herrenfahrrad
2300316,300,Damenfahrrad
1400939,750,Herrenfahrrad
9301126,1799,Herrenfahrrad
7100206,120,Fahrrad
3701554,1,Mountainbike
7400721,220,Herrenfahrrad
9100101,425,Herrenfahrrad
3500934,1600,Mountainbike
11501341,614,Herrenfahrrad
7400720,541,Damenfahrrad
1200519,2000,Mountainbike
2300419,1250,Mountainbike
2500836,899,Herrenfahrrad
9401534,0,Herrenfahrrad
8100208,986,Herrenfahrrad
6100209,500,Fahrrad
3701556,3500,Mountainbike
2500834,582,Damenfahrrad
10100312,2650,Fahrrad
7200308,1000,Fahrrad
2200211,1500,Herrenfahrrad
3701555,1093,Fahrrad
1200623,1372,Fahrrad
9501737,999,Herrenfahrrad
11501238,850,Herrenfahrrad
3400830,2588,Herrenfahrrad
2500834,749,Damenfahrrad
6100207,1300,Herrenfahrrad
11401137,749,Herrenfahrrad
6200313,499,Herrenfahrrad
6100205,665,Herrenfahrrad
9501939,1296,Damenfahrrad
1200629,1599,Herrenfahrrad
7200307,1299,Damenfahrrad
3400722,100,Damenfahrrad
2300314,300,Fahrrad
3601451,350,Damenfahrrad
3100103,4695,Herrenfahrrad
4501146,1320,Herrenfahrrad
3601142,899,Herrenfahrrad
9501737,1599,Herrenfahrrad
9401534,220,Herrenfahrrad
6400839,474,Herrenfahrrad
6400737,400,Herrenfahrrad
6300526,500,Damenfahrrad
2500728,608,Herrenfahrrad
2400522,500,Damenfahrrad
6200422,1300,Damenfahrrad
4501148,150,Damenfahrrad
1200517,150,Fahrrad
6300634,2699,Fahrrad
7300517,2099,divers
2300314,330,Herrenfahrrad
9200716,300,Herrenfahrrad
2100104,1150,Herrenfahrrad
11400927,770,Herrenfahrrad
9501939,1500,Rennrad
3701556,593,Herrenfahrrad
2200210,1500,Fahrrad
7100101,523,Herrenfahrrad
7400721,1200,Herrenfahrrad
2300419,599,Herrenfahrrad
4300413,800,Herrenfahrrad
3601142,500,Fahrrad
3601141,100,Herrenfahrrad
4300414,279,Damenfahrrad
3701555,544,Damenfahrrad
6400737,409,Herrenfahrrad
4501045,1149,Herrenfahrrad
11401135,50,Mountainbike
11401136,600,Herrenfahrrad
7100206,400,Damenfahrrad
1200624,600,Herrenfahrrad
6400735,400,Damenfahrrad
9200613,100,Damenfahrrad
2100101,270,Herrenfahrrad
6300526,499,Damenfahrrad
7100102,214,Mountainbike
4501148,850,Herrenfahrrad
9401431,100,Fahrrad
8100105,799,Damenfahrrad
9200510,314,Mountainbike
10300731,300,Fahrrad
11300619,383,Mountainbike
2400520,300,Rennrad
3701660,1419,Damenfahrrad
10200524,500,Mountainbike
3701555,537,Herrenfahrrad
9401534,1250,Fahrrad
10200630,50,Damenfahrrad
2200213,200,Herrenfahrrad
3300516,1100,Damenfahrrad
8100310,1000,Damenfahrrad
5300841,2700,Herrenfahrrad
4300414,199,Damenfahrrad
8100418,250,Fahrrad
2500729,1098,Herrenfahrrad
1100309,515,Damenfahrrad
1200522,1949,Damenfahrrad
3701556,1116,Herrenfahrrad
4501042,0,Damenfahrrad
1100416,1596,Fahrrad
4501041,929,Damenfahrrad
7300517,1099,Herrenfahrrad
8100416,1700,Damenfahrrad
4300624,917,Herrenfahrrad
11300826,250,Mountainbike
3400831,289,Damenfahrrad
8100310,1925,Herrenfahrrad
8100418,2700,Damenfahrrad
4300622,1000,Damenfahrrad
1100308,1000,Herrenfahrrad
3400830,2588,Herrenfahrrad
2200210,1093,Herrenfahrrad
10200423,260,Damenfahrrad
9501940,1199,Herrenfahrrad
7400721,1199,Fahrrad
12601235,799,Damenfahrrad
2500830,1600,Herrenfahrrad
1300732,900,Herrenfahrrad
7200307,314,Kinderfahrrad
2200212,448,Fahrrad
2300419,530,Herrenfahrrad
3601346,650,Damenfahrrad
3500934,3512,Herrenfahrrad
9200511,940,Herrenfahrrad
9200511,350,Herrenfahrrad
3400826,800,Herrenfahrrad
7200308,1600,Herrenfahrrad
3400723,1000,divers
9200511,988,Damenfahrrad
8301037,725,Herrenfahrrad
6200315,678,Damenfahrrad
3701554,570,Fahrrad
1100310,850,Damenfahrrad
8200831,200,Fahrrad
4300619,528,Herrenfahrrad
3601245,520,Herrenfahrrad
2500832,227,Kinderfahrrad
5100316,253,Damenfahrrad
11401137,400,Herrenfahrrad
9200818,750,Damenfahrrad
4500938,1000,Damenfahrrad
2500834,1030,Herrenfahrrad
2100104,992,Herrenfahrrad
3701660,594,Kinderfahrrad
3400827,1299,Herrenfahrrad
4501152,250,Damenfahrrad
4500936,544,Herrenfahrrad
7200413,621,Herrenfahrrad
3601243,930,Herrenfahrrad
8100208,260,Herrenfahrrad
1100313,1599,Herrenfahrrad
4501045,2699,Herrenfahrrad
9100101,1000,Herrenfahrrad
9401329,398,Mountainbike
1200518,599,Fahrrad
1100414,455,divers
2500834,419,Herrenfahrrad
4501045,699,Herrenfahrrad
1200520,322,Mountainbike
5100209,750,Herrenfahrrad
3601244,200,Herrenfahrrad
12100205,875,Herrenfahrrad
1100206,888,Damenfahrrad
2500728,555,Damenfahrrad
1100416,1160,Herrenfahrrad
6400735,758,Herrenfahrrad
4500939,1774,Herrenfahrrad
11401136,100,Kinderfahrrad
11300722,550,Damenfahrrad
4200311,800,Mountainbike
7100101,619,Damenfahrrad
9200613,435,Fahrrad
2200207,2279,Fahrrad
4501151,400,Herrenfahrrad
7300517,674,Damenfahrrad
4501151,630,Herrenfahrrad
4400830,599,Herrenfahrrad
4300415,1200,Herrenfahrrad
1400937,250,Herrenfahrrad
2100102,200,Kinderfahrrad
2300316,820,Damenfahrrad
2400623,750,Herrenfahrrad
7400824,450,Herrenfahrrad
9100101,130,Damenfahrrad
4501153,165,Herrenfahrrad
3200205,1050,Fahrrad
8100419,999,Fahrrad
10200629,760,Mountainbike
1300834,498,Herrenfahrrad
12200412,360,Rennrad
1200628,1050,Herrenfahrrad
2200210,450,Herrenfahrrad
4501043,600,divers
12500926,100,Damenfahrrad
3601243,670,Damenfahrrad
7200413,400,Herrenfahrrad
6300526,1013,Damenfahrrad
4300623,300,Rennrad
8100415,500,Mountainbike
4501040,600,Damenfahrrad
3501038,420,Damenfahrrad
9501939,860,Fahrrad
9200511,954,divers
7300516,1572,Herrenfahrrad
1100416,530,Fahrrad
1300733,1700,Herrenfahrrad
3601450,200,Fahrrad
11501339,627,Kinderfahrrad
9100408,1314,Damenfahrrad
4501041,703,Herrenfahrrad
12100102,400,Herrenfahrrad
2300315,709,Herrenfahrrad
3300412,626,Fahrrad
3200308,1050,Herrenfahrrad
2200209,1530,Herrenfahrrad
3601139,1799,Damenfahrrad
9501838,525,Kinderfahrrad
11401135,499,Herrenfahrrad
4300624,4294,Fahrrad
2200209,850,Herrenfahrrad
3601347,700,Herrenfahrrad
6300630,1060,Herrenfahrrad
2200211,469,Mountainbike
2200209,518,Damenfahrrad
6100205,450,Damenfahrrad
8100418,499,Herrenfahrrad
3300412,300,Fahrrad
8301036,250,Damenfahrrad
2200209,940,Damenfahrrad
2300419,500,Herrenfahrrad
4200311,500,Damenfahrrad
4200311,980,Herrenfahrrad
4300414,900,Fahrrad
4501148,800,Herrenfahrrad
4300623,1580,Fahrrad
4300622,500,Damenfahrrad
2200207,725,Herrenfahrrad
2200208,800,Fahrrad
9200715,991,Herrenfahrrad
8100206,446,Herrenfahrrad
7501031,499,Mountainbike
4300623,330,Mountainbike
3400829,500,Herrenfahrrad
6200422,500,Damenfahrrad
4300416,1249,Fahrrad
5100208,895,Mountainbike
7200308,900,Herrenfahrrad
7300517,825,Damenfahrrad
7200308,462,Damenfahrrad
6400839,850,Damenfahrrad
2200211,519,Herrenfahrrad
6400839,880,Herrenfahrrad
9200510,500,Damenfahrrad
3701555,500,Kinderfahrrad
11300619,239,Herrenfahrrad
6400843,400,Damenfahrrad
4300413,600,Herrenfahrrad
3400829,333,Fahrrad
11300617,638,Herrenfahrrad
1300733,1184,Herrenfahrrad
2500835,500,Kinderfahrrad
2300315,599,Damenfahrrad
11300826,330,Damenfahrrad
9501737,500,Herrenfahrrad
4501149,799,Damenfahrrad
6400735,1600,Herrenfahrrad
2500835,400,Fahrrad
3500935,860,Damenfahrrad
3601142,380,Fahrrad
4501148,700,Damenfahrrad
2100102,380,Damenfahrrad
1200521,400,Damenfahrrad
12200309,1,Kinderfahrrad
8200831,250,Herrenfahrrad
6100208,3060,Fahrrad
9200613,975,Herrenfahrrad
1100310,260,Herrenfahrrad
4501044,400,Fahrrad
6400735,1200,Herrenfahrrad
3100103,399,Herrenfahrrad
4200207,333,Herrenfahrrad
11400927,1090,Herrenfahrrad
12400720,499,Damenfahrrad
2200211,440,Kinderfahrrad
1200519,2249,Herrenfahrrad
5100314,289,Herrenfahrrad
2500727,448,Damenfahrrad
4500938,200,Kinderfahrrad
2200207,1100,Damenfahrrad
2200210,2999,Damenfahrrad
2200208,621,Mountainbike
2500833,490,Damenfahrrad
9501736,1299,Herrenfahrrad
4300624,420,Herrenfahrrad
2400520,1,Kinderfahrrad
9100407,2570,Damenfahrrad
2500835,300,Damenfahrrad
3601142,350,Fahrrad
4300619,195,Mountainbike
2200213,350,Herrenfahrrad
2100106,200,Herrenfahrrad
10300731,640,Herrenfahrrad
11100308,340,Mountainbike
2200210,388,Damenfahrrad
7200410,1943,Herrenfahrrad
11501339,100,Damenfahrrad
2200211,1215,Herrenfahrrad
10300733,379,Fahrrad
1300834,600,Damenfahrrad
7100205,1600,Fahrrad
1100206,2100,Fahrrad
11501339,567,Fahrrad
11501339,330,Herrenfahrrad
1100415,700,Damenfahrrad
7200410,599,Herrenfahrrad
6400736,499,Damenfahrrad
4501044,2997,Fahrrad
8300935,500,Damenfahrrad
12200309,425,Herrenfahrrad
9501838,811,Damenfahrrad
4501044,333,Kinderfahrrad
8100207,40,Kinderfahrrad
1200624,560,Herrenfahrrad
11300722,750,Mountainbike
3500936,1979,Herrenfahrrad
4501148,530,Herrenfahrrad
4501148,1174,Herrenfahrrad
1100414,600,Damenfahrrad
4400834,785,Damenfahrrad
4100101,219,Fahrrad
7200414,230,Kinderfahrrad
11400929,349,Fahrrad
1300836,680,Herrenfahrrad
1100416,600,Damenfahrrad
6100101,385,Herrenfahrrad
9501736,260,Herrenfahrrad
9200613,580,Fahrrad
2400624,500,Damenfahrrad
9301126,548,Mountainbike
1300834,1279,Herrenfahrrad
11300722,1,Damenfahrrad
4300413,1000,Herrenfahrrad
10100316,2383,Damenfahrrad
4300414,399,Damenfahrrad
1100310,750,Herrenfahrrad
3601453,723,Herrenfahrrad
9100101,10,Herrenfahrrad
3701555,550,Herrenfahrrad
3701660,760,Herrenfahrrad
5100316,800,Herrenfahrrad
4501040,999,Herrenfahrrad
6400737,1147,Herrenfahrrad
1100308,700,Herrenfahrrad
8100206,500,Fahrrad
1200628,1100,Herrenfahrrad
4300621,1460,Herrenfahrrad
4300621,999,Damenfahrrad
9401534,2900,Damenfahrrad
9501939,660,Rennrad
3200207,427,Damenfahrrad
10300733,999,Herrenfahrrad
3601347,0,Fahrrad
5100313,415,Herrenfahrrad
3400722,2500,Herrenfahrrad
4500939,1250,Herrenfahrrad
8100102,800,Damenfahrrad
3500934,588,Herrenfahrrad
2300316,388,Damenfahrrad
1400937,414,Damenfahrrad
12400723,700,Damenfahrrad
4300624,399,Herrenfahrrad
4200203,399,Herrenfahrrad
11100205,549,Herrenfahrrad
2400624,439,Damenfahrrad
6400735,400,Herrenfahrrad
9501838,250,Kinderfahrrad
7300515,4029,divers
11400931,350,Herrenfahrrad
7200414,299,Herrenfahrrad
3601142,699,Herrenfahrrad
2200208,887,Damenfahrrad
9502043,3000,Herrenfahrrad
2400624,260,Herrenfahrrad
2100102,400,Fahrrad
4501147,209,Kinderfahrrad
9100408,1020,Damenfahrrad
3200207,300,Herrenfahrrad
1200623,332,Herrenfahrrad
2300418,670,Herrenfahrrad
3601451,1197,Herrenfahrrad
3300514,200,Fahrrad
1401044,500,Damenfahrrad
12500824,150,Mountainbike
10100312,2800,Damenfahrrad
6300630,2800,Herrenfahrrad
1200629,500,Damenfahrrad
2300315,1500,Herrenfahrrad
3200206,550,Herrenfahrrad
2500835,600,Herrenfahrrad
8401244,400,Herrenfahrrad
11501341,589,Kinderfahrrad
9501939,950,Herrenfahrrad
2200209,1257,Herrenfahrrad
2400624,1100,Herrenfahrrad
10400939,1500,Herrenfahrrad
12500824,460,Fahrrad
2400520,500,Herrenfahrrad
5300841,2000,divers
2100104,520,Herrenfahrrad
2100106,650,Herrenfahrrad
4501045,580,Damenfahrrad
6100206,999,Damenfahrrad
4501045,768,Damenfahrrad
8100311,200,Herrenfahrrad
2100106,230,Damenfahrrad
4300623,500,Herrenfahrrad
6200420,398,Herrenfahrrad
12400720,300,Damenfahrrad
5200527,350,Herrenfahrrad
9200715,849,Damenfahrrad
3701555,950,Damenfahrrad
6200313,400,Damenfahrrad
1100414,455,Rennrad
4501148,745,Herrenfahrrad
8100415,984,Herrenfahrrad
2400623,619,Herrenfahrrad
3601141,0,Damenfahrrad
11501238,200,Damenfahrrad
1100310,400,Damenfahrrad
1400942,773,Herrenfahrrad
7300619,950,Damenfahrrad
9501940,2000,Herrenfahrrad
4501040,3238,Herrenfahrrad
9501940,700,Herrenfahrrad
12400618,499,Herrenfahrrad
9100101,100,Herrenfahrrad
6200313,399,Damenfahrrad
11200410,199,Herrenfahrrad
6300526,400,Herrenfahrrad
7100205,220,Damenfahrrad
9100407,634,Herrenfahrrad
11300826,299,Damenfahrrad
3200205,1285,Herrenfahrrad
1100104,1249,Herrenfahrrad
5200629,1439,Herrenfahrrad
8401244,1337,Herrenfahrrad
12200412,130,Damenfahrrad
2400624,499,Herrenfahrrad
9200512,1099,Herrenfahrrad
7300619,500,Damenfahrrad
7100101,1300,Mountainbike
9200715,592,Herrenfahrrad
12100103,150,Damenfahrrad
1300732,1250,Damenfahrrad
2500728,950,Herrenfahrrad
11400929,2300,Herrenfahrrad
1100102,3600,divers
1100102,549,Herrenfahrrad
1200629,1099,Herrenfahrrad
8100314,749,Herrenfahrrad
2200209,700,Herrenfahrrad
9200511,548,Herrenfahrrad
9100101,399,Damenfahrrad
7100101,2200,Herrenfahrrad
7400927,602,Damenfahrrad
5100313,550,Fahrrad
3601243,1300,Herrenfahrrad
1100101,1080,Herrenfahrrad
2300316,544,Herrenfahrrad
6400839,350,Herrenfahrrad
7100101,160,Damenfahrrad
7100102,300,Fahrrad
6100103,836,Damenfahrrad
4501148,399,Herrenfahrrad
5200421,229,Herrenfahrrad
5200421,120,Herrenfahrrad
2200207,500,Herrenfahrrad
3601142,256,Herrenfahrrad
1300733,200,Damenfahrrad
9100101,300,Damenfahrrad
9100202,600,Damenfahrrad
1200519,397,Damenfahrrad
2500834,1299,Herrenfahrrad
1100206,1562,Herrenfahrrad
5200633,460,Mountainbike
11300722,2499,Herrenfahrrad
2100102,150,Herrenfahrrad
2300419,350,Damenfahrrad
6400737,310,Damenfahrrad
3601245,599,Damenfahrrad
9100101,200,Herrenfahrrad
1100308,1599,Fahrrad
11501340,600,Herrenfahrrad
2400521,1278,Herrenfahrrad
7300515,1229,Damenfahrrad
3601245,999,Damenfahrrad
2500830,314,Kinderfahrrad
4300622,1120,Herrenfahrrad
9501939,2800,Herrenfahrrad
9200717,2736,Mountainbike
1200623,700,Rennrad
4200310,449,Herrenfahrrad
3400723,1200,Herrenfahrrad
11300724,660,Herrenfahrrad
12100102,570,Damenfahrrad
1400938,2288,Damenfahrrad
3601348,150,Fahrrad
4300416,1800,Herrenfahrrad
3400828,940,divers
12100205,250,Damenfahrrad
7100204,511,Herrenfahrrad
2200211,750,Damenfahrrad
6100209,450,Damenfahrrad
11400927,2399,Herrenfahrrad
9501939,350,Herrenfahrrad
6300633,480,Damenfahrrad
1100310,2000,Damenfahrrad
8100418,500,Herrenfahrrad
9501737,600,Herrenfahrrad
2200213,345,Damenfahrrad
4500936,1370,Damenfahrrad
2200212,278,Damenfahrrad
1100415,490,Herrenfahrrad
6200420,633,Fahrrad
1100206,3000,Herrenfahrrad
1401045,298,Damenfahrrad
5100316,674,Herrenfahrrad
2100104,990,Mountainbike
3400724,738,Damenfahrrad
7200413,70,Damenfahrrad
3601451,599,Damenfahrrad
1100309,800,Herrenfahrrad
5100316,500,Damenfahrrad
7400721,1350,Fahrrad
3400830,399,Kinderfahrrad
10400836,100,Damenfahrrad
10400836,100,Damenfahrrad
4300623,349,Fahrrad
4300623,1,Damenfahrrad
4300623,349,Fahrrad
8301036,4099,Mountainbike
2500834,100,Fahrrad
3200205,495,Herrenfahrrad
2500830,1999,Herrenfahrrad
2500726,1300,Fahrrad
3300514,399,Damenfahrrad
4501043,674,Fahrrad
2400520,421,Herrenfahrrad
3601346,1000,Damenfahrrad
2300419,350,Herrenfahrrad
1300733,600,Damenfahrrad
8100206,1112,Damenfahrrad
2100106,350,Herrenfahrrad
8100102,399,Damenfahrrad
9200510,836,Herrenfahrrad
2400522,649,Rennrad
9200613,1998,divers
2500728,1532,Herrenfahrrad
6300629,699,Damenfahrrad
7601443,450,Herrenfahrrad
7501134,2900,Herrenfahrrad
12500927,439,Herrenfahrrad
4300416,5400,Fahrrad
4300416,1016,Herrenfahrrad
5200634,2699,Damenfahrrad
2200208,2350,Damenfahrrad
12100205,300,Damenfahrrad
4300415,499,Herrenfahrrad
2500834,750,Mountainbike
10400836,349,Damenfahrrad
11401032,1319,Rennrad
3601453,399,Herrenfahrrad
2200213,1300,Herrenfahrrad
9100202,330,Kinderfahrrad
1100313,445,Damenfahrrad
3601346,900,Damenfahrrad
1200629,550,Fahrrad
3601346,750,Herrenfahrrad
9100408,999,Damenfahrrad
3601453,429,Damenfahrrad
8100417,700,Herrenfahrrad
1200625,500,Mountainbike
4501045,975,Herrenfahrrad
7501029,250,Herrenfahrrad
12500929,515,Mountainbike
10300734,749,Damenfahrrad
4400835,400,Damenfahrrad
8100418,400,Herrenfahrrad
3601245,999,Herrenfahrrad
2500836,1500,Fahrrad
1100310,100,Damenfahrrad
6200421,3999,Herrenfahrrad
1401044,100,Fahrrad
1400940,320,Damenfahrrad
8100101,730,Herrenfahrrad
1200624,1080,Herrenfahrrad
1100206,2500,Damenfahrrad
3701660,760,Damenfahrrad
2200212,200,Herrenfahrrad
8100310,800,Damenfahrrad
7400927,399,Herrenfahrrad
10400836,500,Herrenfahrrad
3400723,700,Damenfahrrad
7501031,220,Damenfahrrad
3400722,798,Herrenfahrrad
12400722,547,Herrenfahrrad
6200420,1154,Herrenfahrrad
1100416,1295,Fahrrad
1300834,500,Damenfahrrad
10300731,1800,Herrenfahrrad
9401329,399,Herrenfahrrad
4501042,399,Damenfahrrad
9100408,1470,Herrenfahrrad
7300516,1800,Herrenfahrrad
3601139,1107,Damenfahrrad
3601141,4820,Mountainbike
1100102,599,Herrenfahrrad
9200715,785,Herrenfahrrad
11300725,1399,Damenfahrrad
1200628,2330,Damenfahrrad
3601451,3924,Mountainbike
3400827,2100,Herrenfahrrad
2500835,333,Damenfahrrad
2400624,474,Herrenfahrrad
3400723,3400,Mountainbike
6400838,1049,Damenfahrrad
2200211,500,Fahrrad
4501042,250,Herrenfahrrad
1100308,499,Damenfahrrad
12400723,988,Damenfahrrad
12100103,449,Kinderfahrrad
6400838,1058,Herrenfahrrad
1100310,875,Damenfahrrad
5300839,303,Herrenfahrrad
4501043,600,Damenfahrrad
5100315,2000,Herrenfahrrad
3500933,879,Herrenfahrrad
4300517,360,Mountainbike
4300413,350,Herrenfahrrad
7300515,1100,Herrenfahrrad
12500928,2753,Damenfahrrad
1401046,900,Damenfahrrad
7200411,678,Damenfahrrad
1100416,706,Herrenfahrrad
2200211,280,Herrenfahrrad
1300834,500,Damenfahrrad
12200307,1115,Fahrrad
9501838,499,Herrenfahrrad
2100102,650,Fahrrad
2200211,719,Damenfahrrad
3400826,1007,Damenfahrrad
1100311,855,Herrenfahrrad
1100310,800,Herrenfahrrad
9300920,600,Herrenfahrrad
3400721,4200,Mountainbike
9100101,1200,Mountainbike
12200515,50,Fahrrad
3701556,640,Damenfahrrad
2300418,2000,Herrenfahrrad
1100206,3200,Damenfahrrad
12200413,333,Herrenfahrrad
7400720,209,Damenfahrrad
1100308,700,Herrenfahrrad
7100101,1119,Herrenfahrrad
5300840,1700,Damenfahrrad
3601243,819,Herrenfahrrad
9300921,299,Herrenfahrrad
7200410,200,Fahrrad
3701554,420,Kinderfahrrad
11501339,650,Herrenfahrrad
3701556,1500,Rennrad
11300617,800,Herrenfahrrad
4501042,850,Herrenfahrrad
8200727,500,Kinderfahrrad
4501042,299,Herrenfahrrad
1300835,1449,Herrenfahrrad
5100315,1200,Herrenfahrrad
2400522,720,Herrenfahrrad
10200628,200,Fahrrad
9301126,499,Mountainbike
4501043,585,Herrenfahrrad
2200210,246,Damenfahrrad
6200422,550,Damenfahrrad
3400721,500,Herrenfahrrad
4400727,1004,Herrenfahrrad
6200420,400,Damenfahrrad
3400723,1133,Damenfahrrad
9100202,350,Fahrrad
4501044,1092,Damenfahrrad
6400842,748,Herrenfahrrad
2400625,1290,Mountainbike
3601346,2029,Damenfahrrad
4300621,687,Damenfahrrad
1100312,200,Herrenfahrrad
9100101,850,Herrenfahrrad
9200715,853,Herrenfahrrad
2500835,3258,Fahrrad
10100311,599,Damenfahrrad
6400842,2490,Herrenfahrrad
3601452,808,Herrenfahrrad
2300419,300,Damenfahrrad
4300623,599,Herrenfahrrad
2500726,320,Damenfahrrad
1200517,450,Mountainbike
9501939,828,Damenfahrrad
2100102,2699,Herrenfahrrad
6300527,439,Damenfahrrad
4501150,488,Damenfahrrad
4500938,998,Herrenfahrrad
9200613,685,Damenfahrrad
2400624,200,Kinderfahrrad
2500833,629,Herrenfahrrad
2400522,1000,Herrenfahrrad
3400723,150,Damenfahrrad
9200512,290,Herrenfahrrad
3601139,797,Herrenfahrrad
1100308,1056,Fahrrad
6300629,288,Herrenfahrrad
11300617,599,Herrenfahrrad
1100309,300,Damenfahrrad
3601348,388,Herrenfahrrad
6400840,850,Damenfahrrad
1300733,1200,Fahrrad
3400723,273,Kinderfahrrad
8100206,750,Damenfahrrad
9501940,900,Rennrad
11501340,625,Kinderfahrrad
7200308,224,Herrenfahrrad
3701554,1000,Herrenfahrrad
2500833,500,Damenfahrrad
4300413,2000,Damenfahrrad
4300413,2200,Herrenfahrrad
4300413,2138,Fahrrad
2400625,300,Fahrrad
7400720,699,Herrenfahrrad
4400835,1100,Herrenfahrrad
1200626,570,Damenfahrrad
3601244,498,Herrenfahrrad
1200626,32,Herrenfahrrad
6100102,599,Herrenfahrrad
3300412,800,Herrenfahrrad
6300634,1400,Herrenfahrrad
3400724,999,Damenfahrrad
8100314,614,Damenfahrrad
3501038,328,Damenfahrrad
9100101,699,Herrenfahrrad
7100206,800,Herrenfahrrad
12400618,400,Fahrrad
11300617,600,Herrenfahrrad
7200413,465,Herrenfahrrad
8100312,250,Herrenfahrrad
1100415,668,Mountainbike
5100209,599,Damenfahrrad
7100204,1700,Herrenfahrrad
1200517,280,Herrenfahrrad
11400927,849,Herrenfahrrad
7100206,628,Damenfahrrad
10100210,400,Damenfahrrad
11200512,239,Damenfahrrad
3400826,770,Herrenfahrrad
3601347,570,Herrenfahrrad
3701660,800,Damenfahrrad
6100102,399,Damenfahrrad
9200715,599,Herrenfahrrad
3400724,629,Damenfahrrad
1200623,999,Herrenfahrrad
10100314,376,Herrenfahrrad
1100310,300,Damenfahrrad
3601141,460,Herrenfahrrad
2200208,350,Mountainbike
8100102,678,Herrenfahrrad
3200309,426,Herrenfahrrad
2400624,170,Kinderfahrrad
1100102,1249,Herrenfahrrad
2500726,1200,Herrenfahrrad
11400929,500,Damenfahrrad
3601451,796,Herrenfahrrad
8100419,299,Mountainbike
8200726,900,Herrenfahrrad
10300732,1000,divers
9200717,972,Rennrad
6200421,2600,Herrenfahrrad
6200314,330,Herrenfahrrad
11300725,1133,Herrenfahrrad
1200521,685,Damenfahrrad
10100104,400,Damenfahrrad
2500835,2299,Herrenfahrrad
5100316,1030,Damenfahrrad
1100309,0,Damenfahrrad
9100408,599,Herrenfahrrad
12200412,2700,Herrenfahrrad
8100418,190,Damenfahrrad
3601142,0,Herrenfahrrad
8100418,424,Mountainbike
7200413,471,Herrenfahrrad
8100312,1785,Damenfahrrad
1200626,1000,Herrenfahrrad
11400927,547,Herrenfahrrad
7200409,180,Damenfahrrad
10300733,1220,Damenfahrrad
1200629,1530,Fahrrad
8100102,1000,Damenfahrrad
5100315,734,Herrenfahrrad
8100208,100,Damenfahrrad
2200211,599,Herrenfahrrad
3400828,350,Damenfahrrad
1300733,300,Rennrad
11400927,50,Herrenfahrrad
1100103,300,Mountainbike
2300418,500,divers
3601348,150,Fahrrad
1100309,200,Fahrrad
9300921,170,Damenfahrrad
1100104,200,Mountainbike
2500833,400,Mountainbike
4501149,3024,Fahrrad
2500834,1900,Fahrrad
2500834,1099,Damenfahrrad
12601235,350,divers
2500833,50,Herrenfahrrad
1200624,1000,Mountainbike
2200210,600,divers
8100419,75,Kinderfahrrad
5200629,50,Mountainbike
3701554,150,Kinderfahrrad
8100520,100,Fahrrad
11200513,2188,Damenfahrrad
7100101,1500,Rennrad
11100101,500,Fahrrad
1200623,3320,Mountainbike
8100209,20,Fahrrad
3601243,1100,Herrenfahrrad
4501042,1200,Herrenfahrrad
7100206,500,Herrenfahrrad
3701658,1080,Herrenfahrrad
6300633,550,Herrenfahrrad
6200421,1300,Damenfahrrad
1100103,644,Damenfahrrad
6100204,1009,Herrenfahrrad
3200207,500,Fahrrad
11200513,255,Mountainbike
8100314,458,Herrenfahrrad
1200626,1060,Damenfahrrad
4200308,400,Fahrrad
3400826,999,Herrenfahrrad
4500937,500,Fahrrad
9200512,1050,Damenfahrrad
3100101,100,Herrenfahrrad
12200515,2000,Damenfahrrad
12100103,700,Damenfahrrad
8100418,955,Fahrrad
1100416,1700,Herrenfahrrad
2200213,1449,Herrenfahrrad
3400723,450,Mountainbike
9200613,281,Herrenfahrrad
2300315,3000,Lastenfahrrad
1100308,1174,Herrenfahrrad
4300415,799,Damenfahrrad
4501148,1980,Damenfahrrad
2500833,2149,Herrenfahrrad
2300418,2200,Lastenfahrrad
1200629,260,Fahrrad
9200511,950,Herrenfahrrad
1100309,1265,Damenfahrrad
4300413,60,Fahrrad
8200729,1374,divers
11300826,749,Damenfahrrad
1100414,536,Herrenfahrrad
3601244,1100,Rennrad
11200410,300,Herrenfahrrad
2500831,1000,Herrenfahrrad
9501940,499,Herrenfahrrad
10400939,428,Herrenfahrrad
12400723,400,Damenfahrrad
9300921,4099,Mountainbike
4500936,899,Herrenfahrrad
11501339,960,Rennrad
8100311,400,Herrenfahrrad
3601347,1,Mountainbike
3400830,577,Herrenfahrrad
7100102,1309,Herrenfahrrad
6100205,580,Damenfahrrad
4300619,189,Fahrrad
12100103,700,Mountainbike
10300731,100,Herrenfahrrad
1100207,2000,Damenfahrrad
1200521,650,Herrenfahrrad
2200210,441,Damenfahrrad
6100103,300,Herrenfahrrad
6200423,624,Herrenfahrrad
3701658,333,Damenfahrrad
9501939,2700,Damenfahrrad
7601237,1671,Herrenfahrrad
3601244,392,Kinderfahrrad
1200522,1999,Fahrrad
12500930,150,Herrenfahrrad
7200410,800,Damenfahrrad
2500832,388,Herrenfahrrad
3601139,475,Herrenfahrrad
11501340,100,Fahrrad
3601245,852,Damenfahrrad
8100417,250,Mountainbike
5200423,50,Damenfahrrad
4400727,587,Herrenfahrrad
2200210,290,Herrenfahrrad
4400834,598,Fahrrad
9301228,1199,Herrenfahrrad
8100209,1999,Herrenfahrrad
3400828,3749,Mountainbike
4400726,620,Herrenfahrrad
11300617,428,Damenfahrrad
8100103,450,Herrenfahrrad
7100101,380,Herrenfahrrad
10100210,500,Herrenfahrrad
7200307,1800,Damenfahrrad
2200210,600,Damenfahrrad
3701554,333,Damenfahrrad
8100102,150,Fahrrad
3701554,300,Herrenfahrrad
3601243,799,Herrenfahrrad
12100103,1026,Herrenfahrrad
2200211,3384,divers
12500927,420,Herrenfahrrad
12400721,936,divers
3400827,1100,Damenfahrrad
9501940,699,Herrenfahrrad
1300834,260,Rennrad
3701556,495,Herrenfahrrad
6300526,545,Herrenfahrrad
4500939,700,Herrenfahrrad
5200420,120,Damenfahrrad
7200413,960,Damenfahrrad
4300413,1888,Damenfahrrad
6400842,860,Herrenfahrrad
3601142,2200,Rennrad
5100210,160,Damenfahrrad
3701660,799,Herrenfahrrad
7601544,399,Herrenfahrrad
2500727,661,Damenfahrrad
4500938,730,Fahrrad
1200628,500,Herrenfahrrad
4300623,458,Damenfahrrad
1100102,600,Herrenfahrrad
12500926,554,Herrenfahrrad
4300623,799,Damenfahrrad
4501045,381,Damenfahrrad
9100408,3300,Herrenfahrrad
11300722,599,Damenfahrrad
8301037,150,Damenfahrrad
8100521,350,Damenfahrrad
3701556,399,Herrenfahrrad
3500933,599,Damenfahrrad
6100207,200,Damenfahrrad
9200819,377,Herrenfahrrad
3701658,659,Herrenfahrrad
9401329,899,Fahrrad
9200717,1,Mountainbike
3601142,487,Kinderfahrrad
4300413,599,Herrenfahrrad
3601346,901,Damenfahrrad
7100101,1100,Herrenfahrrad
3200309,1350,Herrenfahrrad
1100415,930,Herrenfahrrad
3601140,799,Fahrrad
2200213,585,Herrenfahrrad
12100101,370,Damenfahrrad
1100308,175,Fahrrad
3601141,1878,Herrenfahrrad
1300834,1000,Herrenfahrrad
1100207,350,Fahrrad
1200521,1380,Damenfahrrad
3400829,3000,Mountainbike
10400939,525,Herrenfahrrad
12400721,800,Herrenfahrrad
2200212,1200,Fahrrad
2300314,200,Herrenfahrrad
3400722,2988,Herrenfahrrad
2400521,1132,Herrenfahrrad
2500830,1000,Fahrrad
7501133,564,Herrenfahrrad
2500833,480,Rennrad
3200207,638,Herrenfahrrad
8100417,538,Damenfahrrad
11100309,411,Herrenfahrrad
6100207,590,Damenfahrrad
9200818,500,Damenfahrrad
3200207,804,Herrenfahrrad
5100316,900,Herrenfahrrad
3300514,350,Damenfahrrad
2500835,427,Kinderfahrrad
3701660,700,Herrenfahrrad
9200818,459,Damenfahrrad
4501148,488,Herrenfahrrad
3601451,500,Herrenfahrrad
7100101,65,Damenfahrrad
8100416,1000,Damenfahrrad
7300517,1008,Herrenfahrrad
8100314,1000,Damenfahrrad
3601140,60,Fahrrad
9200715,350,Herrenfahrrad
3601139,2818,Herrenfahrrad
3500934,185,Kinderfahrrad
3601243,1000,divers
2400624,500,Damenfahrrad
2500834,400,Herrenfahrrad
9100101,299,Damenfahrrad
7601544,300,Herrenfahrrad
6400840,770,Damenfahrrad
10200418,1919,divers
7100101,1800,Mountainbike
2300419,350,Herrenfahrrad
5100316,1100,Herrenfahrrad
10300731,499,Damenfahrrad
4200309,280,Herrenfahrrad
12500825,1,Damenfahrrad
7100101,900,Fahrrad
3601245,750,Fahrrad
6400839,399,Damenfahrrad
11300721,100,Mountainbike
6400735,539,Herrenfahrrad
1401045,546,Herrenfahrrad
2300417,570,Damenfahrrad
2400625,1080,Herrenfahrrad
1300834,180,Kinderfahrrad
1100416,250,Herrenfahrrad
6300633,620,Herrenfahrrad
8100521,500,Damenfahrrad
10400836,200,Herrenfahrrad
10200421,300,Damenfahrrad
2100104,505,Damenfahrrad
2400522,500,Herrenfahrrad
3701658,315,Herrenfahrrad
6300526,650,Herrenfahrrad
9501736,560,Herrenfahrrad
4300624,1300,Herrenfahrrad
11501238,799,Herrenfahrrad
1100310,999,Mountainbike
10100311,518,Herrenfahrrad
2200211,340,Herrenfahrrad
6400838,1899,Herrenfahrrad
12100204,180,Fahrrad
4501041,1300,Fahrrad
2100102,979,Damenfahrrad
7200307,275,Herrenfahrrad
7100102,1400,Herrenfahrrad
11300725,1199,Damenfahrrad
2500830,999,Fahrrad
1200522,400,Herrenfahrrad
1100416,700,Herrenfahrrad
1200623,679,Fahrrad
5100101,400,Herrenfahrrad
11501341,380,Herrenfahrrad
2100105,949,Herrenfahrrad
7601340,500,Damenfahrrad
3701555,888,Damenfahrrad
7100103,2899,Herrenfahrrad
1100308,849,Herrenfahrrad
9100101,1074,Herrenfahrrad
2100106,450,Fahrrad
1100416,1800,Herrenfahrrad
4300620,1549,Rennrad
3701660,800,Herrenfahrrad
4300623,2600,Rennrad
4300413,424,Damenfahrrad
8100102,695,Herrenfahrrad
7100103,2399,Damenfahrrad
9100304,1959,Fahrrad
6400840,850,Herrenfahrrad
5100101,420,Kinderfahrrad
11400929,1760,Damenfahrrad
7100204,1144,Damenfahrrad
5100103,1000,Mountainbike
8200831,600,Herrenfahrrad
2200211,150,Damenfahrrad
3400724,500,Damenfahrrad
2100106,680,Damenfahrrad
1300834,200,Herrenfahrrad
6400844,2550,Herrenfahrrad
9301025,599,Damenfahrrad
12200412,1100,Fahrrad
8100416,648,Damenfahrrad
2300419,650,Herrenfahrrad
3200205,592,Damenfahrrad
10400940,500,Herrenfahrrad
4300620,600,Damenfahrrad
8200729,400,Damenfahrrad
4501040,1,Fahrrad
2300418,560,Herrenfahrrad
1100102,3500,Rennrad
11501238,317,Herrenfahrrad
2500834,250,Mountainbike
5100314,180,Herrenfahrrad
2400623,2000,Fahrrad
1100308,675,Mountainbike
2300314,1000,Mountainbike
12500926,2699,Herrenfahrrad
3601347,398,Fahrrad
4300624,500,Mountainbike
4501151,329,Damenfahrrad
3601451,450,Fahrrad
4300414,1099,Damenfahrrad
8200832,500,Fahrrad
7601236,1,Herrenfahrrad
7400824,1,Damenfahrrad
2500834,50,Herrenfahrrad
2300314,300,Herrenfahrrad
8300934,621,Fahrrad
2300314,500,Damenfahrrad
10100103,649,Damenfahrrad
4300416,180,Herrenfahrrad
8100312,300,Herrenfahrrad
4501153,500,Damenfahrrad
2300419,930,Herrenfahrrad
11300722,1000,Herrenfahrrad
3601243,800,Damenfahrrad
11401033,460,Herrenfahrrad
2100101,750,Herrenfahrrad
3701659,1600,Herrenfahrrad
9100409,500,Damenfahrrad
3400829,528,Damenfahrrad
4200308,350,Herrenfahrrad
8100101,699,Damenfahrrad
8300934,150,Damenfahrrad
10200629,1299,Mountainbike
9501939,425,Herrenfahrrad
11200411,1550,Mountainbike
1400942,2459,Mountainbike
1100103,1500,Fahrrad
2300315,699,Herrenfahrrad
11501339,699,Damenfahrrad
8100314,900,Herrenfahrrad
6100209,600,Herrenfahrrad
5100209,2950,Fahrrad
8100310,800,Rennrad
3400723,0,Herrenfahrrad
1100102,300,Herrenfahrrad
1300732,1000,Herrenfahrrad
2200208,600,Fahrrad
1100103,400,Fahrrad
12200413,180,Herrenfahrrad
1100102,3360,Herrenfahrrad
4300517,1255,Herrenfahrrad
7100101,199,Herrenfahrrad
4400835,1442,Damenfahrrad
2300418,80,Damenfahrrad
1300836,497,Herrenfahrrad
2200208,277,Herrenfahrrad
4300517,399,Damenfahrrad
4501153,500,Herrenfahrrad
9100408,3583,Herrenfahrrad
12100205,250,Herrenfahrrad
5200629,252,Herrenfahrrad
3601142,290,Kinderfahrrad
3601453,544,Herrenfahrrad
4300624,200,Damenfahrrad
6300527,450,Damenfahrrad
9100202,899,Damenfahrrad
10400941,948,Herrenfahrrad
1200624,2048,Fahrrad
2300419,1490,Fahrrad
7100204,499,Herrenfahrrad
7200409,1400,Herrenfahrrad
2300316,200,Damenfahrrad
1100308,490,Fahrrad
7100205,484,Herrenfahrrad
3601450,292,Herrenfahrrad
7100204,948,Herrenfahrrad
1100414,630,Fahrrad
8100103,300,Herrenfahrrad
2500832,550,Herrenfahrrad
2400623,999,Damenfahrrad
2200212,830,Damenfahrrad
11200513,473,Damenfahrrad
3701555,150,Herrenfahrrad
8100209,500,Damenfahrrad
2500729,899,Damenfahrrad
1100311,2298,Herrenfahrrad
9100304,2500,divers
2500835,398,Damenfahrrad
9200818,333,Damenfahrrad
9301126,2500,Herrenfahrrad
9200716,450,Mountainbike
4300518,1068,Herrenfahrrad
4501153,479,Damenfahrrad
3200207,790,Damenfahrrad
7200413,150,Damenfahrrad
6200420,446,Damenfahrrad
3701660,1500,Herrenfahrrad
7601545,499,Herrenfahrrad
4200311,1515,Damenfahrrad
4400835,299,Damenfahrrad
4300621,439,Damenfahrrad
11300725,599,Herrenfahrrad
6100101,567,Herrenfahrrad
6300527,650,Damenfahrrad
12400723,520,Damenfahrrad
9200512,2300,Mountainbike
9100101,900,Herrenfahrrad
2100104,500,Herrenfahrrad
4400835,899,Damenfahrrad
4400835,525,Herrenfahrrad
11501340,717,Damenfahrrad
3601244,350,Herrenfahrrad
6100208,530,Mountainbike
4300619,569,Herrenfahrrad
9301024,1103,Damenfahrrad
10300733,365,Damenfahrrad
5100208,400,Damenfahrrad
5100317,1800,Herrenfahrrad
3400722,799,Herrenfahrrad
3200205,849,Damenfahrrad
3500935,2332,Fahrrad
3500934,1250,Herrenfahrrad
1200623,50,Mountainbike
2500727,700,Mountainbike
4300621,1520,Damenfahrrad
8100417,1300,Herrenfahrrad
2300314,700,Herrenfahrrad
10300732,499,Damenfahrrad
1100206,740,Herrenfahrrad
8301037,100,Mountainbike
7200307,2750,Fahrrad
1100206,830,Herrenfahrrad
4400830,400,Mountainbike
9200511,530,Damenfahrrad
7300618,300,Herrenfahrrad
6400737,519,Mountainbike
1200625,498,Herrenfahrrad
3200206,627,Damenfahrrad
1200522,800,Damenfahrrad
1200629,1400,Herrenfahrrad
1300733,200,Damenfahrrad
9301126,599,Herrenfahrrad
3601346,250,Herrenfahrrad
11501238,1442,Mountainbike
1200628,600,Herrenfahrrad
9100101,569,Damenfahrrad
8100416,788,Fahrrad
12200413,999,Herrenfahrrad
4501150,811,Herrenfahrrad
2200210,1000,Damenfahrrad
8200622,1450,Herrenfahrrad
7100205,330,Herrenfahrrad
11200514,370,Herrenfahrrad
1400942,257,Damenfahrrad
1200517,400,Mountainbike
9100203,1200,Herrenfahrrad
2200210,948,Damenfahrrad
8100314,170,Herrenfahrrad
6100103,960,Herrenfahrrad
1100312,199,Damenfahrrad
7100205,250,Damenfahrrad
9200613,380,Herrenfahrrad
11300725,140,Damenfahrrad
3200308,202,Herrenfahrrad
3400826,599,Damenfahrrad
7400824,448,Damenfahrrad
11501238,960,Damenfahrrad
2300316,950,Herrenfahrrad
5200629,600,Herrenfahrrad
2300316,600,Herrenfahrrad
2400522,340,Damenfahrrad
10100207,379,Kinderfahrrad
3601451,922,Herrenfahrrad
9100304,850,Herrenfahrrad
4400835,633,Herrenfahrrad
7200413,800,Damenfahrrad
9502042,600,Damenfahrrad
1100103,150,Herrenfahrrad
2500728,1498,Herrenfahrrad
3601142,931,Herrenfahrrad
2500830,350,Herrenfahrrad
9501940,600,Damenfahrrad
12200412,899,Damenfahrrad
1100313,1148,Fahrrad
11501339,431,Damenfahrrad
1300732,200,Damenfahrrad
7100101,4500,Herrenfahrrad
10300733,449,Herrenfahrrad
12400720,1014,Damenfahrrad
2500834,500,Damenfahrrad
11200513,219,Herrenfahrrad
1200624,719,Mountainbike
9100101,1700,Fahrrad
2400625,1243,Herrenfahrrad
4501149,0,Herrenfahrrad
2500836,500,Damenfahrrad
9100101,999,Herrenfahrrad
4300416,404,Herrenfahrrad
3500933,630,Herrenfahrrad
11100309,449,Mountainbike
9200717,255,Herrenfahrrad
12601134,300,Herrenfahrrad
4400835,2161,Fahrrad
3601139,277,Mountainbike
9100101,444,Kinderfahrrad
2500726,6164,Fahrrad
3601244,928,Damenfahrrad
9200818,962,Herrenfahrrad
2300316,1772,divers
4501040,1561,Damenfahrrad
4501040,600,Herrenfahrrad
7200409,1349,Herrenfahrrad
9301024,990,Damenfahrrad
3500932,350,Herrenfahrrad
7200413,584,Damenfahrrad
2400522,400,Herrenfahrrad
3601142,1200,Herrenfahrrad
11200512,586,Herrenfahrrad
4501152,600,Damenfahrrad
6400840,90,Herrenfahrrad
8100415,450,Herrenfahrrad
7200308,1000,Damenfahrrad
7300618,980,Herrenfahrrad
7300618,2300,Damenfahrrad
9200613,2799,Damenfahrrad
6100208,1195,Herrenfahrrad
2100105,461,Damenfahrrad
11401136,260,Herrenfahrrad
4300623,3000,Fahrrad
6100209,652,Herrenfahrrad
6100209,1017,Damenfahrrad
9301126,357,Damenfahrrad
7400822,4000,Herrenfahrrad
2400522,320,Herrenfahrrad
5200525,1050,Damenfahrrad
9501838,2000,Herrenfahrrad
1100308,4500,Damenfahrrad
11200514,20,Mountainbike
1100103,100,Herrenfahrrad
4100101,250,Herrenfahrrad
12400720,699,Herrenfahrrad
6400839,400,Damenfahrrad
2300417,220,Herrenfahrrad
3200205,540,Damenfahrrad
2300314,330,Herrenfahrrad
12200308,550,Mountainbike
4300416,50,Damenfahrrad
2500835,1899,Herrenfahrrad
2200212,400,Rennrad
7501134,499,Damenfahrrad
11200514,325,Damenfahrrad
4300623,548,Herrenfahrrad
1300732,453,Damenfahrrad
11400928,699,Herrenfahrrad
7200308,999,Herrenfahrrad
6100102,1100,Herrenfahrrad
2200207,3099,Herrenfahrrad
1100416,999,Damenfahrrad
2500831,300,Rennrad
2500729,687,Damenfahrrad
12500824,899,Herrenfahrrad
11200513,1022,Herrenfahrrad
2300419,633,Kinderfahrrad
4300623,694,Damenfahrrad
9501736,519,Kinderfahrrad
2500727,1099,Herrenfahrrad
2500728,1680,Herrenfahrrad
2200210,959,Herrenfahrrad
5100102,822,Herrenfahrrad
9501939,1049,Herrenfahrrad
6100102,450,divers
1100309,150,divers
6100208,1000,Fahrrad
2500729,2799,Damenfahrrad
9100101,499,Herrenfahrrad
11100101,140,Herrenfahrrad
4300416,100,Damenfahrrad
6300528,150,Mountainbike
8100312,449,Rennrad
4300414,500,Herrenfahrrad
9100408,1200,Fahrrad
7501031,500,Mountainbike
12601235,900,divers
3601347,804,Damenfahrrad
3500935,1,divers
12400618,300,Herrenfahrrad
1200517,500,Rennrad
9100203,100,Damenfahrrad
11501340,1,Herrenfahrrad
2400623,100,Mountainbike
11501340,1,Herrenfahrrad
5400943,300,Fahrrad
4300414,887,Herrenfahrrad
12601133,200,Kinderfahrrad
1401048,300,Herrenfahrrad
3601244,50,Herrenfahrrad
4100101,899,Herrenfahrrad
9501838,299,Herrenfahrrad
1100310,600,Mountainbike
3601453,569,Herrenfahrrad
4300416,950,Herrenfahrrad
4501043,776,Herrenfahrrad
4400835,580,Damenfahrrad
4300413,2000,Damenfahrrad
3300514,306,Damenfahrrad
11501238,229,Damenfahrrad
9300921,100,Damenfahrrad
1401044,100,Mountainbike
3601243,855,Herrenfahrrad
2200210,299,Herrenfahrrad
2500729,499,Herrenfahrrad
9200819,40,Herrenfahrrad
11300725,1497,Herrenfahrrad
4300412,300,Damenfahrrad
2200211,1000,Herrenfahrrad
3601347,490,Damenfahrrad
9200511,599,Herrenfahrrad
9501838,250,Herrenfahrrad
6100209,737,Herrenfahrrad
7100101,320,Herrenfahrrad
1300730,620,Herrenfahrrad
6400838,700,Fahrrad
1200628,100,Herrenfahrrad
1401047,300,Herrenfahrrad
9200715,936,Herrenfahrrad
1100311,2502,Herrenfahrrad
1300834,550,Herrenfahrrad
9200717,2300,divers
2500834,965,Herrenfahrrad
1100414,400,Fahrrad
3400722,300,Herrenfahrrad
3400722,1270,Damenfahrrad
7100102,799,Mountainbike
6400839,678,Herrenfahrrad
9200717,449,Mountainbike
4501153,400,Fahrrad
6400838,250,Damenfahrrad
10300732,700,Damenfahrrad
1100310,848,Damenfahrrad
4300414,3028,Herrenfahrrad
4300623,353,Damenfahrrad
6100207,699,Herrenfahrrad
1100104,350,Damenfahrrad
2200210,3200,Herrenfahrrad
6100209,499,Damenfahrrad
3701556,579,Mountainbike
12200515,800,Herrenfahrrad
6100207,699,Herrenfahrrad
3601142,400,Damenfahrrad
7200307,1400,Herrenfahrrad
1401045,539,Herrenfahrrad
9200510,80,Fahrrad
9200510,30,Mountainbike
6100204,550,Mountainbike
5200629,200,Damenfahrrad
6400840,450,Damenfahrrad
2200211,800,Herrenfahrrad
2500836,700,Herrenfahrrad
8100314,800,Herrenfahrrad
3100103,229,Fahrrad
1100309,340,Damenfahrrad
8300934,300,Damenfahrrad
12601236,499,Herrenfahrrad
7100206,500,Kinderfahrrad
6300527,650,Herrenfahrrad
11400931,350,Herrenfahrrad
8200622,220,Herrenfahrrad
2500833,370,Fahrrad
1100415,399,Damenfahrrad
1100415,500,Herrenfahrrad
9100202,449,Damenfahrrad
1100313,250,Damenfahrrad
11401135,500,Damenfahrrad
8100311,749,Herrenfahrrad
1100415,600,Herrenfahrrad
6300630,1249,Herrenfahrrad
8300935,1,Herrenfahrrad
12400721,2164,Fahrrad
4300518,195,Damenfahrrad
6400839,1000,Herrenfahrrad
4501149,460,Herrenfahrrad
3500935,478,Herrenfahrrad
1100313,1234,Herrenfahrrad
2500727,209,Damenfahrrad
12100206,2000,Fahrrad
10100312,1199,Herrenfahrrad
12601235,3000,Herrenfahrrad
2300314,750,Herrenfahrrad
4300414,800,Damenfahrrad
4300623,1446,Damenfahrrad
11501340,500,Herrenfahrrad
9100101,2125,Damenfahrrad
2200211,750,Herrenfahrrad
1200520,700,Herrenfahrrad
11200512,649,Herrenfahrrad
9100101,620,Kinderfahrrad
2300417,300,Herrenfahrrad
11400928,500,Mountainbike
11401135,388,Damenfahrrad
8100415,575,Herrenfahrrad
7100204,5200,Mountainbike
11401033,300,Herrenfahrrad
3601140,600,Herrenfahrrad
11300721,2500,Damenfahrrad
2500832,1067,Damenfahrrad
7200308,1500,Fahrrad
4501153,1800,Herrenfahrrad
4300623,3300,Damenfahrrad
7100101,639,Fahrrad
5200631,495,Damenfahrrad
7100206,869,Herrenfahrrad
4501150,930,Damenfahrrad
1100313,2630,Herrenfahrrad
4300621,500,Herrenfahrrad
1401048,1100,Rennrad
2500831,350,Damenfahrrad
7501030,0,Damenfahrrad
3601347,30,Herrenfahrrad
7200409,1160,Fahrrad
4300622,1600,Herrenfahrrad
4501149,870,Damenfahrrad
9501736,2400,Fahrrad
7100206,250,Herrenfahrrad
11501339,775,Herrenfahrrad
3601346,1074,Herrenfahrrad
12400722,249,Damenfahrrad
3601243,1044,Damenfahrrad
6400737,100,Rennrad
2200210,1160,Damenfahrrad
9200613,1000,Herrenfahrrad
11501341,525,Fahrrad
9200613,750,Herrenfahrrad
9200613,900,Herrenfahrrad
12400722,250,Damenfahrrad
2500729,770,Herrenfahrrad
9200613,1199,Herrenfahrrad
1100309,550,Damenfahrrad
11200514,700,Damenfahrrad
8100415,260,Damenfahrrad
9200717,399,Herrenfahrrad
3200207,471,Damenfahrrad
2400623,550,Damenfahrrad
9100101,800,Damenfahrrad
4501042,599,Herrenfahrrad
2500835,1900,Fahrrad
9501940,250,Herrenfahrrad
4501149,659,Damenfahrrad
6100103,650,Fahrrad
4200311,0,divers
1300836,270,Damenfahrrad
1300834,372,Rennrad
1300834,1599,Fahrrad
3500936,1700,Damenfahrrad
2300314,500,Herrenfahrrad
6400842,500,divers
1300834,850,Damenfahrrad
12400720,2712,Damenfahrrad
2400521,300,Damenfahrrad
3100103,250,Herrenfahrrad
2500832,599,Damenfahrrad
9301024,2099,Herrenfahrrad
10200422,2518,Damenfahrrad
9100101,635,Damenfahrrad
11300722,546,Herrenfahrrad
2300316,2639,Fahrrad
6100103,450,Fahrrad
2100102,1450,Herrenfahrrad
3701554,3150,Herrenfahrrad
9100101,1500,Fahrrad
2100106,679,Damenfahrrad
1300834,215,Damenfahrrad
4400729,420,Damenfahrrad
8100311,595,Damenfahrrad
1200624,999,Damenfahrrad
8100311,749,Herrenfahrrad
7200409,621,Damenfahrrad
11401032,500,Mountainbike
7601236,250,Damenfahrrad
5200629,399,Damenfahrrad
1200623,260,divers
3100101,733,Herrenfahrrad
8100103,150,Kinderfahrrad
1300733,750,Damenfahrrad
9100409,290,Herrenfahrrad
10100104,700,Herrenfahrrad
3601245,550,Herrenfahrrad
5100209,399,Herrenfahrrad
3701555,968,Herrenfahrrad
3701658,499,Kinderfahrrad
7601236,150,Damenfahrrad
2500831,500,Herrenfahrrad
7100206,1362,Herrenfahrrad
1200522,649,divers
1401048,500,Herrenfahrrad
3400724,429,Damenfahrrad
8100314,1000,Fahrrad
7200410,3099,Herrenfahrrad
12100205,4750,Fahrrad
4501146,569,Fahrrad
4300623,1428,Damenfahrrad
4501149,699,Herrenfahrrad
4501153,2699,Damenfahrrad
3601142,1075,Herrenfahrrad
3601243,250,Herrenfahrrad
11501341,599,Damenfahrrad
2500834,400,Herrenfahrrad
2200208,650,Damenfahrrad
6100207,2399,Damenfahrrad
3400721,599,Damenfahrrad
2300314,400,Fahrrad
7100204,629,Mountainbike
1200522,758,Herrenfahrrad
8100311,699,Damenfahrrad
9502042,913,Herrenfahrrad
7100206,300,Mountainbike
4300623,699,Damenfahrrad
2500729,474,Damenfahrrad
4501041,574,Kinderfahrrad
11200515,341,Damenfahrrad
2400522,500,Herrenfahrrad
2500727,1,Mountainbike
8100208,990,Herrenfahrrad
6300526,868,Herrenfahrrad
1200623,1012,Herrenfahrrad
9200717,1499,Herrenfahrrad
2500729,960,Damenfahrrad
7200409,588,Damenfahrrad
6300526,600,Damenfahrrad
9200715,1083,Damenfahrrad
8100415,500,Damenfahrrad
1200522,324,Damenfahrrad
9100101,1200,Herrenfahrrad
4300416,1900,divers
8100103,150,Kinderfahrrad
11501341,1000,Damenfahrrad
2400521,800,Herrenfahrrad
12400723,749,Herrenfahrrad
1200519,1699,Herrenfahrrad
3701658,849,Damenfahrrad
1100103,662,Herrenfahrrad
9200613,895,Damenfahrrad
8100105,1,Herrenfahrrad
11300618,270,Herrenfahrrad
9501736,376,Damenfahrrad
2300419,230,Herrenfahrrad
6200315,600,Herrenfahrrad
10100316,170,Kinderfahrrad
3701657,848,Damenfahrrad
8200622,80,Damenfahrrad
6200312,600,Fahrrad
11300616,499,Herrenfahrrad
10300734,209,Damenfahrrad
6300632,559,Herrenfahrrad
7601236,622,Damenfahrrad
12400618,390,Damenfahrrad
1300731,34,Rennrad
2200210,632,Damenfahrrad
9200613,490,Herrenfahrrad
11100206,149,Damenfahrrad
11300725,180,Damenfahrrad
2400520,499,Damenfahrrad
8200622,80,Damenfahrrad
4501151,1181,Herrenfahrrad
6200317,1585,Herrenfahrrad
10100104,180,Damenfahrrad
2200208,350,Herrenfahrrad
2100106,979,Herrenfahrrad
9100203,299,Herrenfahrrad
4200311,800,Damenfahrrad
4300624,836,Herrenfahrrad
2500834,800,Herrenfahrrad
9401635,1,Damenfahrrad
6100209,3100,Damenfahrrad
11501339,600,Herrenfahrrad
11501339,1,Rennrad
9301025,300,Kinderfahrrad
12100101,400,Mountainbike
4501153,499,Fahrrad
4501148,150,Herrenfahrrad
9301025,840,Mountainbike
5100208,0,Fahrrad
9301024,0,Mountainbike
2200211,899,Herrenfahrrad
3701555,999,Herrenfahrrad
2300418,528,Herrenfahrrad
3400826,599,Herrenfahrrad
7300515,700,Herrenfahrrad
2200210,600,Herrenfahrrad
2200210,610,Damenfahrrad
1200521,200,Herrenfahrrad
10100207,100,Mountainbike
4501042,1131,Mountainbike
2200213,684,Herrenfahrrad
8100312,253,Damenfahrrad
4501151,899,Damenfahrrad
1200519,300,Herrenfahrrad
11100204,399,Mountainbike
3100103,677,Damenfahrrad
3100103,100,Herrenfahrrad
8100311,700,Fahrrad
8100314,1220,Damenfahrrad
9200716,3200,Herrenfahrrad
10400835,500,Herrenfahrrad
3400723,349,Damenfahrrad
1200518,690,Damenfahrrad
9301024,400,Herrenfahrrad
9501940,583,Herrenfahrrad
3501038,100,Damenfahrrad
1100308,749,Herrenfahrrad
2500832,656,Damenfahrrad
3701659,779,Herrenfahrrad
1401046,2490,Fahrrad
7601544,200,Damenfahrrad
7400824,800,Damenfahrrad
2400623,964,Herrenfahrrad
11401034,540,Damenfahrrad
4300416,1813,Herrenfahrrad
1200520,459,Herrenfahrrad
12400721,299,Kinderfahrrad
7400721,500,Damenfahrrad
11401135,2173,divers
6200311,1799,Fahrrad
9502043,3650,Damenfahrrad
8100207,0,Fahrrad
2300314,803,Herrenfahrrad
8100415,460,Herrenfahrrad
9301228,500,Damenfahrrad
4300623,339,Damenfahrrad
6300526,519,Kinderfahrrad
11400929,1000,Herrenfahrrad
7400927,440,Herrenfahrrad
3601244,700,Herrenfahrrad
2500831,454,Herrenfahrrad
3601243,576,Damenfahrrad
3601347,290,Damenfahrrad
2500835,2414,divers
12100204,600,Damenfahrrad
2500831,552,Herrenfahrrad
2200210,185,Kinderfahrrad
2200210,672,Herrenfahrrad
5200524,100,Fahrrad
3200205,200,Herrenfahrrad
1200624,5200,Fahrrad
10200419,515,Herrenfahrrad
7400927,500,Herrenfahrrad
4300416,1591,Herrenfahrrad
3601348,785,Herrenfahrrad
3601453,1,Damenfahrrad
10300733,640,Damenfahrrad
6200315,100,Fahrrad
11501341,499,Damenfahrrad
3400620,599,Damenfahrrad
9100101,279,Damenfahrrad
9200715,404,Herrenfahrrad
9100203,422,Herrenfahrrad
10400941,2555,Herrenfahrrad
3601142,476,Fahrrad
1100310,2588,Damenfahrrad
9301024,530,Damenfahrrad
1100206,1200,Herrenfahrrad
4501043,550,Herrenfahrrad
3200310,299,Herrenfahrrad
2200210,345,Damenfahrrad
2100104,644,Fahrrad
10200417,750,Fahrrad
1100310,3999,Herrenfahrrad
8100208,900,Herrenfahrrad
9100407,1000,Fahrrad
11200410,499,Mountainbike
1100309,650,Damenfahrrad
9100304,821,Herrenfahrrad
3601142,280,Damenfahrrad
3601243,310,Damenfahrrad
4501043,100,Damenfahrrad
4501043,411,Damenfahrrad
2200211,699,Damenfahrrad
7300618,3389,Herrenfahrrad
4400830,1200,Herrenfahrrad
7200307,300,Damenfahrrad
9100101,799,Herrenfahrrad
9100101,1079,Herrenfahrrad
5200525,1054,Herrenfahrrad
8100208,300,Damenfahrrad
11200513,350,Herrenfahrrad
2500831,799,Herrenfahrrad
8200726,281,Mountainbike
1200519,1150,Damenfahrrad
6400842,480,Damenfahrrad
11300722,550,Damenfahrrad
12200310,30,Kinderfahrrad
2400623,320,Herrenfahrrad
2500833,850,Herrenfahrrad
8100206,1113,Herrenfahrrad
2500834,160,Herrenfahrrad
3701554,314,Herrenfahrrad
4500938,284,Kinderfahrrad
1300733,2700,Herrenfahrrad
9301126,639,Herrenfahrrad
10100207,559,Damenfahrrad
1100311,914,Fahrrad
2200212,480,Damenfahrrad
8100103,150,Fahrrad
11200513,904,divers
4300621,1,Fahrrad
2200211,300,Herrenfahrrad
5100316,0,Fahrrad
4501042,1,Damenfahrrad
2300418,350,Herrenfahrrad
11100203,450,Mountainbike
5100314,200,Herrenfahrrad
1300733,150,Damenfahrrad
7601442,1223,Mountainbike
11200512,764,Herrenfahrrad
11300616,776,Herrenfahrrad
3701556,849,Herrenfahrrad
2300417,200,Herrenfahrrad
4400726,828,Damenfahrrad
8100314,265,Damenfahrrad
6300528,2804,Damenfahrrad
6100207,140,Fahrrad
5100208,0,Herrenfahrrad
4300621,2150,Herrenfahrrad
11401034,500,Herrenfahrrad
2300419,2000,Fahrrad
1100309,100,Herrenfahrrad
3300514,1100,Mountainbike
2300418,500,Fahrrad
4400726,0,Mountainbike
10400835,200,Mountainbike
1300731,259,Herrenfahrrad
2200211,860,Damenfahrrad
11300618,3296,Herrenfahrrad
6300632,300,Fahrrad
11400929,4376,Herrenfahrrad
2300417,1300,Herrenfahrrad
1100416,950,Herrenfahrrad
1300836,680,Damenfahrrad
2500835,7500,Fahrrad
11501238,800,Herrenfahrrad
4300415,900,Fahrrad
1100102,2880,Damenfahrrad
4300413,2800,Damenfahrrad
4501153,1100,Herrenfahrrad
7100205,584,Herrenfahrrad
7200409,799,Damenfahrrad
7300618,700,Herrenfahrrad
6400737,2215,Herrenfahrrad
3400724,2800,divers
10100209,399,Herrenfahrrad
7501134,855,divers
6400838,8400,Mountainbike
3601141,600,Herrenfahrrad
8100313,466,Damenfahrrad
3701554,900,Herrenfahrrad
12400723,200,Fahrrad
4200309,580,Fahrrad
8100416,419,Damenfahrrad
10200526,169,Herrenfahrrad
9100305,1157,Fahrrad
3400829,639,Fahrrad
10100314,165,Kinderfahrrad
3601142,1084,Fahrrad
11400929,900,Damenfahrrad
2100103,100,Damenfahrrad
3601245,2000,Herrenfahrrad
1100416,504,Herrenfahrrad
11200410,600,Damenfahrrad
9300922,1149,Herrenfahrrad
4501152,400,Damenfahrrad
4300624,640,Damenfahrrad
7300516,500,Herrenfahrrad
4300624,640,Damenfahrrad
1200623,430,Herrenfahrrad
11300616,634,Damenfahrrad
1401043,319,Mountainbike
3601141,753,Herrenfahrrad
5100211,1790,Mountainbike
7100101,480,Herrenfahrrad
11401135,428,Damenfahrrad
7200409,423,Damenfahrrad
12500927,400,Damenfahrrad
9100101,850,Fahrrad
4501147,385,Herrenfahrrad
11100206,999,Damenfahrrad
7400825,300,Mountainbike
9100101,999,Herrenfahrrad
1200520,1205,Damenfahrrad
3400619,300,Herrenfahrrad
7400720,1710,Herrenfahrrad
5200629,166,Damenfahrrad
10300733,305,Damenfahrrad
2300316,750,Herrenfahrrad
10200422,566,divers
2500835,1500,divers
9100101,800,Damenfahrrad
11300722,400,Damenfahrrad
6200314,180,Herrenfahrrad
4501043,150,Herrenfahrrad
11300826,100,Herrenfahrrad
2300314,654,Kinderfahrrad
8200833,799,Herrenfahrrad
4501152,400,Herrenfahrrad
4400728,1500,Mountainbike
12200309,2518,Herrenfahrrad
9100202,600,Kinderfahrrad
9100101,300,Fahrrad
2300417,600,Damenfahrrad
1100308,300,Damenfahrrad
1200520,700,Herrenfahrrad
3601141,700,Damenfahrrad
7400826,2100,Fahrrad
3400618,799,Damenfahrrad
9200613,500,Damenfahrrad
2300419,333,Herrenfahrrad
8100419,850,Herrenfahrrad
5100211,599,Damenfahrrad
3500936,2288,Damenfahrrad
2300315,777,Damenfahrrad
1200518,637,Damenfahrrad
3400618,799,Damenfahrrad
7400824,700,Fahrrad
11400927,1998,Herrenfahrrad
4300414,285,Kinderfahrrad
6400736,900,divers
5100316,2381,divers
6400842,599,Herrenfahrrad
12400721,720,Herrenfahrrad
7501031,349,Damenfahrrad
3500935,950,Damenfahrrad
8401243,143,Herrenfahrrad
11300826,1102,Damenfahrrad
8200727,65,Damenfahrrad
1100308,2452,Herrenfahrrad
10400939,380,Fahrrad
3701660,616,Herrenfahrrad
3701556,544,Damenfahrrad
2500830,549,Damenfahrrad
3601453,524,Herrenfahrrad
9100101,350,Fahrrad
3701556,340,Herrenfahrrad
8200726,1227,Herrenfahrrad
6400842,599,Herrenfahrrad
10200524,299,Herrenfahrrad
4300622,1415,Damenfahrrad
8100313,679,Herrenfahrrad
3601348,205,Mountainbike
5100209,271,Herrenfahrrad
2200211,481,Damenfahrrad
7400720,20,Damenfahrrad
7100204,100,Herrenfahrrad
7100204,100,Herrenfahrrad
7100101,350,Herrenfahrrad
12100204,300,Herrenfahrrad
4200310,1182,Herrenfahrrad
3601452,1000,Herrenfahrrad
8100416,419,Damenfahrrad
8100105,368,Damenfahrrad
11501341,0,Mountainbike
3601453,398,Damenfahrrad
1401045,250,Herrenfahrrad
10100103,189,Mountainbike
2400623,2000,Rennrad
8100311,768,Fahrrad
2300419,850,Mountainbike
3601452,629,Damenfahrrad
1401043,1173,Herrenfahrrad
9200716,3870,Herrenfahrrad
7100101,666,Damenfahrrad
7400927,220,Damenfahrrad
9200716,2400,Herrenfahrrad
3601451,0,Damenfahrrad
6100205,452,Damenfahrrad
3601139,1199,Herrenfahrrad
2300419,700,Damenfahrrad
2200213,500,Rennrad
1100308,399,Damenfahrrad
11200514,333,Damenfahrrad
9200613,597,Herrenfahrrad
6100208,700,Herrenfahrrad
7100102,350,Fahrrad
1100308,374,Damenfahrrad
12400618,1,Damenfahrrad
2300419,400,Mountainbike
4400835,300,Herrenfahrrad
2200207,5639,Herrenfahrrad
6400842,761,Herrenfahrrad
5200633,3000,Damenfahrrad
11200514,302,Fahrrad
3601139,500,Damenfahrrad
5100208,250,Damenfahrrad
6100209,629,Damenfahrrad
4300621,200,Damenfahrrad
7400720,700,Damenfahrrad
3400827,500,Damenfahrrad
7400720,215,Herrenfahrrad
7300516,1560,Herrenfahrrad
2200211,1521,Herrenfahrrad
9502042,560,Herrenfahrrad
9200715,1490,Herrenfahrrad
1401047,600,Fahrrad
9501736,329,Herrenfahrrad
9501939,499,Herrenfahrrad
8100417,1000,Damenfahrrad
4300622,899,Herrenfahrrad
3701555,500,Herrenfahrrad
2100104,250,Herrenfahrrad
8100415,350,Herrenfahrrad
4501043,260,Damenfahrrad
9200510,499,Herrenfahrrad
4400834,495,Damenfahrrad
1300834,600,Kinderfahrrad
3400725,383,Kinderfahrrad
1200520,599,Damenfahrrad
9401534,1000,Damenfahrrad
2500834,450,Herrenfahrrad
1400940,3699,Rennrad
1100416,1106,Herrenfahrrad
5100316,579,Herrenfahrrad
2500834,509,Damenfahrrad
4200309,412,Herrenfahrrad
6400839,369,Damenfahrrad
3701556,1100,Herrenfahrrad
8100418,1500,Herrenfahrrad
3300514,430,Fahrrad
5200629,699,Herrenfahrrad
3400725,730,Damenfahrrad
1100416,689,Herrenfahrrad
2400623,549,Fahrrad
4500939,500,Damenfahrrad
5300841,1119,Damenfahrrad
4501151,3609,Fahrrad
12200515,800,Damenfahrrad
9501736,2277,Herrenfahrrad
11300722,848,Herrenfahrrad
11300722,400,Rennrad
4500937,100,Herrenfahrrad
10100101,260,Herrenfahrrad
3400831,416,Fahrrad
2400623,288,Fahrrad
1100313,454,Herrenfahrrad
4300619,448,Herrenfahrrad
11401032,499,Herrenfahrrad
2500835,699,Damenfahrrad
11401032,350,Herrenfahrrad
2500835,1983,Herrenfahrrad
11300616,930,Herrenfahrrad
2100101,999,Herrenfahrrad
4300620,350,Mountainbike
2300418,899,Damenfahrrad
2400625,245,Herrenfahrrad
4200309,1549,Damenfahrrad
7100204,1,divers
3400724,1300,divers
7400720,400,Damenfahrrad
3601142,440,Fahrrad
7100204,100,Damenfahrrad
1401043,240,Damenfahrrad
3601140,919,Mountainbike
9301025,400,Mountainbike
9300923,165,Kinderfahrrad
8100206,639,Herrenfahrrad
4501148,1030,Damenfahrrad
8100103,450,Herrenfahrrad
5100208,850,Herrenfahrrad
10200526,200,Damenfahrrad
4300416,799,Herrenfahrrad
8200623,330,Fahrrad
3400723,735,Damenfahrrad
1100415,202,Fahrrad
7400824,415,Fahrrad
7200409,1030,Damenfahrrad
3601453,500,Damenfahrrad
3300516,999,Herrenfahrrad
12200309,300,Damenfahrrad
1401043,2400,Damenfahrrad
3601347,1993,Herrenfahrrad
1100206,1634,Herrenfahrrad
1100309,1152,Damenfahrrad
1100414,600,Herrenfahrrad
4300414,3500,divers
1200517,319,Damenfahrrad
11200410,3850,Herrenfahrrad
3400723,633,Damenfahrrad
3601244,550,Herrenfahrrad
1200628,525,Herrenfahrrad
2400623,840,Herrenfahrrad
4501153,949,Herrenfahrrad
12400720,1900,Damenfahrrad
7400720,4400,Herrenfahrrad
6200422,999,Herrenfahrrad
1200517,499,Damenfahrrad
9200613,435,Damenfahrrad
2300316,1400,Herrenfahrrad
8100104,584,Damenfahrrad
6100209,200,Damenfahrrad
1200522,287,Herrenfahrrad
2500835,800,Herrenfahrrad
7100103,294,Herrenfahrrad
1100414,3520,divers
2300419,269,Kinderfahrrad
1100415,600,Herrenfahrrad
4200308,1165,Damenfahrrad
2100105,100,Fahrrad
10100101,1179,Herrenfahrrad
8100313,600,Damenfahrrad
1200520,590,Mountainbike
2500834,700,Fahrrad
3200205,269,Damenfahrrad
3400725,517,Kinderfahrrad
6200421,330,Mountainbike
1200628,639,Mountainbike
1200628,487,Damenfahrrad
3701555,355,Damenfahrrad
4300624,650,Herrenfahrrad
2200211,350,Damenfahrrad
4501043,1250,Damenfahrrad
8100312,150,Kinderfahrrad
1300834,400,Herrenfahrrad
2200211,1118,Herrenfahrrad
10400940,455,Herrenfahrrad
5200629,2100,Herrenfahrrad
4200309,910,Herrenfahrrad
11401135,4201,Fahrrad
7300618,1205,Herrenfahrrad
7400928,500,Herrenfahrrad
3601139,520,Damenfahrrad
2300314,499,Herrenfahrrad
1401047,750,Herrenfahrrad
3601453,320,Damenfahrrad
3400725,1499,Mountainbike
9200818,489,Herrenfahrrad
2200208,700,Damenfahrrad
11100101,500,Mountainbike
3400723,390,Damenfahrrad
8301036,359,Damenfahrrad
4501044,1450,Herrenfahrrad
7400927,534,Damenfahrrad
1100311,800,Damenfahrrad
2300316,340,Damenfahrrad
9200715,499,Damenfahrrad
5100211,1,Fahrrad
9200613,959,Damenfahrrad
9301126,199,Damenfahrrad
3701659,3594,Herrenfahrrad
3701554,772,Herrenfahrrad
7200413,539,Kinderfahrrad
12200515,620,Damenfahrrad
7300619,780,Damenfahrrad
1200517,444,Damenfahrrad
6300527,350,Damenfahrrad
5200629,220,Damenfahrrad
11400927,500,Herrenfahrrad
4501043,363,Damenfahrrad
3601450,1782,Fahrrad
3601245,848,Herrenfahrrad
9200715,499,Damenfahrrad
3701556,460,Herrenfahrrad
6100209,650,Herrenfahrrad
4501045,350,Herrenfahrrad
7501134,421,Herrenfahrrad
4501044,579,Damenfahrrad
4501147,435,Damenfahrrad
6100103,479,Damenfahrrad
3601142,999,Damenfahrrad
11501238,999,Fahrrad
4501042,799,Herrenfahrrad
1100205,700,Damenfahrrad
1200624,500,Herrenfahrrad
9300922,200,Herrenfahrrad
3400620,380,Fahrrad
7300515,800,Herrenfahrrad
7200413,599,Herrenfahrrad
3601347,501,Damenfahrrad
6400839,350,Damenfahrrad
9501940,499,Damenfahrrad
1100311,560,Damenfahrrad
7300515,450,Damenfahrrad
2100102,2999,Herrenfahrrad
1100310,2000,Herrenfahrrad
1300731,880,Herrenfahrrad
1100310,520,Herrenfahrrad
7300515,559,Damenfahrrad
11100308,260,Herrenfahrrad
1200629,250,Herrenfahrrad
9100202,199,Herrenfahrrad
1100311,270,Herrenfahrrad
4501149,929,Damenfahrrad
4501045,750,Herrenfahrrad
3200207,750,Herrenfahrrad
1200519,1120,Herrenfahrrad
3400721,950,Herrenfahrrad
9200613,240,Damenfahrrad
4501147,850,Herrenfahrrad
7501031,200,Damenfahrrad
7501030,406,Damenfahrrad
3601453,1604,Herrenfahrrad
4500939,60,Damenfahrrad
11100204,488,Damenfahrrad
4300413,200,Damenfahrrad
3501037,1600,Herrenfahrrad
7100101,750,Herrenfahrrad
1200522,398,Herrenfahrrad
7300515,1053,Herrenfahrrad
4501147,1483,Herrenfahrrad
1100312,700,Damenfahrrad
2100104,3700,Herrenfahrrad
3400828,550,Fahrrad
12200515,488,Herrenfahrrad
3500932,400,Damenfahrrad
9301024,200,Damenfahrrad
1400942,700,Damenfahrrad
9100304,782,Herrenfahrrad
11300619,910,divers
3400830,1143,Mountainbike
3500934,544,Damenfahrrad
3400619,2500,Herrenfahrrad
8100312,883,Herrenfahrrad
2200212,340,Damenfahrrad
4300413,500,Damenfahrrad
4400834,739,Damenfahrrad
9300921,599,Fahrrad
7601340,499,Damenfahrrad
6400737,400,Herrenfahrrad
2300314,450,Damenfahrrad
2400624,400,Herrenfahrrad
7200411,500,Herrenfahrrad
10400836,1898,Herrenfahrrad
9501737,150,Herrenfahrrad
1100103,260,Herrenfahrrad
9200613,844,Herrenfahrrad
2300417,420,Damenfahrrad
6100209,350,Herrenfahrrad
2200210,180,Kinderfahrrad
8100417,300,Mountainbike
7400720,235,Damenfahrrad
3501038,600,Damenfahrrad
4501041,527,Herrenfahrrad
3601451,289,Herrenfahrrad
7200409,320,Damenfahrrad
1401047,135,Damenfahrrad
4501044,1499,Fahrrad
4501151,415,Herrenfahrrad
9301126,3500,Rennrad
5300839,599,Damenfahrrad
2200211,940,Herrenfahrrad
3400721,742,Damenfahrrad
1100416,950,Rennrad
8401246,80,Herrenfahrrad
3601139,640,Damenfahrrad
7400720,490,Damenfahrrad
2200212,584,Damenfahrrad
3601243,410,Damenfahrrad
4400726,699,Herrenfahrrad
10300731,350,Damenfahrrad
8100206,199,Fahrrad
2300417,240,Damenfahrrad
9501737,338,Kinderfahrrad
4501045,349,Herrenfahrrad
3400826,675,Herrenfahrrad
1100313,380,Herrenfahrrad
1401046,150,Herrenfahrrad
2500836,1575,Herrenfahrrad
3500936,150,Fahrrad
4501041,900,Mountainbike
11300725,1020,Herrenfahrrad
3701554,650,Herrenfahrrad
7300618,620,Herrenfahrrad
5100210,599,Fahrrad
4400835,376,Kinderfahrrad
9100408,259,Damenfahrrad
2200210,629,Herrenfahrrad
9401534,3300,Herrenfahrrad
1300733,884,Herrenfahrrad
3500932,1000,Herrenfahrrad
2400624,100,Damenfahrrad
1100205,1000,Herrenfahrrad
1200519,1455,Damenfahrrad
8100103,200,Herrenfahrrad
4300623,1203,Herrenfahrrad
9100101,1870,Herrenfahrrad
11300826,463,Damenfahrrad
1200623,1200,Herrenfahrrad
9401431,319,Damenfahrrad
5100105,687,Herrenfahrrad
3400723,1059,Rennrad
5100105,599,Damenfahrrad
2300316,700,Herrenfahrrad
3701659,7200,Fahrrad
1200629,600,Herrenfahrrad
3501038,549,Damenfahrrad
9100304,900,Herrenfahrrad
1200522,100,Kinderfahrrad
4300517,550,Mountainbike
7601545,175,Fahrrad
11501341,450,Damenfahrrad
4501152,500,Damenfahrrad
11401135,333,Damenfahrrad
8100104,730,Herrenfahrrad
1100313,800,Damenfahrrad
7300619,850,Damenfahrrad
3601347,390,Damenfahrrad
11401033,1000,Fahrrad
2300314,500,Herrenfahrrad
11100203,494,Herrenfahrrad
2300315,620,Rennrad
4501043,800,Damenfahrrad
4501043,2070,Herrenfahrrad
9100101,260,Fahrrad
3400721,400,Herrenfahrrad
3601244,1068,Rennrad
3400830,449,Herrenfahrrad
2100105,250,Fahrrad
11300618,800,Herrenfahrrad
10100207,100,Mountainbike
8100312,749,Damenfahrrad
1200629,500,Herrenfahrrad
2400522,800,Fahrrad
3601245,300,Herrenfahrrad
9301025,250,Damenfahrrad
3500935,520,Kinderfahrrad
1300834,700,Herrenfahrrad
2300314,750,Damenfahrrad
3200205,1306,Herrenfahrrad
11200513,200,Herrenfahrrad
3701660,1600,Damenfahrrad
1100416,650,Herrenfahrrad
2200213,1300,Herrenfahrrad
8100206,2000,Fahrrad
11200514,615,Herrenfahrrad
7400824,424,Damenfahrrad
7200411,409,Damenfahrrad
4501043,550,Fahrrad
4300622,2180,divers
5300737,0,Damenfahrrad
2300419,100,Damenfahrrad
9300920,150,Kinderfahrrad
7200307,70,Damenfahrrad
3601244,450,Fahrrad
6400840,712,Fahrrad
11200513,330,Herrenfahrrad
11400930,900,Herrenfahrrad
1100104,600,Fahrrad
4500937,855,Damenfahrrad
1300834,699,Damenfahrrad
9200511,533,Fahrrad
6200421,1450,Herrenfahrrad
1100104,175,Herrenfahrrad
10200420,100,Fahrrad
3601348,559,Damenfahrrad
4100101,177,Damenfahrrad
12200515,428,Herrenfahrrad
6200420,1450,Fahrrad
3701657,1179,Damenfahrrad
11400927,700,Herrenfahrrad
11300620,218,Herrenfahrrad
3400723,500,Damenfahrrad
2200213,750,Damenfahrrad
4300623,1149,Damenfahrrad
3601244,340,Damenfahrrad
9502043,499,Damenfahrrad
1100312,400,Herrenfahrrad
9100305,256,Herrenfahrrad
11100206,249,Herrenfahrrad
4500936,229,Damenfahrrad
4501041,1005,Damenfahrrad
5200631,950,Herrenfahrrad
10100315,970,Damenfahrrad
3400827,770,Herrenfahrrad
2200211,599,Damenfahrrad
2300418,743,Herrenfahrrad
1400942,310,Damenfahrrad
7300516,698,Damenfahrrad
4400830,1250,Fahrrad
7100102,0,Fahrrad
2300316,300,Rennrad
12400720,500,Herrenfahrrad
7300515,848,Herrenfahrrad
7601340,500,Damenfahrrad
8100207,280,Herrenfahrrad
4300413,650,Damenfahrrad
4300623,1149,divers
1300834,998,Damenfahrrad
4501147,977,Herrenfahrrad
7200307,80,Herrenfahrrad
12400618,399,Damenfahrrad
3500936,699,Herrenfahrrad
2300418,1300,Damenfahrrad
3400619,400,Damenfahrrad
4300415,630,Herrenfahrrad
1300835,190,Damenfahrrad
1100416,329,Kinderfahrrad
10200417,214,Herrenfahrrad
4501043,892,Herrenfahrrad
9100202,2058,Rennrad
9100304,299,Damenfahrrad
3501038,2500,Herrenfahrrad
2200211,650,Herrenfahrrad
1400942,410,Herrenfahrrad
8100102,1000,divers
11300725,100,Damenfahrrad
12500926,750,Damenfahrrad
3601451,330,Kinderfahrrad
10200629,318,Damenfahrrad
7400927,800,Fahrrad
1300730,600,Damenfahrrad
1100101,499,Fahrrad
9301126,1500,Herrenfahrrad
6200313,884,Herrenfahrrad
8100209,600,Herrenfahrrad
3601245,150,Damenfahrrad
2100105,599,Damenfahrrad
7200413,1107,Herrenfahrrad
6300631,999,Damenfahrrad
2500831,486,Damenfahrrad
4400728,699,Mountainbike
4300623,850,Herrenfahrrad
2200212,1000,Herrenfahrrad
1300730,536,Damenfahrrad
11300721,652,Herrenfahrrad
4501149,1000,Damenfahrrad
2400625,450,Herrenfahrrad
1100416,260,Fahrrad
3100103,575,Herrenfahrrad
4500938,750,Damenfahrrad
8100312,327,Herrenfahrrad
7300516,500,Damenfahrrad
4300623,920,Damenfahrrad
12100103,599,Damenfahrrad
3400828,949,Herrenfahrrad
12500825,2300,Herrenfahrrad
1100310,250,Herrenfahrrad
11501341,999,Damenfahrrad
2400624,640,Damenfahrrad
2400623,440,Damenfahrrad
2500834,1212,Fahrrad
9501736,1160,Herrenfahrrad
2500832,550,Fahrrad
2400624,580,Herrenfahrrad
9200613,1999,Damenfahrrad
2200212,1964,Fahrrad
3701660,1644,Herrenfahrrad
1100206,600,Fahrrad
8100208,300,Herrenfahrrad
7400720,1976,Herrenfahrrad
1200628,500,Herrenfahrrad
4300622,550,Herrenfahrrad
10300734,150,Damenfahrrad
3400723,2200,Herrenfahrrad
4400835,749,Herrenfahrrad
3400723,760,Herrenfahrrad
6200315,120,Fahrrad
6300526,550,Herrenfahrrad
9301126,784,Herrenfahrrad
4200308,290,Damenfahrrad
1200629,320,Kinderfahrrad
1200628,900,Damenfahrrad
4200309,500,Damenfahrrad
4500938,1179,Herrenfahrrad
3601139,3490,Fahrrad
9200818,599,Herrenfahrrad
7300618,1199,Herrenfahrrad
4501042,900,Damenfahrrad
1200624,719,Herrenfahrrad
2300419,999,Herrenfahrrad
11300722,519,Kinderfahrrad
11100205,670,divers
5100105,900,Damenfahrrad
1100102,800,Herrenfahrrad
1300834,800,Herrenfahrrad
4500938,1200,Mountainbike
4400728,620,Herrenfahrrad
8200726,300,Damenfahrrad
9301126,800,Herrenfahrrad
3701555,900,Damenfahrrad
4501042,950,Herrenfahrrad
9301024,350,Damenfahrrad
11300722,550,Herrenfahrrad
9300923,402,Kinderfahrrad
9300923,332,Kinderfahrrad
8100312,650,Damenfahrrad
10400836,300,Herrenfahrrad
9501737,723,Damenfahrrad
6300526,699,Herrenfahrrad
8100103,230,Kinderfahrrad
9200511,630,Herrenfahrrad
9100101,740,Herrenfahrrad
2300419,300,Herrenfahrrad
8100310,700,Damenfahrrad
2200210,230,Herrenfahrrad
12400723,599,Damenfahrrad
3601346,678,Herrenfahrrad
9200512,2879,Damenfahrrad
2200207,500,Fahrrad
2500834,219,Herrenfahrrad
1100101,2695,Herrenfahrrad
1100206,650,Damenfahrrad
9100408,2300,Damenfahrrad
11400927,699,Damenfahrrad
8100416,345,Herrenfahrrad
6400737,3200,Herrenfahrrad
4200308,1299,Herrenfahrrad
4300414,135,Damenfahrrad
4500936,778,Herrenfahrrad
4501045,1411,Herrenfahrrad
12400722,599,Herrenfahrrad
9100101,3037,Herrenfahrrad
5100211,350,divers
1401044,399,Herrenfahrrad
9301126,850,Herrenfahrrad
1200520,375,Herrenfahrrad
1200623,1139,Herrenfahrrad
2400521,714,Herrenfahrrad
2400522,1118,Herrenfahrrad
4300517,498,Herrenfahrrad
7200308,1500,Damenfahrrad
4501045,3439,divers
3300412,1139,Herrenfahrrad
9401329,50,Fahrrad
2400522,1500,Fahrrad
8100415,400,Herrenfahrrad
4300623,620,Fahrrad
7100205,400,Damenfahrrad
3601348,400,Fahrrad
7100102,150,Mountainbike
3500934,400,Fahrrad
1100308,298,Damenfahrrad
9401534,1080,Damenfahrrad
9200715,1189,Herrenfahrrad
2300419,368,Kinderfahrrad
9100202,320,Herrenfahrrad
4501153,758,Damenfahrrad
12100204,460,Herrenfahrrad
7100103,1759,divers
3701660,900,Herrenfahrrad
4501152,750,Damenfahrrad
1300733,977,Herrenfahrrad
3400826,1199,Damenfahrrad
3400721,570,Damenfahrrad
9100101,797,Damenfahrrad
4501147,964,Damenfahrrad
9401431,500,Damenfahrrad
9502043,250,Herrenfahrrad
2300418,283,Fahrrad
7400824,250,Herrenfahrrad
3500936,400,Damenfahrrad
4300416,750,Herrenfahrrad
4501147,690,Damenfahrrad
12601134,632,Damenfahrrad
2300417,1000,Damenfahrrad
3601140,600,Herrenfahrrad
9100101,1799,Herrenfahrrad
2200212,650,Fahrrad
12601134,628,Mountainbike
3601243,699,Fahrrad
1300733,959,Herrenfahrrad
11400927,807,Damenfahrrad
2500833,600,Damenfahrrad
4400830,860,Mountainbike
4300416,848,Damenfahrrad
11100101,500,Mountainbike
3701556,1449,Herrenfahrrad
2100104,1218,Damenfahrrad
9200715,699,Damenfahrrad
2200213,1200,Herrenfahrrad
3601453,999,Herrenfahrrad
3601142,1649,Herrenfahrrad
7400826,599,Herrenfahrrad
2200211,1900,Herrenfahrrad
8200833,820,Herrenfahrrad
1100104,310,Herrenfahrrad
6300527,564,Damenfahrrad
8301036,1389,Herrenfahrrad
9501939,500,Damenfahrrad
11501340,2968,Herrenfahrrad
2100102,370,Herrenfahrrad
9501940,1426,Fahrrad
5100316,590,Damenfahrrad
1300834,450,Fahrrad
2200210,150,Kinderfahrrad
6400839,498,Damenfahrrad
4501042,1400,Damenfahrrad
6400735,999,Herrenfahrrad
12500927,299,Damenfahrrad
5300737,298,Herrenfahrrad
8100310,220,Damenfahrrad
9301126,1155,Herrenfahrrad
9200512,1099,Herrenfahrrad
3601245,599,Damenfahrrad
1200624,1200,divers
2400522,200,Damenfahrrad
2400522,200,Fahrrad
2400522,200,Herrenfahrrad
4501150,50,Herrenfahrrad
2300419,379,Herrenfahrrad
3601141,1100,Herrenfahrrad
1400937,240,Herrenfahrrad
2200213,652,Damenfahrrad
4300413,2799,Herrenfahrrad
6400840,1039,Damenfahrrad
3400724,500,Herrenfahrrad
5100317,300,Herrenfahrrad
1100206,236,Fahrrad
4300518,448,Damenfahrrad
7400721,320,Kinderfahrrad
3601142,1500,Fahrrad
4501043,750,Fahrrad
1100415,568,Fahrrad
4300415,924,Herrenfahrrad
4300622,1249,Herrenfahrrad
11300721,759,Mountainbike
10100208,470,Herrenfahrrad
9200717,1000,Mountainbike
7100101,0,Mountainbike
3601347,0,Mountainbike
3601453,70,Mountainbike
8100521,1500,divers
3601243,1100,Fahrrad
2500835,2350,Fahrrad
4501153,799,Damenfahrrad
8100206,1900,Herrenfahrrad
2100103,265,Damenfahrrad
6100102,1200,Herrenfahrrad
10100312,636,Herrenfahrrad
3400830,706,Herrenfahrrad
3400830,375,Damenfahrrad
2200211,600,Herrenfahrrad
7400825,1000,Damenfahrrad
1300836,949,Damenfahrrad
8100314,599,Herrenfahrrad
3601140,280,Herrenfahrrad
1400939,446,Herrenfahrrad
12100205,1020,Herrenfahrrad
3400721,1274,Herrenfahrrad
6400839,200,Herrenfahrrad
4501151,2139,Fahrrad
4200310,520,Herrenfahrrad
8401139,1000,Herrenfahrrad
7400721,313,Mountainbike
3400721,3599,Fahrrad
1100103,800,Herrenfahrrad
9200716,2600,Herrenfahrrad
11501339,900,Damenfahrrad
4300413,500,Damenfahrrad
5100316,2000,Damenfahrrad
2400623,1626,Herrenfahrrad
2100102,330,Herrenfahrrad
3601452,250,Kinderfahrrad
4500937,2499,Herrenfahrrad
10300731,160,Fahrrad
1400942,3490,Herrenfahrrad
3400723,478,Herrenfahrrad
1100308,2624,Fahrrad
12500926,699,Damenfahrrad
4501153,850,Herrenfahrrad
3601347,799,Herrenfahrrad
9200715,720,Herrenfahrrad
2400520,963,Damenfahrrad
9200715,1099,Herrenfahrrad
7200413,3204,Fahrrad
4501045,500,Herrenfahrrad
9100101,90,Herrenfahrrad
12601032,700,Mountainbike
1400940,773,Herrenfahrrad
5100209,900,Fahrrad
2200210,1288,Damenfahrrad
1100309,450,Damenfahrrad
1100308,550,Herrenfahrrad
1200629,100,Herrenfahrrad
3601141,276,Damenfahrrad
4300415,551,Herrenfahrrad
12601134,799,Herrenfahrrad
1100103,250,Damenfahrrad
1100101,1149,Fahrrad
7100101,250,Fahrrad
11501341,719,Herrenfahrrad
3500934,600,Damenfahrrad
3400827,1300,Fahrrad
8100104,349,Damenfahrrad
4501042,354,Mountainbike
3400724,623,Kinderfahrrad
11401034,1000,Herrenfahrrad
2100103,1030,Herrenfahrrad
7601238,1100,Herrenfahrrad
5400945,299,Herrenfahrrad
10200524,470,Herrenfahrrad
4300413,1000,Herrenfahrrad
9401534,400,Kinderfahrrad
6100209,585,Herrenfahrrad
11400929,500,Herrenfahrrad
2400520,440,Kinderfahrrad
1100102,3499,Fahrrad
2200208,529,Damenfahrrad
2500726,599,Herrenfahrrad
1100102,1050,Herrenfahrrad
2300419,370,Herrenfahrrad
3701659,700,Damenfahrrad
4200309,300,Herrenfahrrad
5400943,809,Herrenfahrrad
3701555,1300,Herrenfahrrad
10100207,150,Kinderfahrrad
2500835,2758,Fahrrad
1300836,184,Rennrad
4501044,450,Herrenfahrrad
5300737,1300,Herrenfahrrad
8401244,749,Damenfahrrad
10100316,1228,Fahrrad
3400826,1214,Herrenfahrrad
9501736,500,Herrenfahrrad
2200213,1194,Damenfahrrad
7300515,1400,Herrenfahrrad
3601348,475,Herrenfahrrad
1100416,2000,Herrenfahrrad
3300412,552,Herrenfahrrad
1200628,650,Damenfahrrad
8100206,300,Fahrrad
1100310,600,Herrenfahrrad
7100206,1000,Herrenfahrrad
6300524,60,Herrenfahrrad
2200210,330,Damenfahrrad
3601142,900,Damenfahrrad
8200726,398,Damenfahrrad
4501042,1200,Damenfahrrad
8401243,450,Herrenfahrrad
1200625,800,Damenfahrrad
2100105,600,Herrenfahrrad
9100101,860,Herrenfahrrad
1100206,1130,Herrenfahrrad
12400722,2000,Fahrrad
7100101,1228,Herrenfahrrad
4501040,410,Kinderfahrrad
3400618,500,Damenfahrrad
6300630,800,Herrenfahrrad
3601348,880,Damenfahrrad
11501341,413,Kinderfahrrad
8100416,850,Damenfahrrad
6300634,390,Herrenfahrrad
3701659,400,Kinderfahrrad
3601348,850,Herrenfahrrad
11501238,519,Damenfahrrad
5100207,250,Damenfahrrad
4501042,804,Fahrrad
9200511,903,Herrenfahrrad
8200833,309,Mountainbike
3500936,600,Mountainbike
2200207,0,Herrenfahrrad
8100314,254,Damenfahrrad
10200525,580,Mountainbike
8100314,899,Damenfahrrad
11200514,249,Damenfahrrad
2500832,534,Fahrrad
1100101,920,divers
8100311,600,Herrenfahrrad
4300623,2293,Damenfahrrad
11501339,400,Fahrrad
7400822,700,Herrenfahrrad
8100312,400,Rennrad
2100104,478,Mountainbike
3701556,1000,Fahrrad
1100310,800,Herrenfahrrad
1300733,1120,divers
11300620,50,Herrenfahrrad
8100102,150,Damenfahrrad
4200309,545,Herrenfahrrad
4200309,983,Herrenfahrrad
2100104,799,Fahrrad
2100105,169,Damenfahrrad
3200207,1921,Damenfahrrad
2200208,1300,Herrenfahrrad
2200208,1,Fahrrad
12601133,300,Mountainbike
12100206,649,Herrenfahrrad
8100312,250,Damenfahrrad
8100103,500,Damenfahrrad
8100311,3020,Mountainbike
8200833,100,Herrenfahrrad
4501147,505,Herrenfahrrad
2200208,1,Fahrrad
10200419,450,Herrenfahrrad
4501147,1500,Fahrrad
3701658,607,Fahrrad
4501045,309,Herrenfahrrad
4300624,1178,Damenfahrrad
4400727,599,Herrenfahrrad
7100102,845,Damenfahrrad
5100316,860,Damenfahrrad
1100415,500,Damenfahrrad
1300732,1100,Herrenfahrrad
7601546,439,Damenfahrrad
9100101,873,Herrenfahrrad
4501148,639,Fahrrad
11300620,601,Herrenfahrrad
1100415,300,Damenfahrrad
11400929,425,Damenfahrrad
2400522,474,Herrenfahrrad
2500833,1000,Damenfahrrad
8401244,350,Mountainbike
6400842,492,Fahrrad
7200410,459,Herrenfahrrad
9501940,2259,Herrenfahrrad
9300920,498,Kinderfahrrad
9301025,450,Kinderfahrrad
11300616,1011,Herrenfahrrad
8401139,2499,Herrenfahrrad
9501939,1400,Herrenfahrrad
12200308,1800,Herrenfahrrad
2200210,1299,Herrenfahrrad
9200819,1059,Herrenfahrrad
10400939,799,Herrenfahrrad
4300623,399,Damenfahrrad
1300733,5840,Damenfahrrad
2400520,1100,Herrenfahrrad
6100103,599,Herrenfahrrad
2500835,432,Fahrrad
8200624,240,Herrenfahrrad
1400942,999,Damenfahrrad
9100304,383,Herrenfahrrad
1100311,506,Kinderfahrrad
9100203,1299,Damenfahrrad
12100205,300,Herrenfahrrad
6300634,3000,Herrenfahrrad
7601237,200,Kinderfahrrad
4400727,450,divers
3200207,500,Damenfahrrad
6100102,500,Damenfahrrad
1401045,969,Herrenfahrrad
9501736,614,Damenfahrrad
8100520,2300,Herrenfahrrad
1300834,400,Damenfahrrad
9200716,1999,Herrenfahrrad
2300314,1522,Herrenfahrrad
8100101,700,Herrenfahrrad
2200210,827,Damenfahrrad
7100103,800,Herrenfahrrad
1300733,450,Herrenfahrrad
4300623,210,Damenfahrrad
7400927,750,Herrenfahrrad
1100310,699,Fahrrad
5100105,380,Herrenfahrrad
4300517,1500,Herrenfahrrad
1100414,1000,Herrenfahrrad
7100205,650,Herrenfahrrad
7100205,599,Herrenfahrrad
11200410,2047,Damenfahrrad
3701659,699,Fahrrad
7200411,829,Damenfahrrad
3701556,478,Kinderfahrrad
6300632,600,Fahrrad
8100208,288,Herrenfahrrad
11300722,450,Damenfahrrad
9501941,400,Damenfahrrad
9501940,1200,divers
2200208,273,Fahrrad
3400827,150,Damenfahrrad
3400722,988,Herrenfahrrad
3300514,1775,Herrenfahrrad
9100202,0,Fahrrad
11300721,250,Rennrad
8100416,1614,Fahrrad
8401241,280,Mountainbike
1100312,180,Mountainbike
1100313,500,Herrenfahrrad
2300418,1400,Mountainbike
1200629,500,Mountainbike
9200613,800,Herrenfahrrad
6100102,500,Fahrrad
2100101,694,Damenfahrrad
6200421,1300,Damenfahrrad
4300619,1000,Fahrrad
2300419,542,Damenfahrrad
1200625,302,Fahrrad
6300527,500,Herrenfahrrad
5100210,50,Kinderfahrrad
8100311,700,Fahrrad
3200310,2479,Mountainbike
8100314,500,Rennrad
3701556,1,Mountainbike
1100312,700,Fahrrad
9100101,100,Damenfahrrad
5200421,150,Damenfahrrad
11100307,1500,Herrenfahrrad
2100102,0,Damenfahrrad
3701659,708,Fahrrad
6100209,330,Herrenfahrrad
8100419,350,Mountainbike
4500937,1000,Herrenfahrrad
7100205,1,Herrenfahrrad
11400929,750,Mountainbike
1200520,300,Damenfahrrad
4300415,50,Mountainbike
3701658,1,Herrenfahrrad
1401047,100,Mountainbike
4501153,200,Kinderfahrrad
3500936,150,Damenfahrrad
4501153,200,Kinderfahrrad
4501153,200,Kinderfahrrad
4501043,552,Mountainbike
3300412,630,Herrenfahrrad
10400941,800,Fahrrad
4501148,1500,Herrenfahrrad
3601141,350,Herrenfahrrad
1100207,1750,Herrenfahrrad
7601545,731,Damenfahrrad
11501340,800,Herrenfahrrad
11400929,250,Herrenfahrrad
8100101,900,divers
11300619,500,Damenfahrrad
1100206,3238,Herrenfahrrad
1400937,630,Damenfahrrad
1200520,250,Damenfahrrad
7100101,700,Herrenfahrrad
7100204,380,Kinderfahrrad
3701556,349,Fahrrad
10200629,150,Fahrrad
2100102,1087,Herrenfahrrad
7300515,349,Fahrrad
9200717,255,Damenfahrrad
2500835,999,Herrenfahrrad
2100102,1199,Herrenfahrrad
8300934,599,Herrenfahrrad
7100101,750,Fahrrad
5100312,400,Herrenfahrrad
3200310,400,Herrenfahrrad
8100314,699,Herrenfahrrad
9200512,1610,Herrenfahrrad
7100206,299,Damenfahrrad
11100206,1598,divers
7400927,950,Herrenfahrrad
2200207,300,Mountainbike
3200206,750,Damenfahrrad
2400522,379,Herrenfahrrad
4300619,2830,divers
1401045,449,Herrenfahrrad
4501044,409,Damenfahrrad
6400735,5004,divers
4501045,1599,Herrenfahrrad
8100312,882,Damenfahrrad
3400827,774,Herrenfahrrad
4300415,1010,Fahrrad
6400735,800,Damenfahrrad
7100204,1037,Herrenfahrrad
3701658,212,Fahrrad
1300733,640,Rennrad
3400722,998,Herrenfahrrad
4501040,800,Herrenfahrrad
1100101,966,Herrenfahrrad
1300836,4099,Herrenfahrrad
2200209,750,Herrenfahrrad
8100417,800,Rennrad
7200414,500,Herrenfahrrad
6400843,200,Herrenfahrrad
9501736,810,Damenfahrrad
6100102,400,Damenfahrrad
11300722,1301,Herrenfahrrad
2200211,549,Damenfahrrad
5100314,235,Herrenfahrrad
11100206,499,Damenfahrrad
7200411,1451,Damenfahrrad
7300515,500,Herrenfahrrad
8100312,849,Herrenfahrrad
4501153,2500,divers
6300633,775,Damenfahrrad
10100210,70,Fahrrad
4501146,1000,Herrenfahrrad
4501149,860,Damenfahrrad
1300836,600,divers
11501339,812,Herrenfahrrad
11300826,322,Damenfahrrad
1200624,1400,Herrenfahrrad
8100418,969,Herrenfahrrad
4300413,760,Damenfahrrad
4501153,672,Damenfahrrad
7501031,799,Herrenfahrrad
6300632,559,Kinderfahrrad
3601243,599,Damenfahrrad
12400723,1800,Herrenfahrrad
7501032,599,divers
3601140,744,Herrenfahrrad
4500938,727,Damenfahrrad
3500936,68,Kinderfahrrad
11300618,716,Herrenfahrrad
1100310,3678,Damenfahrrad
7200409,999,Damenfahrrad
6100204,599,Herrenfahrrad
5300840,1199,Herrenfahrrad
6400737,1200,Herrenfahrrad
5100312,500,divers
9501940,720,Herrenfahrrad
1100102,2400,Rennrad
11300722,1299,Herrenfahrrad
2500726,875,Damenfahrrad
7100206,499,Herrenfahrrad
6400839,1699,Herrenfahrrad
4300413,500,Mountainbike
4500938,300,Mountainbike
8100312,150,Kinderfahrrad
1100102,600,Mountainbike
2500836,388,Damenfahrrad
7100205,50,Damenfahrrad
1100309,1249,Damenfahrrad
3701659,799,Herrenfahrrad
11300826,384,Fahrrad
2500726,350,Herrenfahrrad
2500833,300,Herrenfahrrad
1100103,449,Mountainbike
9301126,500,Herrenfahrrad
11300722,500,Mountainbike
7300515,549,Herrenfahrrad
7400825,370,Herrenfahrrad
8100311,649,Herrenfahrrad
8401242,400,Herrenfahrrad
10100103,400,Herrenfahrrad
3501038,550,Herrenfahrrad
2100104,196,Kinderfahrrad
3501038,600,Herrenfahrrad
3500936,100,Damenfahrrad
2100101,340,Herrenfahrrad
1400939,70,Mountainbike
2500835,350,Damenfahrrad
3701554,300,Kinderfahrrad
1200629,484,Damenfahrrad
3601245,1000,Mountainbike
11501341,300,Herrenfahrrad
3200206,408,Fahrrad
2200210,280,Kinderfahrrad
9200511,200,Herrenfahrrad
3601142,1200,Fahrrad
11501340,910,Herrenfahrrad
2500729,797,Herrenfahrrad
6100102,494,Damenfahrrad
3300514,300,Herrenfahrrad
8100416,330,Herrenfahrrad
3400721,1000,Rennrad
3701556,750,Herrenfahrrad
3701555,350,Herrenfahrrad
3601142,570,Herrenfahrrad
11300617,575,Herrenfahrrad
1100309,600,Rennrad
2500728,870,Herrenfahrrad
3400830,494,Damenfahrrad
7200308,699,Mountainbike
8100102,1854,Damenfahrrad
4501150,1000,Herrenfahrrad
1300732,576,Herrenfahrrad
3701556,720,Herrenfahrrad
1100313,610,Herrenfahrrad
10300734,252,Damenfahrrad
3601452,1300,Damenfahrrad
2500830,1100,Herrenfahrrad
12500926,299,Fahrrad
4300622,300,Damenfahrrad
3200207,400,Damenfahrrad
2100104,600,Herrenfahrrad
4400834,500,Damenfahrrad
9301126,650,Mountainbike
10100104,255,Damenfahrrad
8100416,700,Herrenfahrrad
3400722,500,Herrenfahrrad
5200629,639,Herrenfahrrad
7501134,380,Kinderfahrrad
4501045,220,Damenfahrrad
7200307,250,Damenfahrrad
8301037,402,Herrenfahrrad
2200210,350,Herrenfahrrad
10300734,140,Damenfahrrad
9100101,1199,Herrenfahrrad
2200209,500,Damenfahrrad
6300527,439,Damenfahrrad
3400723,650,Mountainbike
2200209,749,Herrenfahrrad
1100309,350,Fahrrad
1100310,600,Damenfahrrad
11400927,490,Damenfahrrad
8301037,1900,divers
4300619,399,Damenfahrrad
2200213,545,Herrenfahrrad
8200727,221,Herrenfahrrad
1200521,1599,Herrenfahrrad
4501153,515,Damenfahrrad
3500934,1000,Fahrrad
7400927,200,Herrenfahrrad
10300734,2259,Damenfahrrad
1200521,1100,Herrenfahrrad
3500934,1000,Fahrrad
1200522,1218,Fahrrad
1401046,980,Herrenfahrrad
2100102,4000,Rennrad
2300418,517,Damenfahrrad
9200717,501,Herrenfahrrad
7200410,450,Herrenfahrrad
9100408,100,Mountainbike
1100415,720,Damenfahrrad
4501149,1050,Herrenfahrrad
1200522,1550,Damenfahrrad
4501149,999,Damenfahrrad
6400842,788,Herrenfahrrad
6300629,400,Herrenfahrrad
2200210,370,Herrenfahrrad
4400727,3462,Herrenfahrrad
1100313,300,Herrenfahrrad
2200210,280,Damenfahrrad
1200519,575,Damenfahrrad
11401034,1045,Damenfahrrad
7100204,799,Fahrrad
2300419,991,Herrenfahrrad
2300418,1299,Herrenfahrrad
5100105,299,Herrenfahrrad
3601453,2279,Herrenfahrrad
1100104,4084,Herrenfahrrad
4501153,800,Herrenfahrrad
2300419,395,Kinderfahrrad
1100312,600,Mountainbike
7601544,598,Herrenfahrrad
5100315,298,Fahrrad
7100204,700,Damenfahrrad
1100207,8999,Herrenfahrrad
1100207,730,Herrenfahrrad
2300419,1415,Herrenfahrrad
1200517,600,Damenfahrrad
2300316,150,Damenfahrrad
8401243,269,Damenfahrrad
12500928,70,Mountainbike
6100102,364,Herrenfahrrad
8100209,1599,Herrenfahrrad
5100316,239,Herrenfahrrad
2100102,222,Damenfahrrad
3601453,724,Herrenfahrrad
10200417,275,Damenfahrrad
3701660,330,Kinderfahrrad
5200629,799,Herrenfahrrad
9200716,250,Damenfahrrad
2500833,499,Damenfahrrad
9100101,599,Herrenfahrrad
2100102,500,Herrenfahrrad
2300314,600,Damenfahrrad
4400728,630,Herrenfahrrad
4300619,542,Herrenfahrrad
10100208,736,Herrenfahrrad
11300725,699,Herrenfahrrad
9501939,449,Fahrrad
1100313,1544,Herrenfahrrad
8100206,664,Herrenfahrrad
5100316,250,Herrenfahrrad
11300723,569,Herrenfahrrad
7601544,200,Herrenfahrrad
10200421,330,Damenfahrrad
7601544,699,Damenfahrrad
4501042,925,Fahrrad
12601235,670,Damenfahrrad
4501149,1159,Damenfahrrad
11401032,934,Damenfahrrad
1100207,200,Fahrrad
2400624,550,Herrenfahrrad
4500936,690,Damenfahrrad
4500938,850,Fahrrad
7100204,718,Herrenfahrrad
6200421,590,Fahrrad
4200309,440,Damenfahrrad
1200518,500,Damenfahrrad
7300517,530,Herrenfahrrad
7200413,1200,Damenfahrrad
3500934,5500,Herrenfahrrad
9301228,600,Herrenfahrrad
2500728,819,Herrenfahrrad
9200717,600,Fahrrad
9200717,856,Rennrad
7100101,500,Fahrrad
9501939,1434,Damenfahrrad
3701660,2229,Damenfahrrad
7200413,2499,Herrenfahrrad
7200414,599,Damenfahrrad
1100309,260,Fahrrad
1100415,1149,Herrenfahrrad
5300839,409,Herrenfahrrad
8100103,549,Herrenfahrrad
3601348,1089,Herrenfahrrad
8100416,350,Kinderfahrrad
7300618,200,Herrenfahrrad
3601139,1790,Damenfahrrad
4200308,599,Herrenfahrrad
6100101,361,Kinderfahrrad
4200310,581,Herrenfahrrad
5100317,220,divers
9200510,1000,Damenfahrrad
9200511,2999,Herrenfahrrad
3300412,200,Herrenfahrrad
4200311,849,Herrenfahrrad
3701555,700,Fahrrad
3300412,650,Herrenfahrrad
12500928,450,Damenfahrrad
1200629,430,Kinderfahrrad
1100311,749,Herrenfahrrad
3500934,1998,Herrenfahrrad
3300413,300,Damenfahrrad
4300624,150,Damenfahrrad
1100415,300,Herrenfahrrad
1100308,750,Herrenfahrrad
1100206,2999,Damenfahrrad
11300722,1988,Damenfahrrad
7300619,1119,Fahrrad
1100205,1379,Herrenfahrrad
3601141,500,Fahrrad
2300314,738,Herrenfahrrad
7300517,639,Herrenfahrrad
1400940,360,Damenfahrrad
11501341,1039,Herrenfahrrad
2300419,1000,Damenfahrrad
3400723,2000,Herrenfahrrad
12400722,690,Damenfahrrad
3400831,850,Fahrrad
4400832,750,Herrenfahrrad
9200715,899,Fahrrad
7100102,699,Herrenfahrrad
6400841,1000,Damenfahrrad
9200613,1800,Mountainbike
2500729,550,Damenfahrrad
2200213,2500,Damenfahrrad
10200417,600,Herrenfahrrad
3300411,399,Herrenfahrrad
1400938,50,Kinderfahrrad
2500728,1300,Herrenfahrrad
3400721,450,Damenfahrrad
4501147,400,Fahrrad
1100310,800,Damenfahrrad
1100104,300,Herrenfahrrad
9200819,1115,Herrenfahrrad
4300623,138,divers
2300417,250,Damenfahrrad
8200622,500,Herrenfahrrad
4300623,464,Herrenfahrrad
2400624,360,Damenfahrrad
1200626,249,Damenfahrrad
9200511,1316,Damenfahrrad
1100310,4299,Herrenfahrrad
7501133,100,Damenfahrrad
2400624,1256,Herrenfahrrad
9200818,700,Herrenfahrrad
8100310,280,Herrenfahrrad
8100310,450,Herrenfahrrad
10100316,3200,Damenfahrrad
8100417,200,Damenfahrrad
7100206,360,Herrenfahrrad
2200213,1100,Fahrrad
11401137,450,divers
8100311,900,Herrenfahrrad
10300731,549,Damenfahrrad
12400722,1056,Fahrrad
4200310,2400,Herrenfahrrad
6400844,718,Damenfahrrad
3400830,350,Damenfahrrad
11200514,528,Herrenfahrrad
4200311,500,Herrenfahrrad
1100308,2371,Herrenfahrrad
4200309,298,Herrenfahrrad
8100103,120,Damenfahrrad
2500726,342,Damenfahrrad
11400927,580,Damenfahrrad
7100204,50,Rennrad
3601141,1999,Damenfahrrad
7200409,0,Herrenfahrrad
4300623,699,Herrenfahrrad
7300618,1079,Herrenfahrrad
8200833,4400,divers
6300630,449,Damenfahrrad
2500832,999,Herrenfahrrad
4400832,450,Herrenfahrrad
11200410,249,Damenfahrrad
1401045,2000,Herrenfahrrad
6400842,900,Damenfahrrad
1100102,863,Herrenfahrrad
4300621,780,Damenfahrrad
4200203,430,Herrenfahrrad
1200517,1230,Damenfahrrad
7100206,500,Herrenfahrrad
3601449,250,Fahrrad
1100311,658,Herrenfahrrad
11501238,3099,Herrenfahrrad
8100208,400,Herrenfahrrad
5100314,250,Herrenfahrrad
4400835,559,Kinderfahrrad
7100206,500,Fahrrad
9501939,590,Damenfahrrad
7200412,600,Damenfahrrad
9502042,1300,Herrenfahrrad
8100419,250,Damenfahrrad
2500833,734,Herrenfahrrad
7501134,699,Herrenfahrrad
3500932,518,Kinderfahrrad
8100310,600,Herrenfahrrad
1100414,800,Mountainbike
1401049,1199,Damenfahrrad
8100310,600,Damenfahrrad
2200211,299,Damenfahrrad
7200409,970,Herrenfahrrad
2200211,100,Herrenfahrrad
10200423,170,Kinderfahrrad
3701659,699,Damenfahrrad
6100209,1130,Damenfahrrad
4400830,990,Herrenfahrrad
3601452,500,Damenfahrrad
8100101,1200,Herrenfahrrad
11100205,300,Fahrrad
4400830,798,divers
6400842,2700,Mountainbike
2300418,650,Herrenfahrrad
4501146,548,Herrenfahrrad
3400722,242,Herrenfahrrad
9100408,2599,Damenfahrrad
2400522,950,Herrenfahrrad
1100310,1600,Herrenfahrrad
7501029,599,Herrenfahrrad
9401534,80,Kinderfahrrad
3500936,305,Kinderfahrrad
10400941,363,Damenfahrrad
5200629,1000,Damenfahrrad
12500927,1520,Herrenfahrrad
7601238,660,Damenfahrrad
7300516,875,Herrenfahrrad
4300624,799,Damenfahrrad
6100208,500,Mountainbike
6100101,950,Herrenfahrrad
8100209,150,Mountainbike
7300516,419,Damenfahrrad
1100310,1000,Herrenfahrrad
2500835,1099,Damenfahrrad
4501043,2000,Damenfahrrad
11300616,400,Herrenfahrrad
3701554,1700,Fahrrad
12200515,1800,Herrenfahrrad
3200205,418,Herrenfahrrad
9501939,468,Fahrrad
2500729,499,Damenfahrrad
3601142,750,Herrenfahrrad
4501152,350,Mountainbike
9200818,999,Damenfahrrad
7300517,539,Damenfahrrad
3601142,500,Herrenfahrrad
6100103,699,Damenfahrrad
2200210,870,Herrenfahrrad
9502043,290,Herrenfahrrad
2500834,280,Herrenfahrrad
9200613,499,Herrenfahrrad
1300835,744,Herrenfahrrad
3400722,1400,Herrenfahrrad
7100206,559,Fahrrad
2400624,1877,Fahrrad
5100210,210,Damenfahrrad
9502043,499,Damenfahrrad
6300527,423,Herrenfahrrad
6100103,864,Herrenfahrrad
5200633,5900,Damenfahrrad
9100408,1699,Herrenfahrrad
11300722,678,Herrenfahrrad
2200211,3000,Herrenfahrrad
3300514,550,Herrenfahrrad
4500936,798,Herrenfahrrad
11501238,1275,Herrenfahrrad
8100313,760,Herrenfahrrad
2300418,3400,Herrenfahrrad
8100312,616,Herrenfahrrad
2100104,913,Herrenfahrrad
3601453,1000,Rennrad
1100416,558,Herrenfahrrad
12100103,950,Damenfahrrad
4501147,1200,Mountainbike
3601347,1399,Herrenfahrrad
4501040,399,Herrenfahrrad
10200524,570,Damenfahrrad
2500832,997,Herrenfahrrad
9200715,700,Herrenfahrrad
9501737,499,Herrenfahrrad
10100209,165,Herrenfahrrad
4300619,3000,Herrenfahrrad
9501736,610,Damenfahrrad
2100106,474,Fahrrad
7100204,749,Damenfahrrad
5200629,300,Herrenfahrrad
4300623,1240,Damenfahrrad
1200522,850,Herrenfahrrad
2500833,300,Herrenfahrrad
2200211,599,Damenfahrrad
2400522,200,Rennrad
1200519,900,Herrenfahrrad
2200209,400,Damenfahrrad
4300623,966,Herrenfahrrad
2300419,180,Damenfahrrad
1300732,500,Herrenfahrrad
11200513,321,Herrenfahrrad
1100414,649,Herrenfahrrad
9200613,670,Fahrrad
5200629,699,Damenfahrrad
1100310,449,Herrenfahrrad
3500936,200,Herrenfahrrad
2300314,250,Herrenfahrrad
1100309,700,Herrenfahrrad
6300526,760,Herrenfahrrad
4501149,290,Damenfahrrad
4501149,300,Herrenfahrrad
7300515,1024,Damenfahrrad
2400623,150,Herrenfahrrad
8100312,120,Herrenfahrrad
8200726,2250,Herrenfahrrad
1100414,699,Fahrrad
1200518,150,Herrenfahrrad
1300834,500,Damenfahrrad
2300419,500,Herrenfahrrad
11200514,333,Damenfahrrad
7200413,1600,Herrenfahrrad
1401049,450,Damenfahrrad
2200207,389,Fahrrad
12601235,460,Mountainbike
1200521,400,Herrenfahrrad
3701554,100,Kinderfahrrad
8100206,499,Damenfahrrad
2200213,455,Damenfahrrad
10300734,786,Herrenfahrrad
2200208,150,Herrenfahrrad
8100312,750,Fahrrad
2300316,1200,Herrenfahrrad
1100416,1070,Herrenfahrrad
2200208,460,Herrenfahrrad
11200512,1209,Herrenfahrrad
11501341,1199,Herrenfahrrad
4300624,2343,Herrenfahrrad
12500930,1300,divers
1300733,900,Herrenfahrrad
8200624,799,Herrenfahrrad
5100101,2805,Damenfahrrad
3500934,600,Fahrrad
11300725,3999,Fahrrad
9200511,553,Herrenfahrrad
1100206,1256,Herrenfahrrad
7200307,611,Herrenfahrrad
1100103,880,Fahrrad
3500936,3388,Herrenfahrrad
1200628,649,Herrenfahrrad
9200717,800,Mountainbike
3500934,4960,Fahrrad
7100103,480,Damenfahrrad
8100418,778,Herrenfahrrad
3400826,1037,Herrenfahrrad
5300841,2200,Damenfahrrad
8200727,799,Herrenfahrrad
2500834,1347,Herrenfahrrad
12500928,850,Damenfahrrad
2500834,980,Herrenfahrrad
3500934,2200,Damenfahrrad
1100312,650,Herrenfahrrad
3400722,1100,Damenfahrrad
2400520,998,Herrenfahrrad
12500824,1100,Rennrad
4300415,1299,Herrenfahrrad
1400940,998,Herrenfahrrad
9100101,1300,Herrenfahrrad
11501238,260,Damenfahrrad
7200409,660,Herrenfahrrad
8401244,599,Herrenfahrrad
5300737,50,divers
3601142,2653,Damenfahrrad
2400522,498,Herrenfahrrad
2400522,488,Damenfahrrad
4501041,1499,Herrenfahrrad
11200410,1749,Herrenfahrrad
4300623,900,Damenfahrrad
4100102,2953,Herrenfahrrad
3601140,450,Herrenfahrrad
2500726,965,Damenfahrrad
10400836,300,Damenfahrrad
8100311,575,Herrenfahrrad
7300516,1500,Herrenfahrrad
7100205,268,Damenfahrrad
10300732,299,Damenfahrrad
9200511,844,Herrenfahrrad
9100304,399,Damenfahrrad
3601141,515,Mountainbike
4500938,700,Damenfahrrad
8100207,0,Damenfahrrad
4501149,719,Herrenfahrrad
2200212,1,Mountainbike
7100205,1000,Fahrrad
1401049,1,Fahrrad
4500936,996,Fahrrad
5100102,200,Fahrrad
2300315,445,Damenfahrrad
4501151,100,Damenfahrrad
12400723,0,Damenfahrrad
12400723,545,Mountainbike
2300315,150,Damenfahrrad
4300622,3750,divers
3400830,500,Damenfahrrad
5200629,200,Mountainbike
2500833,350,Damenfahrrad
3400619,481,Damenfahrrad
8100310,1000,Herrenfahrrad
11400930,1124,Herrenfahrrad
6400843,1600,Herrenfahrrad
1200519,1000,Herrenfahrrad
4501045,500,Herrenfahrrad
7100101,400,Herrenfahrrad
10300731,400,Herrenfahrrad
1100312,2838,Herrenfahrrad
9100304,528,Herrenfahrrad
10400940,300,Damenfahrrad
9200510,210,Damenfahrrad
1200519,2300,Fahrrad
8100101,800,Damenfahrrad
2500834,264,Damenfahrrad
9100101,718,Damenfahrrad
6400843,1400,Herrenfahrrad
6400843,900,Herrenfahrrad
2100104,372,Fahrrad
1100416,849,Herrenfahrrad
1100416,257,Damenfahrrad
12500824,549,Damenfahrrad
5100105,372,Damenfahrrad
9200613,600,Herrenfahrrad
6300526,1800,Herrenfahrrad
8100310,285,Kinderfahrrad
4300623,599,Herrenfahrrad
4501146,599,Herrenfahrrad
4500939,1650,Damenfahrrad
1200520,659,Herrenfahrrad
3701660,389,Damenfahrrad
9301025,2160,Herrenfahrrad
3601243,4350,Herrenfahrrad
1100415,549,Damenfahrrad
4501147,1100,Damenfahrrad
3601348,1000,Fahrrad
2200213,520,Fahrrad
7100103,25,Fahrrad
10300731,427,Herrenfahrrad
7400721,719,Herrenfahrrad
7100102,500,Herrenfahrrad
2400623,2000,Herrenfahrrad
3601346,1044,Herrenfahrrad
2500833,800,Herrenfahrrad
1200623,399,Fahrrad
3601347,830,Herrenfahrrad
6400841,236,Fahrrad
4200311,400,Damenfahrrad
2300418,500,Herrenfahrrad
9300920,350,Damenfahrrad
7200414,150,Damenfahrrad
7100101,500,Herrenfahrrad
2100104,2800,Herrenfahrrad
9300921,190,Fahrrad
6300634,300,Damenfahrrad
4300517,1500,Mountainbike
2100105,2000,Mountainbike
4501151,929,Herrenfahrrad
10400940,1100,Herrenfahrrad
10100206,210,Herrenfahrrad
10400941,2527,divers
4200206,290,Damenfahrrad
12601133,499,Herrenfahrrad
3200308,150,Fahrrad
3701555,290,Herrenfahrrad
8401241,888,Fahrrad
7300515,1120,Damenfahrrad
7300618,1250,Fahrrad
1200623,605,Fahrrad
2300419,274,Fahrrad
4400835,750,Herrenfahrrad
8100208,950,Damenfahrrad
5100209,1200,divers
11100206,200,Herrenfahrrad
10200421,570,Herrenfahrrad
6400844,698,Damenfahrrad
1300834,120,Damenfahrrad
4501040,160,Fahrrad
8100312,260,Kinderfahrrad
1200623,1180,Fahrrad
4200310,517,Kinderfahrrad
9501838,1,Fahrrad
7100103,839,Damenfahrrad
2500831,289,Herrenfahrrad
2400623,799,Mountainbike
8100310,764,Damenfahrrad
4200311,2300,Herrenfahrrad
1100416,450,Kinderfahrrad
11100307,390,Damenfahrrad
4501043,212,Fahrrad
8200623,2231,Fahrrad
7300618,909,Herrenfahrrad
6400737,332,Herrenfahrrad
11300619,829,Damenfahrrad
2500728,491,Herrenfahrrad
3500933,400,Damenfahrrad
2500834,500,Herrenfahrrad
3200308,149,Fahrrad
10400835,160,Herrenfahrrad
11501339,1900,Fahrrad
7200308,350,Herrenfahrrad
2300315,700,Damenfahrrad
2400522,1099,Herrenfahrrad
3601453,899,Herrenfahrrad
10400835,1345,Damenfahrrad
3100103,1025,Herrenfahrrad
6100209,450,Mountainbike
8100102,779,Damenfahrrad
4501149,800,Damenfahrrad
11200515,350,Damenfahrrad
2200213,230,Mountainbike
7300618,1750,Herrenfahrrad
1100309,1184,Herrenfahrrad
4200207,3634,Damenfahrrad
4300620,2575,Herrenfahrrad
9100101,884,Herrenfahrrad
2200213,200,Fahrrad
3601142,50,Damenfahrrad
1100206,150,Mountainbike
4300416,649,Fahrrad
11300826,50,Damenfahrrad
9301126,200,Mountainbike
3601243,1000,Herrenfahrrad
9200818,1500,Herrenfahrrad
7601545,5,Fahrrad
5100209,300,Mountainbike
1300835,1700,Herrenfahrrad
2400624,800,Herrenfahrrad
10100315,2399,Damenfahrrad
11300723,90,Herrenfahrrad
2400521,350,Herrenfahrrad
3200206,844,divers
8100104,100,Herrenfahrrad
2400624,1,Herrenfahrrad
3501038,400,Mountainbike
4300414,1000,divers
3601141,500,Herrenfahrrad
11100205,799,Damenfahrrad
1200522,209,Damenfahrrad
4400726,2500,Damenfahrrad
4300621,2200,Fahrrad
12601235,1,Damenfahrrad
1401049,399,Herrenfahrrad
1400938,1,Herrenfahrrad
3200309,550,Herrenfahrrad
4300415,230,Mountainbike
8200730,1681,Herrenfahrrad
3200207,200,Kinderfahrrad
1100308,871,Damenfahrrad
1100309,333,Fahrrad
7100204,949,Mountainbike
4500936,300,Damenfahrrad
2200208,2500,Herrenfahrrad
6400843,939,Damenfahrrad
3400826,700,Mountainbike
8301037,300,Fahrrad
10200421,400,Damenfahrrad
9200715,928,Herrenfahrrad
3601142,699,Herrenfahrrad
7400721,519,Fahrrad
3100101,850,Mountainbike
3100101,1020,Herrenfahrrad
1100415,1390,Rennrad
7400720,494,Herrenfahrrad
3601141,1500,Herrenfahrrad
4300619,599,Herrenfahrrad
4300621,2600,Rennrad
1400939,320,Damenfahrrad
9200715,100,Herrenfahrrad
9200715,100,Damenfahrrad
7100205,498,Mountainbike
6200312,300,Damenfahrrad
5100209,1500,divers
7100206,700,Damenfahrrad
9100101,499,Fahrrad
3601451,598,Damenfahrrad
2500831,3500,Fahrrad
8401243,1700,Herrenfahrrad
12500930,200,Damenfahrrad
3601346,150,Damenfahrrad
7200413,1100,Herrenfahrrad
11300826,377,Damenfahrrad
10200524,700,Herrenfahrrad
2300419,217,Herrenfahrrad
11501340,150,Damenfahrrad
1200517,200,Herrenfahrrad
4400835,450,Damenfahrrad
8100417,300,Fahrrad
7100101,864,Rennrad
7100101,550,Herrenfahrrad
11200514,100,Mountainbike
2500831,650,Damenfahrrad
5200634,279,Damenfahrrad
3500936,799,Damenfahrrad
10100208,269,Kinderfahrrad
10200630,600,Damenfahrrad
9100101,600,Herrenfahrrad
8100104,1,Herrenfahrrad
9200715,200,Herrenfahrrad
7100206,315,Kinderfahrrad
9501939,750,Fahrrad
2500833,440,Damenfahrrad
11501340,599,Kinderfahrrad
6400735,633,Fahrrad
11501238,1850,Fahrrad
11300617,784,Damenfahrrad
8100314,1200,Rennrad
8100415,600,Mountainbike
3400721,256,Fahrrad
6300527,400,Damenfahrrad
12500825,100,Herrenfahrrad
6300527,300,Damenfahrrad
1400940,0,Fahrrad
1401047,316,Herrenfahrrad
2300314,400,Damenfahrrad
8100417,1900,divers
4200309,199,Damenfahrrad
2300419,1999,Herrenfahrrad
2200213,300,Damenfahrrad
1400940,599,Herrenfahrrad
6300633,300,Herrenfahrrad
7400720,888,Kinderfahrrad
6400735,617,Herrenfahrrad
9501939,3000,Fahrrad
3701554,599,Herrenfahrrad
2300419,418,Damenfahrrad
11300620,150,Herrenfahrrad
11400929,829,Herrenfahrrad
1100311,400,Damenfahrrad
1300731,1700,divers
11501339,250,Damenfahrrad
9200717,1145,Damenfahrrad
12200309,549,Damenfahrrad
8100312,2299,Herrenfahrrad
6100102,1299,Damenfahrrad
4200310,900,Herrenfahrrad
2400625,500,Herrenfahrrad
3701554,599,Damenfahrrad
6300527,476,Herrenfahrrad
8100208,487,Rennrad
4200206,1375,divers
7200409,400,Mountainbike
11200513,455,Damenfahrrad
4300623,883,Herrenfahrrad
8100313,549,Damenfahrrad
4200207,729,Damenfahrrad
2200209,1200,Damenfahrrad
1100311,1230,Mountainbike
2400520,1360,Rennrad
1300730,150,Kinderfahrrad
9401534,799,Herrenfahrrad
10100312,600,Herrenfahrrad
8100314,999,Fahrrad
8100314,500,Fahrrad
2500728,814,Fahrrad
2500729,7500,Fahrrad
4300622,841,Herrenfahrrad
2500834,1299,Herrenfahrrad
2200209,200,Mountainbike
1100103,2998,Herrenfahrrad
7100101,500,Herrenfahrrad
1400937,575,Damenfahrrad
7400720,668,Herrenfahrrad
5200629,450,Damenfahrrad
9501939,1400,Herrenfahrrad
1100308,749,Herrenfahrrad
8200725,500,Herrenfahrrad
5200629,400,Fahrrad
4300414,699,Damenfahrrad
2300418,250,Fahrrad
2300316,749,Herrenfahrrad
1200522,799,Fahrrad
5100316,550,Herrenfahrrad
9100305,253,Damenfahrrad
3601142,0,Fahrrad
1200518,1400,Herrenfahrrad
7200410,363,Damenfahrrad
1100309,350,Herrenfahrrad
11400931,180,Herrenfahrrad
7300618,308,Herrenfahrrad
5100104,599,Fahrrad
7200413,1099,Herrenfahrrad
1200518,1200,divers
7300515,1000,Damenfahrrad
7200413,699,Herrenfahrrad
4500938,958,Herrenfahrrad
7200308,599,Herrenfahrrad
12500927,600,Damenfahrrad
8100416,1200,Herrenfahrrad
2100102,600,Herrenfahrrad
4300621,1750,Herrenfahrrad
3200309,782,Damenfahrrad
5200418,600,Mountainbike
1300731,660,Mountainbike
3400827,935,Herrenfahrrad
4300517,400,Herrenfahrrad
1100416,1149,Herrenfahrrad
1100308,848,Damenfahrrad
9501736,1050,Fahrrad
7200414,900,Herrenfahrrad
11501341,800,Herrenfahrrad
1200623,3000,Fahrrad
4501153,300,Mountainbike
10300732,900,Herrenfahrrad
8100208,399,Damenfahrrad
4300416,800,Kinderfahrrad
11401137,700,Fahrrad
5200632,2515,divers
7501133,300,Damenfahrrad
1200623,1200,Damenfahrrad
6400841,700,Herrenfahrrad
9200715,159,Damenfahrrad
5200526,250,Herrenfahrrad
9501737,1500,Fahrrad
2500832,419,Herrenfahrrad
4300622,1813,Herrenfahrrad
1200520,772,Fahrrad
6400841,960,Kinderfahrrad
1100414,950,Herrenfahrrad
1100309,448,Damenfahrrad
11300826,80,Herrenfahrrad
2500726,350,Herrenfahrrad
3100103,299,Herrenfahrrad
1400941,900,Damenfahrrad
4300620,2942,Herrenfahrrad
8100207,0,Herrenfahrrad
9100305,50,Herrenfahrrad
3300411,436,Herrenfahrrad
2200210,370,Fahrrad
3400724,472,Damenfahrrad
7200308,429,Fahrrad
9501838,312,Damenfahrrad
4500939,3800,Fahrrad
9501940,928,Herrenfahrrad
3400826,479,Fahrrad
2500835,500,Herrenfahrrad
1400940,185,Herrenfahrrad
2500831,300,Fahrrad
6400735,706,Damenfahrrad
11300620,800,Fahrrad
10400836,450,Herrenfahrrad
12500929,3722,Fahrrad
4200207,546,Herrenfahrrad
2100105,500,Herrenfahrrad
3400722,180,Herrenfahrrad
4501043,447,Herrenfahrrad
2500832,4000,Herrenfahrrad
3400826,559,Fahrrad
1100310,300,Fahrrad
9200717,422,Herrenfahrrad
3500935,200,Damenfahrrad
4501149,1064,Herrenfahrrad
11100102,1000,Herrenfahrrad
4501045,4600,Herrenfahrrad
12200309,552,Herrenfahrrad
1200520,489,Herrenfahrrad
6300633,2524,Damenfahrrad
3400721,1265,Herrenfahrrad
2200211,595,Herrenfahrrad
3701660,679,Herrenfahrrad
3400723,300,Herrenfahrrad
3701657,289,Herrenfahrrad
2300315,1235,Damenfahrrad
7200413,1500,Fahrrad
7100102,699,Herrenfahrrad
10100316,543,Herrenfahrrad
2400624,1400,Herrenfahrrad
4400727,1400,Herrenfahrrad
8200831,180,Herrenfahrrad
1100416,1090,Herrenfahrrad
11200513,5636,Herrenfahrrad
7200307,999,Herrenfahrrad
4400830,2394,Herrenfahrrad
3601453,649,Damenfahrrad
4300414,350,Herrenfahrrad
1100415,1139,Herrenfahrrad
1100416,1957,Damenfahrrad
3400826,925,Damenfahrrad
8200831,100,Herrenfahrrad
3601141,514,Damenfahrrad
9100101,599,Damenfahrrad
7100103,1375,Fahrrad
3501037,610,Herrenfahrrad
11401137,2300,Fahrrad
3601142,40,Herrenfahrrad
3601243,400,Herrenfahrrad
2400624,2700,Herrenfahrrad
3400724,100,Herrenfahrrad
4501152,349,Damenfahrrad
1200518,900,Damenfahrrad
1100415,1300,Herrenfahrrad
2500729,1300,Damenfahrrad
10100103,399,Damenfahrrad
8100416,1199,Herrenfahrrad
8100103,150,Kinderfahrrad
7100101,3220,Fahrrad
2200210,695,Herrenfahrrad
12200412,350,Kinderfahrrad
11300826,250,Damenfahrrad
7100102,359,Kinderfahrrad
7200308,399,Herrenfahrrad
9501838,400,Herrenfahrrad
1100308,1122,Herrenfahrrad
9501838,599,Herrenfahrrad
1200628,1073,Damenfahrrad
2100103,658,Damenfahrrad
4300414,120,Damenfahrrad
5100209,538,Herrenfahrrad
1200519,649,Fahrrad
1200629,1220,Damenfahrrad
11300826,126,Kinderfahrrad
7100206,600,Herrenfahrrad
1100309,734,Damenfahrrad
7200308,169,Damenfahrrad
7400927,50,Kinderfahrrad
6300526,700,Herrenfahrrad
7200308,670,Herrenfahrrad
3601347,220,Herrenfahrrad
4501041,131,Kinderfahrrad
1100313,250,Herrenfahrrad
3300411,430,Herrenfahrrad
4501042,150,Herrenfahrrad
6100210,50,Mountainbike
9100304,686,Mountainbike
2500835,320,Herrenfahrrad
4200309,948,Herrenfahrrad
7200307,300,Herrenfahrrad
12100101,500,Herrenfahrrad
11300826,99,Kinderfahrrad
11300616,500,Damenfahrrad
9502042,800,Herrenfahrrad
1401044,210,Rennrad
6400839,600,Damenfahrrad
2200211,380,Fahrrad
4501146,280,Damenfahrrad
4501146,1045,Damenfahrrad
2400521,1000,Damenfahrrad
8100415,1050,Damenfahrrad
2100101,728,Herrenfahrrad
6200420,499,Damenfahrrad
3500935,748,Herrenfahrrad
11501341,699,Herrenfahrrad
1300730,150,Herrenfahrrad
2500729,780,Damenfahrrad
2300418,475,Damenfahrrad
2400522,350,Herrenfahrrad
8100208,250,Damenfahrrad
8200730,299,Fahrrad
2300314,1680,Fahrrad
3200206,470,Damenfahrrad
9200819,500,Herrenfahrrad
1100308,1399,Herrenfahrrad
3400827,250,Herrenfahrrad
12100101,2100,Herrenfahrrad
8100417,35,Damenfahrrad
8100311,300,divers
7300619,600,Damenfahrrad
6100207,550,Damenfahrrad
3500932,180,Kinderfahrrad
12100102,4106,divers
8100417,1000,Rennrad
9502043,400,Fahrrad
3400723,384,Damenfahrrad
11400927,300,Herrenfahrrad
11300722,807,Damenfahrrad
3400723,899,Damenfahrrad
2100102,749,Herrenfahrrad
2500834,580,Damenfahrrad
1100206,1000,Herrenfahrrad
10100206,429,Damenfahrrad
2400623,850,Fahrrad
7100204,1710,Herrenfahrrad
2300417,635,Herrenfahrrad
4501040,1019,Mountainbike
11400930,289,Damenfahrrad
12200309,149,Herrenfahrrad
2200207,2199,Herrenfahrrad
8100314,449,Herrenfahrrad
3300413,3133,Damenfahrrad
3200207,415,Kinderfahrrad
2100102,1505,Damenfahrrad
5200528,175,Damenfahrrad
11200514,999,Damenfahrrad
9100101,452,Herrenfahrrad
3701554,1015,Herrenfahrrad
3400721,538,Damenfahrrad
7601236,300,Herrenfahrrad
3601348,350,Damenfahrrad
4300416,900,Damenfahrrad
4500937,799,Herrenfahrrad
2200212,590,Herrenfahrrad
12200309,200,Damenfahrrad
2300315,500,Herrenfahrrad
4300624,1016,Herrenfahrrad
9100409,219,Herrenfahrrad
6400842,1000,divers
8100314,220,Fahrrad
9502043,550,Damenfahrrad
12100205,1346,divers
4300412,1918,Herrenfahrrad
3400721,700,Herrenfahrrad
2500726,1856,Herrenfahrrad
3300412,1000,Fahrrad
2300316,670,Herrenfahrrad
3601142,232,Kinderfahrrad
3601139,2209,Herrenfahrrad
4300413,540,Herrenfahrrad
2300418,3500,Fahrrad
3601140,778,Herrenfahrrad
8100312,928,Damenfahrrad
3601142,439,Herrenfahrrad
6400842,1200,Herrenfahrrad
11200410,399,Damenfahrrad
2200211,449,Herrenfahrrad
1100308,1800,Fahrrad
9100407,220,Herrenfahrrad
9501940,1,Mountainbike
7200411,4478,Herrenfahrrad
3601453,570,Kinderfahrrad
7100204,669,Damenfahrrad
7100204,571,Herrenfahrrad
2200211,200,Fahrrad
11200515,488,Damenfahrrad
3701554,300,Herrenfahrrad
11100307,900,Damenfahrrad
10200417,1800,Herrenfahrrad
8100416,600,Fahrrad
8401243,200,Damenfahrrad
1300836,150,Mountainbike
2200209,298,Fahrrad
1401049,327,Damenfahrrad
11200514,500,Mountainbike
8100417,200,Herrenfahrrad
10400938,649,Herrenfahrrad
3601453,899,Herrenfahrrad
5100316,200,Herrenfahrrad
4400727,379,Damenfahrrad
8100418,1420,Fahrrad
3701659,300,Herrenfahrrad
3701659,900,Herrenfahrrad
11100206,500,divers
8100417,750,Fahrrad
1100308,252,Herrenfahrrad
9501838,210,Herrenfahrrad
1300733,270,Fahrrad
1100310,364,Damenfahrrad
1100104,449,Mountainbike
1401047,2400,Damenfahrrad
4501043,399,Damenfahrrad
2200213,1959,Fahrrad
1100416,900,Herrenfahrrad
9200818,1000,Fahrrad
5100210,200,Herrenfahrrad
2300419,1940,Fahrrad
3400828,540,Damenfahrrad
7601236,230,Herrenfahrrad
5400943,740,Herrenfahrrad
4300623,599,Damenfahrrad
9501737,257,Herrenfahrrad
7200409,872,Herrenfahrrad
8100419,702,Fahrrad
8100313,499,Herrenfahrrad
2200210,1234,Herrenfahrrad
4300412,1650,Damenfahrrad
10200417,150,Damenfahrrad
1100416,400,Kinderfahrrad
2400625,600,Damenfahrrad
1200517,300,Herrenfahrrad
3601451,1309,Damenfahrrad
3501038,417,Kinderfahrrad
2300418,2239,Fahrrad
3500936,0,Herrenfahrrad
4300622,425,Damenfahrrad
1100415,850,Herrenfahrrad
1200522,1100,Herrenfahrrad
11300722,500,Herrenfahrrad
7100101,250,Damenfahrrad
1300733,360,Herrenfahrrad
6400842,1700,divers
9501737,1,Damenfahrrad
1100103,468,Herrenfahrrad
5200629,2490,Herrenfahrrad
4501040,403,Damenfahrrad
2300316,1030,Herrenfahrrad
1300733,152,Kinderfahrrad
4400727,515,Damenfahrrad
12100204,599,Herrenfahrrad
1401044,470,Herrenfahrrad
3701554,2900,Herrenfahrrad
2200210,1206,Herrenfahrrad
12601235,400,Mountainbike
3200205,180,Damenfahrrad
2300314,150,Damenfahrrad
4501044,694,Damenfahrrad
3400620,400,Herrenfahrrad
4300624,200,Herrenfahrrad
2200209,500,Herrenfahrrad
12500926,2000,Damenfahrrad
8401244,826,Mountainbike
6100205,10,Damenfahrrad
6100102,1430,Herrenfahrrad
4300624,860,Herrenfahrrad
5100102,4500,divers
4100102,2600,Herrenfahrrad
7200411,399,Fahrrad
3701658,954,Damenfahrrad
1401049,1,Rennrad
5100206,50,Mountainbike
7501133,629,Damenfahrrad
3400721,2259,Rennrad
1100207,2000,Herrenfahrrad
9200818,600,Herrenfahrrad
5300841,555,Damenfahrrad
3601451,260,Kinderfahrrad
1200519,544,Herrenfahrrad
6200315,500,divers
4501041,2700,Herrenfahrrad
7400721,75,Kinderfahrrad
9401431,1600,Herrenfahrrad
6200422,500,Mountainbike
4501153,1799,Damenfahrrad
2200209,500,Herrenfahrrad
5300840,1380,Herrenfahrrad
6200422,615,Herrenfahrrad
7501031,600,Fahrrad
3300514,530,Herrenfahrrad
5200528,659,Damenfahrrad
2100101,350,Damenfahrrad
12200515,1000,Herrenfahrrad
11501340,330,Fahrrad
7300516,503,Herrenfahrrad
4501042,949,Herrenfahrrad
2400623,419,Herrenfahrrad
7100101,325,Herrenfahrrad
4300624,666,Herrenfahrrad
1100206,729,Damenfahrrad
5100209,250,Mountainbike
5100312,600,divers
4501043,1072,Damenfahrrad
5200629,499,Damenfahrrad
12601134,1400,Herrenfahrrad
4501042,1800,Herrenfahrrad
1300732,450,Herrenfahrrad
4300624,500,Herrenfahrrad
6400838,519,Herrenfahrrad
2300314,500,Mountainbike
3601141,200,Damenfahrrad
2100106,600,Damenfahrrad
2200210,2100,Rennrad
7300517,1500,Damenfahrrad
8100310,1000,Herrenfahrrad
11200514,320,Herrenfahrrad
11501341,2824,Herrenfahrrad
2100106,500,Damenfahrrad
1300731,350,Rennrad
1400940,1249,Mountainbike
4501149,400,Herrenfahrrad
3100101,3000,Herrenfahrrad
12100102,250,Damenfahrrad
11200514,300,Herrenfahrrad
6400839,499,Herrenfahrrad
6400839,559,Herrenfahrrad
3701556,739,Herrenfahrrad
9300921,500,Herrenfahrrad
1100415,100,Herrenfahrrad
4501042,321,Damenfahrrad
11200514,448,Herrenfahrrad
4501044,150,Damenfahrrad
6300526,799,Herrenfahrrad
1200629,500,Fahrrad
2200211,1050,Mountainbike
3701659,3800,Rennrad
10200629,632,Damenfahrrad
2400625,900,Herrenfahrrad
2200213,730,Fahrrad
7100102,400,Mountainbike
2400522,600,Damenfahrrad
7100205,654,Mountainbike
3300516,718,Damenfahrrad
7100101,584,Damenfahrrad
4300414,1100,Herrenfahrrad
7400927,150,Damenfahrrad
6100102,450,Kinderfahrrad
7501134,270,Damenfahrrad
9401635,400,Fahrrad
7100101,420,Herrenfahrrad
5200629,1000,Mountainbike
8100314,125,Damenfahrrad
7200308,734,Herrenfahrrad
3701660,619,Damenfahrrad
6300634,754,Herrenfahrrad
9100101,1124,Herrenfahrrad
11400928,800,Herrenfahrrad
3601346,250,Mountainbike
8100311,1000,Herrenfahrrad
1200623,180,Herrenfahrrad
3601346,591,Herrenfahrrad
11400929,500,Damenfahrrad
1100415,1700,Damenfahrrad
9200613,400,Damenfahrrad
1200629,1000,Damenfahrrad
7300517,500,Mountainbike
3701660,600,Damenfahrrad
2400521,363,Herrenfahrrad
7300517,725,Damenfahrrad
2200210,499,Herrenfahrrad
6100103,1133,Herrenfahrrad
6400737,600,Damenfahrrad
4501151,1300,divers
6300527,299,Damenfahrrad
12500926,900,Mountainbike
3400723,426,Damenfahrrad
11501341,350,Herrenfahrrad
4501152,443,Herrenfahrrad
8200831,2500,Herrenfahrrad
9501838,349,Damenfahrrad
6400737,1066,Damenfahrrad
2300417,150,Damenfahrrad
2300419,600,Herrenfahrrad
4300622,0,Herrenfahrrad
11100307,160,Mountainbike
1100310,2200,Herrenfahrrad
4100101,250,Herrenfahrrad
9501939,552,Herrenfahrrad
8100417,350,Fahrrad
9200613,400,Damenfahrrad
6300526,1461,Herrenfahrrad
6400838,329,Fahrrad
3601141,240,Herrenfahrrad
2200211,300,Herrenfahrrad
6400838,600,Damenfahrrad
1401048,799,Damenfahrrad
7601237,299,Herrenfahrrad
7601237,499,Damenfahrrad
2500729,1299,Damenfahrrad
6100204,847,Herrenfahrrad
10300733,800,Damenfahrrad
2200213,300,Herrenfahrrad
12200309,400,Damenfahrrad
2200213,440,Herrenfahrrad
3601347,886,Herrenfahrrad
1200629,399,Damenfahrrad
4501149,799,Damenfahrrad
3100101,498,Herrenfahrrad
5100211,299,Damenfahrrad
1200519,1034,Damenfahrrad
3601141,1100,Damenfahrrad
4501147,1378,Herrenfahrrad
4500936,473,Damenfahrrad
4300623,429,Fahrrad
4400729,392,Herrenfahrrad
2200208,299,Herrenfahrrad
1200623,921,Herrenfahrrad
4300413,891,Fahrrad
3701556,350,Damenfahrrad
2100102,1100,Herrenfahrrad
11400931,545,Damenfahrrad
11200411,630,Herrenfahrrad
12400723,1148,Herrenfahrrad
8301036,250,Damenfahrrad
1200519,2300,Herrenfahrrad
6300630,1317,divers
2100104,230,Damenfahrrad
2200209,200,Damenfahrrad
4300621,699,Damenfahrrad
6300630,400,Herrenfahrrad
9100101,1034,Herrenfahrrad
5100105,384,Damenfahrrad
7200308,624,Herrenfahrrad
3200205,400,Damenfahrrad
8301037,300,Damenfahrrad
10400836,150,Herrenfahrrad
2500833,939,Herrenfahrrad
6100204,1999,Fahrrad
6400842,400,Mountainbike
1100309,50,Herrenfahrrad
1401044,400,Rennrad
8100417,275,Herrenfahrrad
2100102,390,Damenfahrrad
6100207,555,Herrenfahrrad
2200213,180,Fahrrad
12100101,100,Damenfahrrad
8100206,2000,Herrenfahrrad
1300834,300,Herrenfahrrad
3400722,550,Herrenfahrrad
2400624,250,Mountainbike
1400940,950,divers
11501339,951,Herrenfahrrad
12200309,600,Herrenfahrrad
9200819,2799,Herrenfahrrad
6200311,979,Fahrrad
1300731,250,Herrenfahrrad
7200409,1130,Rennrad
10200419,343,Damenfahrrad
3701658,210,Damenfahrrad
12500926,650,Herrenfahrrad
3601243,800,Herrenfahrrad
6100103,1799,Herrenfahrrad
2100102,800,Damenfahrrad
11401137,250,Damenfahrrad
3500935,1080,Herrenfahrrad
7200413,399,Damenfahrrad
11501340,498,Mountainbike
2500832,999,Herrenfahrrad
6400735,2543,Damenfahrrad
2500833,1599,Herrenfahrrad
2500726,1399,Herrenfahrrad
1300733,200,Damenfahrrad
11400929,249,Damenfahrrad
9100101,450,Herrenfahrrad
6200316,280,Kinderfahrrad
1200623,2500,Herrenfahrrad
6300526,1800,Herrenfahrrad
6100102,500,Damenfahrrad
9401433,1379,Herrenfahrrad
1300733,235,Herrenfahrrad
11400927,1199,Damenfahrrad
2400623,873,Herrenfahrrad
11400929,1599,Herrenfahrrad
2500834,1130,Herrenfahrrad
2200211,1000,Damenfahrrad
8100208,250,Fahrrad
3500933,712,Herrenfahrrad
8100310,1280,Damenfahrrad
3601347,1499,Herrenfahrrad
1100309,1400,Herrenfahrrad
4501043,399,Kinderfahrrad
6400844,400,Rennrad
2400623,192,Fahrrad
8100312,1260,Herrenfahrrad
9200717,299,Herrenfahrrad
6300633,200,Herrenfahrrad
12601133,416,Herrenfahrrad
9501737,259,Kinderfahrrad
1100207,300,Damenfahrrad
11200512,480,Damenfahrrad
8100418,743,Herrenfahrrad
8100206,500,Herrenfahrrad
9100101,720,Kinderfahrrad
12500825,900,Rennrad
9301024,899,Damenfahrrad
6200422,3633,divers
1300834,549,Fahrrad
3701554,1000,Herrenfahrrad
7100206,899,Herrenfahrrad
7100101,1622,Damenfahrrad
6100207,2250,Herrenfahrrad
2300314,499,Herrenfahrrad
9200715,600,Mountainbike
6200313,250,Damenfahrrad
1200626,250,Herrenfahrrad
8100415,50,Damenfahrrad
4500938,400,Mountainbike
12200308,499,Kinderfahrrad
8300934,429,Damenfahrrad
8300934,650,Herrenfahrrad
3400722,2449,Fahrrad
4300624,1100,Damenfahrrad
2200211,900,Herrenfahrrad
8100314,500,Herrenfahrrad
2500832,1238,Mountainbike
9501736,550,Damenfahrrad
11401032,365,Herrenfahrrad
8200727,800,Herrenfahrrad
4501151,601,Herrenfahrrad
3701660,590,Damenfahrrad
9100101,800,Damenfahrrad
9100101,531,Damenfahrrad
7200413,1050,Herrenfahrrad
2500727,547,Mountainbike
6200313,423,Damenfahrrad
11401137,299,Mountainbike
8401244,349,Damenfahrrad
2100106,708,Damenfahrrad
3100103,100,Damenfahrrad
8100415,420,Herrenfahrrad
4100102,1500,Fahrrad
4300412,1065,Herrenfahrrad
8100311,540,Fahrrad
10200422,0,Damenfahrrad
7300517,474,Herrenfahrrad
8301037,209,Damenfahrrad
9100101,539,Herrenfahrrad
3601140,503,Fahrrad
10100104,1300,Herrenfahrrad
2500728,2300,Fahrrad
6300526,700,Herrenfahrrad
1100308,1499,Herrenfahrrad
6100102,437,Damenfahrrad
2300419,330,Kinderfahrrad
1100415,258,Kinderfahrrad
11400927,998,Herrenfahrrad
4300624,2279,Fahrrad
2200212,524,Damenfahrrad
3400827,500,Damenfahrrad
9100408,594,Herrenfahrrad
10100102,399,Herrenfahrrad
2300315,700,Damenfahrrad
6300526,399,Damenfahrrad
8100314,495,Herrenfahrrad
3601347,253,Herrenfahrrad
8100103,250,Rennrad
4300622,850,Fahrrad
7200307,450,Herrenfahrrad
8401244,2570,Herrenfahrrad
6300634,2000,divers
1300835,800,divers
11100101,500,Mountainbike
11100101,500,Mountainbike
4200207,1,Mountainbike
8100104,199,Fahrrad
11100101,500,Fahrrad
11100101,500,Damenfahrrad
4200207,1,Mountainbike
4200207,1,Mountainbike
11100101,500,Fahrrad
1100310,894,Herrenfahrrad
4501153,140,Kinderfahrrad
12400720,575,Damenfahrrad
12400723,381,Mountainbike
1200623,600,Herrenfahrrad
1400937,110,Kinderfahrrad
11200410,320,Damenfahrrad
4400835,100,Damenfahrrad
4300623,1700,Herrenfahrrad
3601139,399,Herrenfahrrad
1400937,120,Herrenfahrrad
1200623,997,Herrenfahrrad
10300733,653,Herrenfahrrad
2200209,3500,Herrenfahrrad
8200727,814,Herrenfahrrad
3601449,2066,Herrenfahrrad
4400830,843,Herrenfahrrad
5200629,749,Fahrrad
3100101,450,Damenfahrrad
12500930,300,Damenfahrrad
3601141,400,Herrenfahrrad
5100209,50,Herrenfahrrad
12400722,2700,Fahrrad
6100102,1080,Damenfahrrad
1200629,299,Damenfahrrad
1100102,260,Herrenfahrrad
9401433,1971,Herrenfahrrad
2500728,399,Herrenfahrrad
1100206,900,Herrenfahrrad
2500833,1000,Herrenfahrrad
2400522,465,Fahrrad
2200207,1783,Herrenfahrrad
1100309,949,Damenfahrrad
2300418,519,Kinderfahrrad
7100101,550,Herrenfahrrad
4501146,450,Herrenfahrrad
8100310,200,Herrenfahrrad
1300733,1000,Damenfahrrad
5200629,250,Herrenfahrrad
1100103,400,Damenfahrrad
7300515,400,Fahrrad
11300723,799,Herrenfahrrad
3400722,800,Herrenfahrrad
1200519,512,Damenfahrrad
3701660,450,Damenfahrrad
1100313,350,Damenfahrrad
2400624,463,Mountainbike
8200726,3088,Fahrrad
11300725,700,Herrenfahrrad
2100101,294,Herrenfahrrad
2200211,550,Damenfahrrad
12100205,1700,Damenfahrrad
3501038,442,Kinderfahrrad
2200210,800,Fahrrad
6100205,599,Herrenfahrrad
2200211,200,Herrenfahrrad
1100313,551,Herrenfahrrad
10400836,304,Herrenfahrrad
4200203,814,Herrenfahrrad
4501148,848,Damenfahrrad
2500834,302,Herrenfahrrad
5300841,881,Herrenfahrrad
9200613,650,Fahrrad
5200631,199,Herrenfahrrad
7200413,200,Fahrrad
2100106,800,Fahrrad
1401045,175,Herrenfahrrad
3601139,390,Herrenfahrrad
3500934,799,Damenfahrrad
11501340,599,Herrenfahrrad
10300733,999,Herrenfahrrad
8100416,200,Damenfahrrad
1100313,200,Herrenfahrrad
3601451,800,Herrenfahrrad
6400737,517,Herrenfahrrad
9100101,370,Kinderfahrrad
7300618,250,Damenfahrrad
6200422,528,Herrenfahrrad
4300621,1000,Herrenfahrrad
4200309,1803,Fahrrad
1200522,900,Herrenfahrrad
4501045,500,Fahrrad
3701658,673,Herrenfahrrad
2200209,666,Damenfahrrad
3500933,1499,Damenfahrrad
1200625,434,Herrenfahrrad
1100101,2741,Herrenfahrrad
4300623,1150,Damenfahrrad
3400724,530,Damenfahrrad
2400522,2990,Herrenfahrrad
9200715,376,Herrenfahrrad
2500728,1500,Herrenfahrrad
6200420,1300,Herrenfahrrad
3400830,548,Damenfahrrad
1401046,499,Herrenfahrrad
2400623,800,Herrenfahrrad
6300526,360,Herrenfahrrad
12200307,1100,Damenfahrrad
2100102,850,Herrenfahrrad
11400927,750,Herrenfahrrad
4501146,1699,Herrenfahrrad
8100416,1205,divers
4200311,1200,Herrenfahrrad
2300417,1200,Damenfahrrad
6400839,999,Damenfahrrad
4501148,365,Herrenfahrrad
2200209,749,Herrenfahrrad
9100101,569,Herrenfahrrad
9200715,200,Damenfahrrad
4501147,650,Herrenfahrrad
2200207,369,Damenfahrrad
2200211,1399,Herrenfahrrad
4200308,616,Mountainbike
9200511,749,Fahrrad
2200213,120,Damenfahrrad
3601139,296,Damenfahrrad
7200409,750,Fahrrad
7300517,200,Damenfahrrad
7400721,700,Fahrrad
6400843,550,Herrenfahrrad
2400521,495,Damenfahrrad
1300730,849,Herrenfahrrad
3601243,499,Damenfahrrad
3500932,750,Damenfahrrad
3501038,710,Damenfahrrad
1401045,300,Herrenfahrrad
9200613,100,Herrenfahrrad
1100309,138,Herrenfahrrad
1200519,500,Herrenfahrrad
2100105,600,Damenfahrrad
1300836,1084,Damenfahrrad
10200525,255,Fahrrad
1200519,700,Fahrrad
2500728,1300,Herrenfahrrad
11200512,999,Damenfahrrad
11400929,370,Kinderfahrrad
11501341,799,Herrenfahrrad
11300725,2900,Herrenfahrrad
4501153,399,Damenfahrrad
10300733,3299,Fahrrad
5200629,150,Damenfahrrad
11100308,400,Kinderfahrrad
9501838,206,Herrenfahrrad
3601347,499,Fahrrad
1200519,1299,Herrenfahrrad
2100102,679,Herrenfahrrad
1200519,599,Damenfahrrad
2200207,500,Herrenfahrrad
2300314,180,Kinderfahrrad
9100202,374,Herrenfahrrad
12500930,150,Damenfahrrad
5100209,229,Herrenfahrrad
8100521,140,Kinderfahrrad
11300618,999,Herrenfahrrad
4501043,1000,Herrenfahrrad
2300314,600,Herrenfahrrad
4500938,440,Fahrrad
1100311,464,Herrenfahrrad
3400826,498,Herrenfahrrad
11501341,5000,Mountainbike
2100104,549,Damenfahrrad
2200212,459,Kinderfahrrad
6100103,1150,Fahrrad
3601347,149,Kinderfahrrad
1100104,500,Herrenfahrrad
4300624,1894,Fahrrad
9401534,300,Fahrrad
9200715,599,Herrenfahrrad
3601245,0,Fahrrad
6300528,760,Damenfahrrad
1100309,240,Herrenfahrrad
1100414,1616,Damenfahrrad
2500728,300,Herrenfahrrad
11501339,155,Damenfahrrad
11501339,300,Herrenfahrrad
3701658,200,Herrenfahrrad
3601348,100,Damenfahrrad
10300733,999,Herrenfahrrad
3701660,599,Damenfahrrad
8100206,680,Damenfahrrad
10300731,100,Rennrad
3601243,850,Damenfahrrad
7400823,280,Herrenfahrrad
7200414,400,Herrenfahrrad
4501151,180,Damenfahrrad
11400929,330,Herrenfahrrad
3601348,920,Herrenfahrrad
9200716,1,Herrenfahrrad
3300514,250,Damenfahrrad
3400722,2852,Fahrrad
6100102,908,Herrenfahrrad
2200208,999,Damenfahrrad
3601243,921,divers
1100103,2500,Herrenfahrrad
2300315,1110,Damenfahrrad
2400625,285,Rennrad
3400618,816,Herrenfahrrad
9200717,3200,divers
3200207,1569,Fahrrad
3701556,904,Damenfahrrad
4200311,3035,Herrenfahrrad
2200213,1599,Herrenfahrrad
1100415,1113,Herrenfahrrad
2100102,120,Mountainbike
7100102,999,Damenfahrrad
1200624,302,Fahrrad
6100102,1350,Herrenfahrrad
1100309,1013,Herrenfahrrad
6100102,850,Damenfahrrad
5100316,599,Damenfahrrad
3701658,500,Herrenfahrrad
5200630,2722,divers
4501151,500,Fahrrad
6400842,530,Herrenfahrrad
9100101,256,Herrenfahrrad
4400834,200,Herrenfahrrad
12400721,691,Herrenfahrrad
1200522,398,Damenfahrrad
3100101,250,Mountainbike
2500728,999,Herrenfahrrad
4501040,600,Damenfahrrad
4300413,3378,Fahrrad
3500936,801,Damenfahrrad
12400720,650,Fahrrad
3701554,719,Fahrrad
1100310,135,Herrenfahrrad
9200717,1000,Mountainbike
9401433,1199,Damenfahrrad
9100101,3000,Rennrad
8100417,350,Herrenfahrrad
3100101,400,Fahrrad
11400929,379,Herrenfahrrad
1100416,399,Herrenfahrrad
7300618,1350,Herrenfahrrad
1100313,250,Damenfahrrad
12200412,500,divers
1100309,599,Damenfahrrad
7100101,3540,Damenfahrrad
10300731,830,Herrenfahrrad
1100415,600,Herrenfahrrad
3701657,600,Herrenfahrrad
8100417,2600,Fahrrad
2400522,400,Herrenfahrrad
6100207,276,Herrenfahrrad
1200628,700,Herrenfahrrad
11300722,600,Damenfahrrad
9200613,5800,divers
2200211,2099,Herrenfahrrad
2500835,1200,Fahrrad
3601142,1000,Fahrrad
9100304,399,Damenfahrrad
8301037,979,Damenfahrrad
1100414,899,Herrenfahrrad
4501151,538,Damenfahrrad
6200422,536,Damenfahrrad
3701556,600,Herrenfahrrad
11300724,854,Damenfahrrad
1300731,1031,Herrenfahrrad
6400839,150,Fahrrad
11100101,500,Herrenfahrrad
11100101,500,Fahrrad
11100101,500,Mountainbike
11100101,500,Fahrrad
11100101,500,Fahrrad
11100101,500,Herrenfahrrad
4200207,479,Mountainbike
2400522,250,Kinderfahrrad
12100206,199,Herrenfahrrad
8100312,1099,Herrenfahrrad
7100102,350,Herrenfahrrad
7601236,329,Mountainbike
1100103,500,Herrenfahrrad
3601451,400,Damenfahrrad
7100204,399,Damenfahrrad
5300840,600,Damenfahrrad
4400835,580,Fahrrad
9200512,535,Herrenfahrrad
1400940,2099,Damenfahrrad
7501134,575,Damenfahrrad
12100101,953,Herrenfahrrad
6400737,200,Damenfahrrad
7400825,270,Herrenfahrrad
8300934,1069,Damenfahrrad
7200307,270,Damenfahrrad
1300731,275,Damenfahrrad
10200630,300,Herrenfahrrad
10200422,259,Damenfahrrad
2500835,590,Fahrrad
2400625,600,Fahrrad
1200629,1059,Herrenfahrrad
4300620,500,Herrenfahrrad
12200515,120,Damenfahrrad
11300620,1199,Herrenfahrrad
6100206,2000,divers
11300620,55,Herrenfahrrad
12200308,900,divers
3601346,250,Herrenfahrrad
5100315,681,Fahrrad
8100415,849,Damenfahrrad
5100315,780,Herrenfahrrad
3601347,1100,Rennrad
11300722,370,Fahrrad
2400623,1160,Herrenfahrrad
1300836,800,Herrenfahrrad
9501939,2219,Mountainbike
7400826,600,Damenfahrrad
9501736,899,Fahrrad
9501736,500,Damenfahrrad
5300737,1050,Herrenfahrrad
9100202,2575,Damenfahrrad
4501152,278,Herrenfahrrad
7300517,720,Herrenfahrrad
11400929,1800,Herrenfahrrad
6300526,599,Herrenfahrrad
6300524,720,Herrenfahrrad
2200209,250,Herrenfahrrad
3200207,1200,Damenfahrrad
1400940,1120,Mountainbike
11300619,2233,Herrenfahrrad
6200422,999,Herrenfahrrad
6400839,402,Damenfahrrad
2300315,350,Herrenfahrrad
2500727,1000,Fahrrad
2500833,916,Damenfahrrad
2300316,2659,Fahrrad
3400826,250,Herrenfahrrad
4300622,533,Damenfahrrad
7100204,849,Herrenfahrrad
8100310,1070,Fahrrad
2500729,331,Herrenfahrrad
9200715,530,Herrenfahrrad
4300414,1144,Herrenfahrrad
2400624,433,Herrenfahrrad
4300413,600,Mountainbike
3601141,320,Damenfahrrad
3601450,3999,Fahrrad
1100206,399,Herrenfahrrad
6400842,500,Herrenfahrrad
3200206,799,Damenfahrrad
2300314,1700,Fahrrad
2200210,1098,Damenfahrrad
4501146,398,Damenfahrrad
3500934,590,Kinderfahrrad
3500934,400,Damenfahrrad
8100104,370,Herrenfahrrad
2200210,360,Herrenfahrrad
3701658,399,Herrenfahrrad
4501152,699,Herrenfahrrad
9300920,400,Herrenfahrrad
4400727,312,Herrenfahrrad
12100101,424,Herrenfahrrad
1100206,5200,divers
7300516,510,Kinderfahrrad
10400835,330,Fahrrad
3400722,463,Damenfahrrad
7300517,400,Herrenfahrrad
1300730,400,Herrenfahrrad
3400826,760,Herrenfahrrad
7501030,1,Fahrrad
7100205,541,Damenfahrrad
1100313,375,Damenfahrrad
8100206,550,Damenfahrrad
9100101,849,Damenfahrrad
11300617,498,Herrenfahrrad
7100102,700,Damenfahrrad
3701660,1131,Damenfahrrad
9100101,1899,Herrenfahrrad
4300416,1250,Herrenfahrrad
7300619,300,Herrenfahrrad
4200309,850,Mountainbike
3400826,881,Damenfahrrad
1100414,1199,Herrenfahrrad
1400941,400,Damenfahrrad
4300413,209,Damenfahrrad
4300414,440,Damenfahrrad
9200715,519,Fahrrad
11501340,424,Herrenfahrrad
7300515,399,Damenfahrrad
7501134,575,Damenfahrrad
4501150,800,Kinderfahrrad
3601449,914,Herrenfahrrad
6200422,599,Damenfahrrad
10300733,1000,Herrenfahrrad
6400737,249,Damenfahrrad
1100102,600,divers
11100101,500,Mountainbike
11100101,500,Fahrrad
3701555,200,Damenfahrrad
2500727,1000,Herrenfahrrad
9200511,0,Mountainbike
11400931,1000,Herrenfahrrad
8301036,1,Fahrrad
1100312,0,Fahrrad
1100102,500,Mountainbike
5100314,200,Herrenfahrrad
11400929,0,divers
3601141,1600,divers
9200716,520,Mountainbike
7200412,1113,Fahrrad
2400623,749,Herrenfahrrad
3601142,350,Herrenfahrrad
11200513,500,Mountainbike
5200420,100,Kinderfahrrad
1200625,222,Damenfahrrad
2200209,220,Fahrrad
5100210,100,Kinderfahrrad
3200207,488,Herrenfahrrad
9501838,350,Damenfahrrad
6100102,1100,Herrenfahrrad
3601243,4000,Damenfahrrad
2200213,500,Damenfahrrad
1100415,535,Damenfahrrad
7400822,1849,Herrenfahrrad
9200613,3592,Herrenfahrrad
4501151,1000,Herrenfahrrad
9401534,1500,Fahrrad
3601244,1298,Herrenfahrrad
3601244,500,Herrenfahrrad
9301126,175,Damenfahrrad
11501339,1000,Damenfahrrad
3601453,850,Herrenfahrrad
3701554,570,Damenfahrrad
3400723,1140,Herrenfahrrad
7200411,300,Rennrad
10200420,400,Kinderfahrrad
9100407,350,Damenfahrrad
2500729,526,Herrenfahrrad
4501040,580,Damenfahrrad
1200518,90,Damenfahrrad
1200522,952,Herrenfahrrad
2200207,300,Damenfahrrad
9200613,399,Herrenfahrrad
3300514,10,Damenfahrrad
11300617,666,Herrenfahrrad
7300517,848,Herrenfahrrad
1100313,1100,Herrenfahrrad
7400928,50,Damenfahrrad
7400823,230,Herrenfahrrad
4400830,513,Herrenfahrrad
2400624,500,Damenfahrrad
4300416,300,Damenfahrrad
2200208,900,Herrenfahrrad
1200629,1552,Herrenfahrrad
1401047,550,Herrenfahrrad
5100208,200,Herrenfahrrad
7200307,550,Herrenfahrrad
4501042,1040,Herrenfahrrad
3601453,2000,Herrenfahrrad
8100415,800,Rennrad
6400737,549,Damenfahrrad
2100106,400,Kinderfahrrad
7100205,399,Damenfahrrad
2300314,300,Herrenfahrrad
2300314,465,Kinderfahrrad
9300920,699,Damenfahrrad
3701660,2100,Herrenfahrrad
1100312,794,Herrenfahrrad
1100205,1399,Herrenfahrrad
10300733,765,Herrenfahrrad
2300316,500,Fahrrad
1200626,499,Damenfahrrad
4300622,1100,Herrenfahrrad
4300622,617,Damenfahrrad
1100206,790,Herrenfahrrad
11501341,799,Kinderfahrrad
9200511,399,Herrenfahrrad
9100304,200,Damenfahrrad
8200623,429,Herrenfahrrad
4400832,505,Damenfahrrad
4501045,299,Damenfahrrad
1200518,300,Herrenfahrrad
6300526,599,Herrenfahrrad
4501040,200,Fahrrad
11501339,0,Mountainbike
3601244,1199,Damenfahrrad
6400844,200,Fahrrad
2500832,1300,Fahrrad
8100101,600,Fahrrad
2500834,300,Herrenfahrrad
3300413,1,Damenfahrrad
1200522,250,Herrenfahrrad
12601134,100,Kinderfahrrad
3601453,204,Kinderfahrrad
7300517,499,Herrenfahrrad
10100312,500,Fahrrad
10100207,500,Mountainbike
1200623,0,Fahrrad
8200624,524,Mountainbike
5100208,300,Mountainbike
1100312,600,Herrenfahrrad
3601245,269,Damenfahrrad
9200716,2580,divers
1200624,1,Mountainbike
9200716,2522,divers
10100208,220,divers
9200511,717,Damenfahrrad
11100307,800,Herrenfahrrad
4500939,1998,Damenfahrrad
12500825,582,Herrenfahrrad
9200511,0,divers
3601142,150,Herrenfahrrad
6300526,385,Damenfahrrad
9200715,800,Herrenfahrrad
4400727,220,Damenfahrrad
1100310,400,Herrenfahrrad
8100417,800,Herrenfahrrad
2300316,428,Herrenfahrrad
4300413,1000,Herrenfahrrad
7300517,985,Herrenfahrrad
12400723,829,Herrenfahrrad
1300834,650,Herrenfahrrad
3400723,1000,Damenfahrrad
3601142,650,Herrenfahrrad
2500835,300,Fahrrad
9200613,751,Herrenfahrrad
11400928,912,Herrenfahrrad
7601544,330,Damenfahrrad
8301036,3150,Damenfahrrad
3400722,729,Damenfahrrad
4400830,902,Herrenfahrrad
6400843,1000,Herrenfahrrad
3400725,654,Herrenfahrrad
8100416,629,Herrenfahrrad
2100105,310,Fahrrad
3601140,500,Damenfahrrad
1100310,850,Herrenfahrrad
4300518,1,Fahrrad
4501041,1399,Fahrrad
4300412,150,Fahrrad
2300417,250,Damenfahrrad
3701660,200,Herrenfahrrad
9501737,219,Fahrrad
3701660,550,Herrenfahrrad
4400832,450,Fahrrad
9300921,500,Damenfahrrad
11401032,800,Herrenfahrrad
8100102,699,Herrenfahrrad
9200511,1500,Mountainbike
2500729,700,Herrenfahrrad
5100316,335,Herrenfahrrad
7300515,700,Damenfahrrad
4501041,4517,Fahrrad
1100416,1017,Herrenfahrrad
3400830,349,Kinderfahrrad
9200715,609,Herrenfahrrad
9502042,500,Herrenfahrrad
2500830,372,Herrenfahrrad
7200413,999,Damenfahrrad
7501134,750,Damenfahrrad
6300526,150,Herrenfahrrad
9501737,650,Herrenfahrrad
11501339,303,Damenfahrrad
7300618,786,Damenfahrrad
8100206,579,Herrenfahrrad
2300417,200,Fahrrad
7300517,449,Damenfahrrad
10400939,1353,Damenfahrrad
9200717,450,Damenfahrrad
9501737,1300,Damenfahrrad
5200629,820,Herrenfahrrad
1200629,384,Herrenfahrrad
9100202,717,Herrenfahrrad
6200420,550,Damenfahrrad
12100102,876,Herrenfahrrad
2200211,830,Herrenfahrrad
1100310,2000,Rennrad
2200212,160,Fahrrad
2400521,4114,Herrenfahrrad
9501737,470,Herrenfahrrad
3601141,1137,Herrenfahrrad
2500832,240,Herrenfahrrad
7200410,1500,Herrenfahrrad
1100414,1529,Herrenfahrrad
7300618,1150,Damenfahrrad
7400822,830,Damenfahrrad
2100102,386,Herrenfahrrad
2200213,400,Herrenfahrrad
11501339,714,Herrenfahrrad
7300515,250,Damenfahrrad
5200631,450,Herrenfahrrad
10400940,499,Damenfahrrad
1100416,912,Herrenfahrrad
12100101,150,Herrenfahrrad
6200420,270,Herrenfahrrad
8100314,533,Damenfahrrad
9501939,600,Damenfahrrad
4501153,2650,Damenfahrrad
7400823,639,Damenfahrrad
8100312,250,Herrenfahrrad
3200207,716,Damenfahrrad
7200413,679,Damenfahrrad
10400836,500,Fahrrad
2400624,999,Rennrad
11300618,1200,Herrenfahrrad
7100101,730,Herrenfahrrad
6400843,999,Herrenfahrrad
5100208,8150,Fahrrad
7300515,681,Damenfahrrad
5100208,5500,divers
3200205,467,Damenfahrrad
2500834,189,Mountainbike
5200629,100,Herrenfahrrad
6400843,1500,Herrenfahrrad
6400737,579,Herrenfahrrad
12400720,650,Fahrrad
9501838,519,Herrenfahrrad
7200307,200,divers
4501146,250,Mountainbike
1100309,150,Damenfahrrad
2500835,0,Mountainbike
3601142,150,Damenfahrrad
6300526,0,Mountainbike
8100314,100,divers
7200409,937,Rennrad
2400521,250,Herrenfahrrad
5100210,200,Damenfahrrad
4300622,800,Herrenfahrrad
4200310,500,Mountainbike
6100103,50,Herrenfahrrad
1100313,500,Herrenfahrrad
1100101,600,Fahrrad
3500935,320,Herrenfahrrad
7100206,298,Damenfahrrad
3701556,1409,Herrenfahrrad
4300416,600,Fahrrad
1100310,270,Damenfahrrad
10300734,561,Herrenfahrrad
2200212,4600,Fahrrad
8100312,1109,Herrenfahrrad
2200211,222,Damenfahrrad
5300841,250,Damenfahrrad
8300934,299,Herrenfahrrad
2500729,379,Kinderfahrrad
7400928,300,Damenfahrrad
6400736,850,Damenfahrrad
1100205,495,Fahrrad
2200210,380,Herrenfahrrad
3701660,420,Damenfahrrad
2200212,300,Herrenfahrrad
2200210,475,Damenfahrrad
12601031,399,Herrenfahrrad
7100101,506,Damenfahrrad
6100207,1058,divers
2500836,428,Herrenfahrrad
4300517,500,Herrenfahrrad
2100101,682,Herrenfahrrad
7100204,450,Herrenfahrrad
6300527,445,Fahrrad
4501043,847,Damenfahrrad
10300733,826,Fahrrad
11100204,448,Herrenfahrrad
3701657,2771,Herrenfahrrad
2100103,800,Damenfahrrad
7100205,250,Kinderfahrrad
6400840,350,Herrenfahrrad
9200819,260,Damenfahrrad
3701660,670,Herrenfahrrad
1100416,80,Damenfahrrad
1100416,765,Herrenfahrrad
10300734,639,Herrenfahrrad
12100102,175,Damenfahrrad
2200210,524,Damenfahrrad
3601139,150,Herrenfahrrad
1200521,210,Rennrad
11401034,3650,Herrenfahrrad
8100208,600,Herrenfahrrad
7400927,460,Damenfahrrad
6400839,1200,Herrenfahrrad
1100102,300,Herrenfahrrad
12100101,350,Kinderfahrrad
8100208,260,Rennrad
1100102,1181,Damenfahrrad
3701660,350,Fahrrad
1200625,2300,divers
2400625,300,Herrenfahrrad
4200311,1599,Damenfahrrad
3601244,600,Damenfahrrad
6400843,680,Herrenfahrrad
11400929,6700,divers
7300516,750,Herrenfahrrad
11400929,200,Kinderfahrrad
12500928,264,Damenfahrrad
1401044,1500,Herrenfahrrad
3601243,599,Damenfahrrad
12500926,426,Damenfahrrad
7300515,1025,Damenfahrrad
8401139,1099,Damenfahrrad
4300413,300,Damenfahrrad
10300731,445,Mountainbike
6100103,676,Damenfahrrad
1100414,1100,Herrenfahrrad
4501152,800,Herrenfahrrad
2200210,999,Herrenfahrrad
8100417,350,Fahrrad
3300412,300,Mountainbike
11300725,430,Damenfahrrad
1100415,450,Damenfahrrad
3200207,1400,Herrenfahrrad
7100204,610,Damenfahrrad
6400841,599,Herrenfahrrad
12601031,599,Damenfahrrad
4300416,500,Rennrad
7601545,100,Damenfahrrad
2200207,1070,Damenfahrrad
2300418,400,Herrenfahrrad
3601142,625,Herrenfahrrad
1100309,400,Herrenfahrrad
4300621,387,Herrenfahrrad
1400942,2489,Fahrrad
9300920,200,Damenfahrrad
11300722,633,Rennrad
4300620,3374,Herrenfahrrad
9100101,200,Damenfahrrad
5200525,799,Damenfahrrad
4501151,599,Herrenfahrrad
9301126,595,Damenfahrrad
4501149,765,Damenfahrrad
2300314,500,Herrenfahrrad
2500836,399,Herrenfahrrad
7100101,1330,Damenfahrrad
10300733,500,Herrenfahrrad
2200212,433,Damenfahrrad
3400724,999,Herrenfahrrad
11200514,2510,divers
5100316,592,Fahrrad
1200519,490,Damenfahrrad
6300527,395,Herrenfahrrad
2500835,1299,Herrenfahrrad
9501838,500,Damenfahrrad
8100207,499,Fahrrad
9502043,250,Damenfahrrad
12200515,614,Herrenfahrrad
11501339,3948,Herrenfahrrad
9301024,999,Herrenfahrrad
1400940,720,Kinderfahrrad
6400735,249,Herrenfahrrad
2300315,200,Damenfahrrad
4501151,320,Damenfahrrad
7300618,333,Damenfahrrad
2200208,556,Herrenfahrrad
4300416,200,Damenfahrrad
3200206,200,Damenfahrrad
1100308,1750,Mountainbike
2100101,200,Fahrrad
6300528,209,Fahrrad
7200409,1300,Mountainbike
3500934,800,Damenfahrrad
2200211,500,Damenfahrrad
11400929,199,Mountainbike
6200423,4990,Fahrrad
4501044,999,Herrenfahrrad
1100415,350,Herrenfahrrad
8100418,379,Herrenfahrrad
7200412,100,Mountainbike
3200205,2000,Herrenfahrrad
8100418,100,Damenfahrrad
8100208,1190,Herrenfahrrad
2200211,2500,Herrenfahrrad
7100204,499,Damenfahrrad
4400831,459,Fahrrad
3601244,626,Damenfahrrad
1300730,25,Herrenfahrrad
10200524,300,Herrenfahrrad
3400724,499,Damenfahrrad
6400736,399,Kinderfahrrad
1200626,880,Herrenfahrrad
7300619,849,Damenfahrrad
5200528,600,Damenfahrrad
7200409,606,Herrenfahrrad
7300619,1200,Damenfahrrad
2200213,369,Damenfahrrad
7200414,564,Damenfahrrad
6100209,700,Herrenfahrrad
4500936,574,Damenfahrrad
1100310,1141,Fahrrad
4300621,799,Herrenfahrrad
2500832,500,Mountainbike
3500934,300,Damenfahrrad
3601140,1432,Herrenfahrrad
4400832,450,Damenfahrrad
3601348,1000,Herrenfahrrad
6400838,1029,Herrenfahrrad
7400720,350,Herrenfahrrad
2500728,1000,Herrenfahrrad
2200211,420,Kinderfahrrad
10300733,250,Kinderfahrrad
3601449,450,Fahrrad
9501940,250,Herrenfahrrad
4501042,848,Herrenfahrrad
4500937,600,Damenfahrrad
3701660,510,Herrenfahrrad
7100205,249,Kinderfahrrad
4300518,460,Herrenfahrrad
1300834,350,Damenfahrrad
9501838,839,Herrenfahrrad
1400942,159,divers
7200413,434,Herrenfahrrad
1100415,1049,Herrenfahrrad
11501238,550,Herrenfahrrad
6400841,890,Herrenfahrrad
3601348,755,Damenfahrrad
3100103,1059,Mountainbike
6200421,999,Herrenfahrrad
3701660,1000,Herrenfahrrad
3701554,450,Herrenfahrrad
7200307,291,Herrenfahrrad
4300413,700,Rennrad
1401044,610,Damenfahrrad
3701658,365,Kinderfahrrad
1300733,998,Herrenfahrrad
5200421,323,Damenfahrrad
2100106,333,Fahrrad
6100102,730,Herrenfahrrad
7300517,509,Damenfahrrad
6300526,900,Damenfahrrad
4501153,256,Damenfahrrad
2300419,150,Damenfahrrad
1100311,1500,Damenfahrrad
9100101,950,Damenfahrrad
2300315,575,Herrenfahrrad
2300315,1105,Damenfahrrad
4300623,1000,Herrenfahrrad
2200210,760,Damenfahrrad
4300416,687,Herrenfahrrad
7400928,745,Damenfahrrad
3601451,700,Fahrrad
6300528,2000,Herrenfahrrad
2500831,438,Damenfahrrad
9100202,1999,Damenfahrrad
3300412,999,Damenfahrrad
3300514,900,Herrenfahrrad
7601340,130,Damenfahrrad
9300922,490,Damenfahrrad
1100310,1599,Herrenfahrrad
7400927,260,Damenfahrrad
6400844,600,Damenfahrrad
6400844,900,Herrenfahrrad
1100415,249,Herrenfahrrad
11300826,448,Kinderfahrrad
9200613,699,Herrenfahrrad
5200632,700,Herrenfahrrad
2200209,912,Herrenfahrrad
3400618,866,Damenfahrrad
12400617,1410,Herrenfahrrad
7100204,670,Damenfahrrad
8200622,250,Herrenfahrrad
6300629,629,Damenfahrrad
11501341,427,Damenfahrrad
7501032,814,Damenfahrrad
7100103,500,Herrenfahrrad
1300731,1600,Damenfahrrad
2200210,329,Kinderfahrrad
3400618,900,Herrenfahrrad
6400843,2881,Damenfahrrad
7400927,840,Damenfahrrad
2500834,625,Damenfahrrad
8100419,600,Damenfahrrad
6100103,399,Herrenfahrrad
1100102,680,Damenfahrrad
2500834,349,Herrenfahrrad
8100310,380,Herrenfahrrad
7601339,1,Fahrrad
3601244,1200,Herrenfahrrad
4500937,50,Herrenfahrrad
8301036,300,Damenfahrrad
4400727,200,Damenfahrrad
4400830,2740,Mountainbike
4300518,3000,divers
4200308,740,Damenfahrrad
4300622,550,Kinderfahrrad
7100205,800,Rennrad
12500930,100,Herrenfahrrad
11100309,333,Damenfahrrad
11401137,2000,Rennrad
2400623,400,Fahrrad
8100105,2537,Herrenfahrrad
4300624,250,Mountainbike
1100101,200,Damenfahrrad
7100205,269,Mountainbike
8100103,50,Mountainbike
3500935,0,Herrenfahrrad
8200729,930,Damenfahrrad
9100202,150,Damenfahrrad
1401046,50,Fahrrad
3701554,300,Damenfahrrad
12500930,200,Damenfahrrad
4300414,424,Damenfahrrad
7400823,399,Mountainbike
11400930,730,Mountainbike
3400830,479,Damenfahrrad
12100205,399,Damenfahrrad
3400723,350,Damenfahrrad
7300619,399,Damenfahrrad
2500729,1146,Damenfahrrad
6100209,999,Herrenfahrrad
11300722,220,Damenfahrrad
9501941,1000,Herrenfahrrad
4300416,450,Fahrrad
1100101,1075,Herrenfahrrad
6100210,699,Damenfahrrad
9501940,449,Damenfahrrad
1401046,608,Herrenfahrrad
2500728,500,Herrenfahrrad
9200613,332,Damenfahrrad
3400827,984,Herrenfahrrad
9200510,299,Herrenfahrrad
1100310,849,Herrenfahrrad
2500836,200,Herrenfahrrad
9301126,300,Kinderfahrrad
3500933,363,Herrenfahrrad
1100102,948,Herrenfahrrad
11200512,620,Damenfahrrad
11200410,999,Damenfahrrad
11200410,330,divers
6400844,577,Herrenfahrrad
8401244,530,Damenfahrrad
2500835,529,Herrenfahrrad
8300934,999,Herrenfahrrad
1100206,684,Fahrrad
9200613,269,Damenfahrrad
6400844,1049,Herrenfahrrad
6100103,660,Herrenfahrrad
9501941,2849,Damenfahrrad
7601236,350,Damenfahrrad
9501939,643,Herrenfahrrad
2100104,350,Damenfahrrad
3601140,602,Herrenfahrrad
7100101,881,Herrenfahrrad
12200412,599,Damenfahrrad
2400623,1255,Herrenfahrrad
1100308,680,Damenfahrrad
7601236,376,Kinderfahrrad
2100102,500,Damenfahrrad
1300733,200,Damenfahrrad
4300413,289,Damenfahrrad
1400941,120,Herrenfahrrad
11300722,320,Herrenfahrrad
7601237,700,Herrenfahrrad
3500934,800,Damenfahrrad
1200627,620,Herrenfahrrad
11200411,584,Damenfahrrad
7601341,499,Mountainbike
1300834,500,Herrenfahrrad
8401138,399,Herrenfahrrad
4300415,630,Damenfahrrad
7100101,1399,Herrenfahrrad
1100308,680,Herrenfahrrad
6100204,324,divers
8100418,1124,Herrenfahrrad
6300629,1000,Herrenfahrrad
1300730,200,Herrenfahrrad
2200213,269,Damenfahrrad
7300515,680,Herrenfahrrad
3601453,2092,Herrenfahrrad
10300734,90,Herrenfahrrad
12500929,929,Herrenfahrrad
6400838,299,Damenfahrrad
11401137,860,Damenfahrrad
8100103,499,Herrenfahrrad
6400844,1049,Damenfahrrad
7300515,613,Herrenfahrrad
2500835,389,Damenfahrrad
9200613,200,Herrenfahrrad
1200624,1300,divers
6400735,375,Kinderfahrrad
4400835,599,Damenfahrrad
2300419,350,Damenfahrrad
7200307,750,Herrenfahrrad
8200725,1200,Herrenfahrrad
11501238,399,Damenfahrrad
1100207,700,Herrenfahrrad
11300722,314,Kinderfahrrad
1100313,899,Herrenfahrrad
2500833,330,Herrenfahrrad
7200410,550,Damenfahrrad
1200522,450,Herrenfahrrad
3400619,599,Fahrrad
8100207,2000,Herrenfahrrad
3300517,200,Damenfahrrad
4300414,1153,Damenfahrrad
2500727,1000,Herrenfahrrad
6200313,200,Herrenfahrrad
1100414,1369,Damenfahrrad
4300620,350,Damenfahrrad
1100308,749,Herrenfahrrad
4300415,160,Damenfahrrad
2200213,1100,Herrenfahrrad
9200715,549,Herrenfahrrad
6400736,1299,Herrenfahrrad
9501940,800,Damenfahrrad
4100101,1049,Damenfahrrad
10400837,600,divers
11100309,489,Damenfahrrad
4400832,1999,Damenfahrrad
2400522,500,Herrenfahrrad
3701659,242,Damenfahrrad
6200314,600,Herrenfahrrad
1300733,1129,Rennrad
12400721,499,Fahrrad
1401043,280,Herrenfahrrad
10200629,599,Mountainbike
2400624,1200,Herrenfahrrad
4100101,550,Damenfahrrad
6300524,1060,Damenfahrrad
3601348,699,Damenfahrrad
8100209,849,Herrenfahrrad
11100206,599,Fahrrad
3601243,380,Fahrrad
2500832,2100,Herrenfahrrad
4501041,7373,Fahrrad
1100310,950,Damenfahrrad
2400522,498,Herrenfahrrad
2200211,73,Damenfahrrad
4400835,624,Damenfahrrad
5200633,570,Damenfahrrad
2300417,250,Damenfahrrad
10100312,1049,Damenfahrrad
9100101,896,Fahrrad
4501153,1000,Damenfahrrad
2400623,759,Damenfahrrad
9501941,1000,Damenfahrrad
9401534,549,Damenfahrrad
3601453,50,Herrenfahrrad
2500833,699,Damenfahrrad
11501341,1017,Herrenfahrrad
7300516,815,Herrenfahrrad
4300517,1200,Herrenfahrrad
2500729,999,Fahrrad
2500729,1300,Damenfahrrad
2500729,999,Herrenfahrrad
8100311,900,Herrenfahrrad
3601451,858,Herrenfahrrad
7100101,1800,Rennrad
4300517,849,Fahrrad
2300418,220,Fahrrad
3601244,100,Damenfahrrad
8100104,1100,Fahrrad
11400929,500,Mountainbike
1300733,1,divers
7100204,1500,Fahrrad
1100311,350,Damenfahrrad
3400723,200,Damenfahrrad
4300623,1268,Herrenfahrrad
2200207,30,divers
1100313,680,Fahrrad
4400727,1,Herrenfahrrad
12601134,200,Kinderfahrrad
7100102,549,Rennrad
4300623,1,Herrenfahrrad
1200629,1520,Damenfahrrad
2400520,5500,Mountainbike
1100207,999,Herrenfahrrad
6400735,700,Herrenfahrrad
3601140,1,Rennrad
5100316,1000,divers
3400826,2399,Herrenfahrrad
2100101,499,Herrenfahrrad
12500930,2900,Herrenfahrrad
3601142,750,Herrenfahrrad
7300618,1000,Damenfahrrad
9200715,3299,Damenfahrrad
2200213,300,Fahrrad
7601237,399,Fahrrad
10200629,3999,divers
1200521,150,Damenfahrrad
7300517,700,Damenfahrrad
10200524,150,Herrenfahrrad
4501151,630,Damenfahrrad
1401046,1521,Herrenfahrrad
10100104,600,Fahrrad
9200716,654,Herrenfahrrad
7501133,500,Herrenfahrrad
1100310,880,Herrenfahrrad
2200207,499,Herrenfahrrad
4400832,2053,Herrenfahrrad
7300517,200,Fahrrad
7200413,499,Herrenfahrrad
11401137,300,Damenfahrrad
1100101,410,Damenfahrrad
1200522,1799,Herrenfahrrad
3601142,400,Kinderfahrrad
8100310,729,Damenfahrrad
6100102,294,Fahrrad
1100311,700,Damenfahrrad
4300416,499,Herrenfahrrad
7100204,575,Herrenfahrrad
7300515,1127,Herrenfahrrad
8200624,1200,Herrenfahrrad
2400522,799,Herrenfahrrad
6100103,426,Damenfahrrad
6400737,1500,divers
1300733,1000,Damenfahrrad
3601347,335,Fahrrad
1100207,200,Damenfahrrad
7501031,689,Herrenfahrrad
3400829,782,Herrenfahrrad
4501045,2997,Herrenfahrrad
1100309,500,Herrenfahrrad
3100103,1588,Herrenfahrrad
9100101,170,Herrenfahrrad
10300733,800,Fahrrad
2300419,4200,Fahrrad
6200422,670,Damenfahrrad
1401046,778,Damenfahrrad
1401044,450,Herrenfahrrad
11501340,300,Damenfahrrad
2500726,730,Kinderfahrrad
12500825,340,Damenfahrrad
4300623,350,Damenfahrrad
8200726,200,Kinderfahrrad
12100101,455,Damenfahrrad
1300733,250,Fahrrad
4501152,450,Damenfahrrad
3701659,244,Damenfahrrad
7100101,899,Herrenfahrrad
3400827,500,Damenfahrrad
4501152,654,Fahrrad
9301126,3092,Herrenfahrrad
6200313,524,Herrenfahrrad
6300634,375,Damenfahrrad
1400942,400,Herrenfahrrad
1300834,400,Damenfahrrad
2300419,550,Damenfahrrad
8100311,1350,Herrenfahrrad
2200209,500,Mountainbike
9200819,450,Herrenfahrrad
4300621,300,Herrenfahrrad
9502042,720,Herrenfahrrad
5100316,510,Damenfahrrad
7100101,699,Fahrrad
4501045,946,Herrenfahrrad
12400723,400,Herrenfahrrad
5100316,399,Damenfahrrad
10100104,290,Herrenfahrrad
10100104,450,Damenfahrrad
2200207,450,Mountainbike
3601139,700,Fahrrad
11401137,0,Mountainbike
8100104,400,Fahrrad
4200207,670,Damenfahrrad
2400624,1284,Fahrrad
5100105,860,divers
4300517,2222,Herrenfahrrad
1100308,1650,Herrenfahrrad
2500834,690,Damenfahrrad
11300725,5512,Herrenfahrrad
12400720,660,Herrenfahrrad
4300619,300,Kinderfahrrad
2300417,440,Rennrad
3701659,599,Herrenfahrrad
9501939,2089,divers
3500935,421,Herrenfahrrad
3500935,73,Kinderfahrrad
6300634,430,Damenfahrrad
6400844,1500,Rennrad
3400828,883,Herrenfahrrad
12100205,100,Herrenfahrrad
1100103,502,Herrenfahrrad
7400720,399,Herrenfahrrad
12100204,700,Herrenfahrrad
9100409,900,Herrenfahrrad
2200210,3947,Fahrrad
2400623,238,Damenfahrrad
2400520,729,Herrenfahrrad
1300836,749,Herrenfahrrad
4300622,849,Herrenfahrrad
7501133,364,Damenfahrrad
3400723,972,Herrenfahrrad
9301126,603,Mountainbike
8100314,476,Herrenfahrrad
3400827,150,Kinderfahrrad
1400939,500,Fahrrad
4501040,1250,Herrenfahrrad
1401047,20,Fahrrad
4200205,3089,Damenfahrrad
3200205,3338,Herrenfahrrad
7300517,250,Damenfahrrad
8100102,200,Fahrrad
3200207,658,Herrenfahrrad
2300418,377,Damenfahrrad
2300418,399,Damenfahrrad
9100101,600,Damenfahrrad
1100309,1909,Herrenfahrrad
5100316,1500,Herrenfahrrad
8100104,430,Herrenfahrrad
1200623,882,Fahrrad
2300316,370,Fahrrad
2100104,700,Fahrrad
4400729,650,Herrenfahrrad
1100310,80,Damenfahrrad
1100308,899,Herrenfahrrad
8100313,999,Herrenfahrrad
1100416,800,Damenfahrrad
2400522,679,Damenfahrrad
10200630,199,Herrenfahrrad
2100104,459,Damenfahrrad
7200413,1200,Damenfahrrad
7100206,750,Damenfahrrad
3300514,425,Damenfahrrad
4200310,1600,Herrenfahrrad
11300725,1299,Damenfahrrad
4300624,395,Damenfahrrad
2300315,1146,Herrenfahrrad
9401432,1999,Damenfahrrad
12100204,3100,Herrenfahrrad
4501044,225,Damenfahrrad
9401432,1529,divers
7400720,500,Herrenfahrrad
1100311,727,Herrenfahrrad
4200309,528,Fahrrad
9401534,1890,Herrenfahrrad
1200521,1120,Herrenfahrrad
9401432,1999,Damenfahrrad
7200412,1539,Herrenfahrrad
2200213,799,Herrenfahrrad
4501042,494,Herrenfahrrad
4300621,2444,Fahrrad
1400939,250,Damenfahrrad
7200307,850,Herrenfahrrad
8100314,3650,Herrenfahrrad
2200212,488,Damenfahrrad
1100207,1688,Herrenfahrrad
4400729,500,Herrenfahrrad
9200511,1050,Herrenfahrrad
2200210,899,Herrenfahrrad
2500833,400,Fahrrad
2300417,100,Damenfahrrad
3701658,640,Herrenfahrrad
1100311,1000,Herrenfahrrad
6300634,389,Damenfahrrad
7200409,480,Herrenfahrrad
4501042,1599,Damenfahrrad
2300419,419,Herrenfahrrad
4300622,726,Herrenfahrrad
9200717,475,Fahrrad
1100101,563,Herrenfahrrad
9401431,300,Herrenfahrrad
3701660,499,Fahrrad
9200511,500,Mountainbike
8200833,814,Herrenfahrrad
7100206,399,Damenfahrrad
2400522,271,Herrenfahrrad
4501042,1,Damenfahrrad
1300733,120,Mountainbike
2500835,300,Fahrrad
4501153,400,Mountainbike
2500833,150,Herrenfahrrad
9100202,900,Fahrrad
12200309,3657,Herrenfahrrad
2200209,550,Damenfahrrad
3500934,330,Herrenfahrrad
3601452,398,Damenfahrrad
3400721,524,Kinderfahrrad
7200308,500,Damenfahrrad
7200308,300,Mountainbike
4501149,1,Herrenfahrrad
4501149,200,Damenfahrrad
12100102,779,Herrenfahrrad
1100104,500,Herrenfahrrad
9301025,780,Herrenfahrrad
6100103,799,Herrenfahrrad
2300315,300,Fahrrad
2100105,300,Mountainbike
2100102,1119,Herrenfahrrad
4501040,930,Herrenfahrrad
2100103,649,Herrenfahrrad
2100101,537,Fahrrad
2100101,510,Herrenfahrrad
3601245,600,Damenfahrrad
9301126,844,Damenfahrrad
4200310,410,Fahrrad
11401032,300,Herrenfahrrad
4501044,890,Damenfahrrad
1200625,940,Herrenfahrrad
7100103,1900,Fahrrad
8100207,60,Damenfahrrad
3701659,2490,Damenfahrrad
7601548,429,Fahrrad
9200613,343,Fahrrad
11100204,369,Kinderfahrrad
2500728,350,Fahrrad
9502043,403,Damenfahrrad
9200613,674,Herrenfahrrad
3601142,1200,Fahrrad
4300413,999,Herrenfahrrad
8100311,778,Damenfahrrad
11501340,599,Herrenfahrrad
2200213,250,Herrenfahrrad
3601140,1749,Herrenfahrrad
2400522,1100,Herrenfahrrad
9300922,50,Herrenfahrrad
6400840,700,Herrenfahrrad
12500928,330,Herrenfahrrad
4300415,185,Herrenfahrrad
3400826,100,Damenfahrrad
9501736,200,Damenfahrrad
3400721,699,Herrenfahrrad
11400929,295,Fahrrad
11100206,400,Kinderfahrrad
8100311,220,Kinderfahrrad
8100105,292,Kinderfahrrad
1300730,100,Kinderfahrrad
4300623,1000,Mountainbike
7200414,350,Damenfahrrad
1400937,312,Damenfahrrad
1400942,311,Mountainbike
1300730,50,Mountainbike
12400723,1920,Fahrrad
3400826,600,Herrenfahrrad
4501042,1500,Herrenfahrrad
1100310,1600,Herrenfahrrad
7300618,600,Herrenfahrrad
3601245,1062,Herrenfahrrad
11501339,400,Herrenfahrrad
11501339,1000,Damenfahrrad
4400726,449,Damenfahrrad
8100103,920,Damenfahrrad
9501838,450,Herrenfahrrad
6300632,800,Damenfahrrad
1200624,300,Fahrrad
2300419,606,Herrenfahrrad
9401534,700,divers
7400720,1134,Herrenfahrrad
1100207,150,Damenfahrrad
7300618,750,Herrenfahrrad
4501044,813,Damenfahrrad
9501940,1099,Herrenfahrrad
12400618,620,Herrenfahrrad
3601449,279,Damenfahrrad
7200308,1000,Fahrrad
2300314,420,Damenfahrrad
1200629,1994,Herrenfahrrad
4300624,395,Damenfahrrad
2500835,170,Kinderfahrrad
9100101,399,Damenfahrrad
3400827,1805,Damenfahrrad
7400720,200,Mountainbike
8100314,528,Damenfahrrad
9300920,1600,Mountainbike
8100415,80,Kinderfahrrad
10100316,727,Damenfahrrad
6400737,800,Damenfahrrad
9200716,859,Herrenfahrrad
3701554,350,Fahrrad
2500832,594,Herrenfahrrad
3701554,2000,Fahrrad
11400929,825,Herrenfahrrad
3701554,2000,divers
7200413,800,Herrenfahrrad
2500836,1170,Herrenfahrrad
3601244,300,Damenfahrrad
4501040,1100,Herrenfahrrad
8100209,800,Herrenfahrrad
7200409,419,Kinderfahrrad
12400617,50,Herrenfahrrad
4300414,669,Herrenfahrrad
11300725,1500,Herrenfahrrad
12400721,744,Damenfahrrad
4300416,1053,Damenfahrrad
8401244,600,Herrenfahrrad
9200819,1200,Herrenfahrrad
3500933,2074,Herrenfahrrad
1100312,910,Damenfahrrad
11100307,598,Herrenfahrrad
6400838,744,Damenfahrrad
10300733,441,Herrenfahrrad
4501043,1037,Herrenfahrrad
1100103,3000,Herrenfahrrad
4400830,1000,Herrenfahrrad
3400723,200,Damenfahrrad
8100103,4566,Fahrrad
3601453,599,Herrenfahrrad
3601142,150,Herrenfahrrad
12500926,500,Kinderfahrrad
8100101,800,Damenfahrrad
3601140,500,Herrenfahrrad
11300722,740,Fahrrad
9200613,2500,Herrenfahrrad
2400522,1260,Herrenfahrrad
9200716,578,Herrenfahrrad
9100304,797,Herrenfahrrad
10100312,209,Fahrrad
11300722,570,Damenfahrrad
8100310,1210,Damenfahrrad
1400937,333,Damenfahrrad
11300721,87,Herrenfahrrad
4200309,1,Fahrrad
5100315,500,Herrenfahrrad
10300732,1,Mountainbike
1100309,1300,Herrenfahrrad
5100101,50,Herrenfahrrad
5200525,894,Herrenfahrrad
11400927,500,Herrenfahrrad
3400826,850,Mountainbike
10100207,1000,Mountainbike
3601245,1022,Fahrrad
5200525,692,Kinderfahrrad
11300725,2959,Herrenfahrrad
7100204,200,Mountainbike
9200717,1651,Herrenfahrrad
6400735,300,divers
5200629,740,Kinderfahrrad
9401635,498,Damenfahrrad
3601346,2000,Fahrrad
8100415,999,Herrenfahrrad
4501042,1,Herrenfahrrad
3501037,380,Mountainbike
6300526,505,Fahrrad
2300417,290,Damenfahrrad
8100312,699,Herrenfahrrad
5100102,200,Damenfahrrad
8100206,1,Mountainbike
12200308,700,Damenfahrrad
10100206,3000,Fahrrad
8300934,270,Fahrrad
4100101,479,Herrenfahrrad
11401034,818,Damenfahrrad
2200213,260,Herrenfahrrad
4300619,330,Damenfahrrad
7400721,400,Damenfahrrad
7100102,100,Kinderfahrrad
8100314,365,Herrenfahrrad
8100208,200,Damenfahrrad
4500936,399,Herrenfahrrad
4300623,300,Damenfahrrad
1300835,498,Herrenfahrrad
1100206,1000,Damenfahrrad
6200421,417,Damenfahrrad
1200521,520,Herrenfahrrad
10400835,290,divers
11300619,439,Herrenfahrrad
6400838,429,Fahrrad
12200515,312,Damenfahrrad
10100312,150,Damenfahrrad
2100104,2500,Herrenfahrrad
4200309,370,Mountainbike
8100312,1163,Herrenfahrrad
6300634,330,Damenfahrrad
9401534,1136,Herrenfahrrad
9301126,410,Fahrrad
2200207,700,Herrenfahrrad
4501042,502,Damenfahrrad
2400623,469,Damenfahrrad
3601140,600,Herrenfahrrad
1300834,320,Herrenfahrrad
8100208,300,Fahrrad
11100206,350,Fahrrad
6200421,564,Damenfahrrad
4300414,400,divers
1100312,599,Damenfahrrad
4300624,599,Damenfahrrad
1401044,899,Herrenfahrrad
2400522,1100,Herrenfahrrad
7400720,549,Herrenfahrrad
2500831,1793,Herrenfahrrad
1100311,999,Herrenfahrrad
7300516,678,Herrenfahrrad
1200624,1800,Herrenfahrrad
4501044,597,Herrenfahrrad
2200207,599,Herrenfahrrad
2300419,190,Herrenfahrrad
12100102,488,Damenfahrrad
3601451,400,Damenfahrrad
8100102,1500,Herrenfahrrad
10200420,400,Herrenfahrrad
1200628,390,Damenfahrrad
9100101,130,Damenfahrrad
10200630,199,Damenfahrrad
3501037,280,Herrenfahrrad
10300731,323,Herrenfahrrad
2200213,699,Damenfahrrad
7300516,2000,Fahrrad
8401244,200,Mountainbike
2300316,550,Damenfahrrad
2100105,749,Herrenfahrrad
2300417,260,Fahrrad
7400927,150,Damenfahrrad
7400720,450,Herrenfahrrad
2200207,718,Damenfahrrad
11100203,150,Fahrrad
2300418,300,Fahrrad
9301126,330,Kinderfahrrad
8100310,200,Herrenfahrrad
8100310,410,Damenfahrrad
11300618,1200,Herrenfahrrad
1100309,1200,Fahrrad
2300316,990,Herrenfahrrad
2300315,300,Damenfahrrad
3501038,386,Kinderfahrrad
3601141,862,Herrenfahrrad
7200307,600,Fahrrad
2200208,749,Herrenfahrrad
3601453,555,Herrenfahrrad
2300315,550,Damenfahrrad
8100103,400,Herrenfahrrad
4300623,350,Fahrrad
1100311,1000,Herrenfahrrad
8301037,615,Mountainbike
2200211,250,Damenfahrrad
1300834,731,Damenfahrrad
1200519,1451,Fahrrad
3601245,948,Herrenfahrrad
1100312,4159,Herrenfahrrad
2200208,2158,Herrenfahrrad
1200626,699,Herrenfahrrad
3500933,404,Damenfahrrad
1100309,950,Herrenfahrrad
11501341,1150,divers
3601348,750,Herrenfahrrad
4400727,300,Herrenfahrrad
3500936,819,Herrenfahrrad
11200514,250,Fahrrad
7300515,564,Damenfahrrad
4300624,400,Mountainbike
3400619,1026,Damenfahrrad
9401534,800,Herrenfahrrad
1300731,2350,Herrenfahrrad
3601243,1388,Damenfahrrad
1100206,1299,Herrenfahrrad
5100316,400,Damenfahrrad
7400824,2126,Damenfahrrad
3400830,1199,Mountainbike
6300633,250,Herrenfahrrad
4501042,300,Herrenfahrrad
9100203,400,Damenfahrrad
9100101,200,Damenfahrrad
10100102,529,Herrenfahrrad
11300618,0,Mountainbike
6300629,629,Herrenfahrrad
3601140,850,Damenfahrrad
2300316,473,Herrenfahrrad
3400827,840,Damenfahrrad
9301126,1321,Damenfahrrad
8100418,455,Fahrrad
2300417,250,Mountainbike
1100310,1079,Damenfahrrad
6400735,500,Damenfahrrad
3601244,619,Damenfahrrad
3601140,950,Herrenfahrrad
2300419,450,Damenfahrrad
6400735,1000,Herrenfahrrad
2500834,660,Fahrrad
4500938,450,Damenfahrrad
1100308,700,Herrenfahrrad
2500726,869,Herrenfahrrad
3300412,569,Damenfahrrad
2200208,1150,Damenfahrrad
3601449,333,Damenfahrrad
3400723,382,Herrenfahrrad
2200209,999,Herrenfahrrad
4300518,829,Mountainbike
4300416,400,Damenfahrrad
4300624,407,Fahrrad
3601140,599,Herrenfahrrad
1100415,990,Herrenfahrrad
2100101,300,Fahrrad
2200209,699,Herrenfahrrad
6300632,400,Damenfahrrad
8100102,800,Fahrrad
11400929,0,divers
5100316,400,Herrenfahrrad
2500834,20,Fahrrad
3300412,0,divers
2500833,50,Damenfahrrad
1100101,1800,Herrenfahrrad
5100103,1050,divers
12100102,999,Herrenfahrrad
4501043,1,Damenfahrrad
3701660,273,Fahrrad
7100205,421,Mountainbike
3200310,583,Damenfahrrad
2200211,559,Herrenfahrrad
12100205,250,Mountainbike
1300730,170,Damenfahrrad
5200629,330,Damenfahrrad
1200522,400,Herrenfahrrad
11200411,500,Herrenfahrrad
4501044,1700,Herrenfahrrad
9401431,5398,divers
2200211,584,Fahrrad
4501041,420,Damenfahrrad
3500936,434,Herrenfahrrad
4501147,499,Damenfahrrad
4501149,1143,Damenfahrrad
3100103,316,Kinderfahrrad
9200512,429,Herrenfahrrad
2100104,400,Fahrrad
6100208,262,Herrenfahrrad
8100521,508,Damenfahrrad
4501153,950,Damenfahrrad
3400620,500,Herrenfahrrad
6400735,3800,Damenfahrrad
4501044,500,Fahrrad
6400735,3800,Herrenfahrrad
9501736,749,Herrenfahrrad
1100309,634,Damenfahrrad
4501148,1000,Damenfahrrad
1200517,938,Damenfahrrad
11501339,380,Herrenfahrrad
4300623,769,divers
9100203,693,Herrenfahrrad
9200613,848,Damenfahrrad
7300516,2241,Herrenfahrrad
3400723,500,Damenfahrrad
3200310,651,Herrenfahrrad
7601238,436,Fahrrad
1100102,3500,divers
12100101,399,Damenfahrrad
4300416,399,Herrenfahrrad
11200513,1200,Damenfahrrad
1100102,1300,Herrenfahrrad
4501147,287,Herrenfahrrad
2500836,587,Fahrrad
6300634,930,Damenfahrrad
2100106,730,Fahrrad
7601237,110,Kinderfahrrad
1100309,985,Damenfahrrad
7100204,599,Damenfahrrad
11200512,1500,Herrenfahrrad
7100204,500,Kinderfahrrad
3601140,300,Herrenfahrrad
7400823,400,Herrenfahrrad
9401534,200,Fahrrad
8100419,600,Herrenfahrrad
4400833,100,Herrenfahrrad
4300619,5684,divers
7100101,4050,Herrenfahrrad
4300624,1000,Herrenfahrrad
1200623,1150,Herrenfahrrad
1200626,570,Fahrrad
2200212,590,Herrenfahrrad
1200626,299,Herrenfahrrad
2200211,299,Damenfahrrad
8100103,649,Damenfahrrad
2200208,5762,Herrenfahrrad
7601238,150,Damenfahrrad
4501147,2834,Herrenfahrrad
1200522,1090,Fahrrad
3701554,390,Damenfahrrad
12200309,1000,Damenfahrrad
1100416,1499,Herrenfahrrad
4300413,80,Damenfahrrad
1300733,1900,Herrenfahrrad
12100205,299,Damenfahrrad
11300723,1200,Herrenfahrrad
11300826,2500,Fahrrad
2400624,299,Damenfahrrad
11501238,420,Damenfahrrad
10100104,640,divers
4500937,50,divers
9100304,1,Damenfahrrad
3701658,50,Mountainbike
3701658,50,Damenfahrrad
11401034,1000,Fahrrad
7100103,100,Herrenfahrrad
3400826,200,Kinderfahrrad
2100101,100,Mountainbike
2200207,650,Damenfahrrad
10400835,999,Fahrrad
4300622,1,Fahrrad
5100211,754,Herrenfahrrad
8100101,1177,Fahrrad
7200414,2218,divers
10200524,350,Herrenfahrrad
1400940,2100,Rennrad
2400521,3990,Herrenfahrrad
11501341,1599,Herrenfahrrad
9200819,250,Damenfahrrad
2300314,1350,Herrenfahrrad
3601453,460,Damenfahrrad
3500935,420,Herrenfahrrad
3200310,255,Damenfahrrad
3400830,448,Damenfahrrad
5100314,299,Damenfahrrad
2300419,400,Herrenfahrrad
6400843,1000,Herrenfahrrad
5200423,800,divers
9200716,400,Kinderfahrrad
3501038,1878,Damenfahrrad
8200729,220,Kinderfahrrad
4300517,219,Herrenfahrrad
1100310,650,Damenfahrrad
3601347,660,divers
7400720,92,Damenfahrrad
3601142,2000,Herrenfahrrad
2500835,449,Herrenfahrrad
3400826,447,Herrenfahrrad
1200629,2700,Damenfahrrad
11501238,333,Damenfahrrad
6400839,500,Damenfahrrad
11300620,644,Damenfahrrad
9100304,599,Herrenfahrrad
1200522,398,Fahrrad
11300826,1000,Herrenfahrrad
2400520,490,Damenfahrrad
11300722,250,Damenfahrrad
9100304,1764,Herrenfahrrad
1100312,599,Herrenfahrrad
3701658,1150,Damenfahrrad
1100416,800,Herrenfahrrad
11501339,700,Herrenfahrrad
10400941,1350,divers
5100313,1330,divers
3300412,300,Herrenfahrrad
1200520,650,Mountainbike
3701658,85,Herrenfahrrad
4501040,1000,Fahrrad
4200309,1318,Mountainbike
11401137,579,Mountainbike
5200629,435,Herrenfahrrad
6100103,549,Damenfahrrad
7100205,643,Herrenfahrrad
1100104,600,Mountainbike
2200213,500,Herrenfahrrad
2200213,575,Damenfahrrad
6200315,98,Kinderfahrrad
4300414,180,Damenfahrrad
2300419,1000,Fahrrad
4200203,1,Fahrrad
9100101,150,Herrenfahrrad
10400836,362,Herrenfahrrad
3701556,799,Herrenfahrrad
4400835,449,Herrenfahrrad
11401034,250,Herrenfahrrad
11200513,569,Damenfahrrad
4501149,4400,Herrenfahrrad
5300840,1000,Herrenfahrrad
6200313,499,Herrenfahrrad
3601141,477,Fahrrad
6300630,900,Damenfahrrad
5200527,800,Damenfahrrad
7300619,2350,Herrenfahrrad
7100101,4398,Herrenfahrrad
1100104,149,Damenfahrrad
3601348,700,divers
2500727,1335,Damenfahrrad
1100416,500,Herrenfahrrad
2300417,80,Herrenfahrrad
7100102,784,Damenfahrrad
3701554,365,Kinderfahrrad
11501341,374,divers
8401243,549,Damenfahrrad
2200213,300,Damenfahrrad
9200613,600,Herrenfahrrad
11200512,576,Herrenfahrrad
10200627,449,Herrenfahrrad
3601140,576,Herrenfahrrad
2400623,1500,divers
5100210,845,Herrenfahrrad
3400725,160,Herrenfahrrad
4300517,300,Kinderfahrrad
4300517,600,Herrenfahrrad
1100311,2230,Herrenfahrrad
7300515,750,Damenfahrrad
6200314,3000,Fahrrad
4200309,790,Herrenfahrrad
3601245,566,Mountainbike
4501044,3082,Herrenfahrrad
8401244,399,Damenfahrrad
2500832,750,Herrenfahrrad
2200210,500,Damenfahrrad
9100101,649,Herrenfahrrad
4501043,525,Herrenfahrrad
7100204,300,Damenfahrrad
11401034,700,Herrenfahrrad
2300314,499,Damenfahrrad
11501341,1399,Herrenfahrrad
9200819,400,Damenfahrrad
2300418,1699,Herrenfahrrad
7300618,684,Damenfahrrad
11401137,333,Damenfahrrad
8401245,589,Herrenfahrrad
4501042,500,Herrenfahrrad
8100206,330,Herrenfahrrad
8100105,0,Damenfahrrad
3300514,800,Damenfahrrad
7300619,245,Kinderfahrrad
3601347,1,Herrenfahrrad
3601449,250,Kinderfahrrad
1100103,1200,Fahrrad
11200411,150,Mountainbike
5200631,150,Herrenfahrrad
9200510,600,Herrenfahrrad
4400729,437,Fahrrad
11401135,854,Mountainbike
3601142,15,Herrenfahrrad
6100102,1999,Fahrrad
10200420,500,Mountainbike
2400624,100,Rennrad
1100103,350,Damenfahrrad
2200209,560,Damenfahrrad
1100312,800,divers
1200521,372,Kinderfahrrad
4501152,826,Fahrrad
12200412,750,Fahrrad
1401049,100,Damenfahrrad
1401048,200,divers
2300419,500,Herrenfahrrad
5100208,1600,Mountainbike
7601546,699,Herrenfahrrad
11400929,469,Damenfahrrad
10100207,310,Damenfahrrad
3601142,430,Damenfahrrad
1200629,700,Herrenfahrrad
1200518,659,Rennrad
4400727,675,Herrenfahrrad
8100206,1500,Herrenfahrrad
2200211,1000,Damenfahrrad
3300412,120,Damenfahrrad
4300415,300,Herrenfahrrad
4400727,450,Damenfahrrad
2300316,650,Herrenfahrrad
10400939,700,Damenfahrrad
6200422,875,Herrenfahrrad
7200409,770,Damenfahrrad
9200511,670,Damenfahrrad
1100414,669,Damenfahrrad
1100207,1850,Mountainbike
6100103,1199,Fahrrad
1300733,360,Damenfahrrad
3500934,400,Damenfahrrad
2500834,820,Herrenfahrrad
2300419,1500,Herrenfahrrad
6100209,299,Herrenfahrrad
6200421,1,Herrenfahrrad
7100102,898,Herrenfahrrad
2300419,1059,Damenfahrrad
3400721,1051,Herrenfahrrad
7100103,667,Herrenfahrrad
3200207,678,Herrenfahrrad
3400830,599,Damenfahrrad
2500832,400,Damenfahrrad
7100204,250,Herrenfahrrad
9100407,300,Fahrrad
3100101,633,Damenfahrrad
2300418,250,Herrenfahrrad
11501238,380,Herrenfahrrad
2200210,450,Damenfahrrad
2500832,356,Damenfahrrad
4501149,100,Damenfahrrad
5300737,3440,Damenfahrrad
3100102,1100,Herrenfahrrad
3701554,1800,Herrenfahrrad
4200308,3700,Herrenfahrrad
4300412,1999,Herrenfahrrad
9200716,599,Damenfahrrad
9100202,1400,Fahrrad
8100310,380,Herrenfahrrad
2200207,1000,Herrenfahrrad
9200717,520,Herrenfahrrad
3400620,448,Herrenfahrrad
3501038,449,Damenfahrrad
9100306,250,Herrenfahrrad
4200309,160,Fahrrad
7501029,532,Herrenfahrrad
10200524,1726,Herrenfahrrad
1100313,400,Damenfahrrad
2200213,1000,Herrenfahrrad
4300623,599,Herrenfahrrad
8100208,850,Damenfahrrad
2500728,400,Fahrrad
9100101,974,Damenfahrrad
7200413,499,Damenfahrrad
3300412,450,Herrenfahrrad
4501045,2257,Damenfahrrad
4300623,750,Herrenfahrrad
3601140,480,Herrenfahrrad
11300724,2699,Fahrrad
11400927,1237,Mountainbike
2300419,313,Herrenfahrrad
9100101,350,Herrenfahrrad
7400927,545,Damenfahrrad
5200528,378,Kinderfahrrad
1100102,900,Herrenfahrrad
2200211,700,Herrenfahrrad
1100206,1000,Damenfahrrad
4300416,1399,Herrenfahrrad
7300517,220,Damenfahrrad
1100310,699,Herrenfahrrad
3601347,349,Kinderfahrrad
10200423,260,Herrenfahrrad
2500727,2891,Fahrrad
8100310,759,Damenfahrrad
1200522,1890,Herrenfahrrad
6300526,1400,Herrenfahrrad
4100101,2636,Herrenfahrrad
2200211,800,Herrenfahrrad
5100317,600,Fahrrad
7200409,429,Damenfahrrad
4300621,650,Fahrrad
6300527,477,Herrenfahrrad
11300826,294,Damenfahrrad
11401135,200,Damenfahrrad
3200310,599,Rennrad
4501042,499,Fahrrad
10300733,704,Damenfahrrad
4501045,1400,Damenfahrrad
3601451,400,Damenfahrrad
1100207,1440,Herrenfahrrad
9200715,415,Herrenfahrrad
4300621,818,Kinderfahrrad
2200212,860,Damenfahrrad
6200311,200,Mountainbike
5200423,439,Damenfahrrad
2500832,1200,Fahrrad
7300619,499,Damenfahrrad
9200511,100,Mountainbike
7200307,499,Mountainbike
10100206,1000,Fahrrad
1100416,50,Herrenfahrrad
3601346,1450,divers
9502043,1200,Herrenfahrrad
1100416,0,Fahrrad
8301037,300,Damenfahrrad
1100416,100,Herrenfahrrad
4500938,0,Herrenfahrrad
11501341,150,Herrenfahrrad
3400724,1904,Damenfahrrad
6300630,1716,Herrenfahrrad
2100106,1727,Fahrrad
4200308,354,Damenfahrrad
2500834,984,Herrenfahrrad
1100206,681,Herrenfahrrad
2300419,1,Herrenfahrrad
8100104,400,Herrenfahrrad
7200411,589,Damenfahrrad
4500937,975,Damenfahrrad
11501238,430,Fahrrad
4100102,498,Herrenfahrrad
7100206,0,Damenfahrrad
4501043,150,Damenfahrrad
1100104,430,Fahrrad
9301126,300,Herrenfahrrad
11400929,299,Herrenfahrrad
9100101,400,Fahrrad
2200210,400,Kinderfahrrad
4200310,199,Fahrrad
6400841,2300,Herrenfahrrad
2200212,3300,Herrenfahrrad
11400930,1000,Herrenfahrrad
1400939,633,Herrenfahrrad
6100102,900,Rennrad
3601244,1417,Herrenfahrrad
3601142,1429,Herrenfahrrad
7300517,1199,Herrenfahrrad
4501041,299,Fahrrad
8100415,1999,Herrenfahrrad
4300622,300,Rennrad
1200627,0,Herrenfahrrad
10100101,899,Herrenfahrrad
9200715,659,Mountainbike
8100314,600,Fahrrad
2300418,200,Damenfahrrad
3501038,209,Herrenfahrrad
8401243,280,Herrenfahrrad
11300722,3300,Damenfahrrad
4200309,250,Damenfahrrad
11300620,2000,Herrenfahrrad
1200629,192,Herrenfahrrad
10400835,2299,Damenfahrrad
4200309,100,Damenfahrrad
1400942,653,Herrenfahrrad
1100313,750,Herrenfahrrad
4400726,2680,Herrenfahrrad
11300826,2500,Fahrrad
2500832,305,Herrenfahrrad
2200209,357,Herrenfahrrad
1401044,200,Herrenfahrrad
3701554,1200,Herrenfahrrad
6100205,1163,Herrenfahrrad
2500831,300,Herrenfahrrad
3400828,2623,Rennrad
4300623,646,Herrenfahrrad
3200207,400,Herrenfahrrad
6400737,930,Herrenfahrrad
1200522,480,Herrenfahrrad
1300733,200,Fahrrad
9401534,100,Damenfahrrad
4501040,805,Fahrrad
2300419,350,Herrenfahrrad
1100102,2250,Herrenfahrrad
8301037,58,divers
9300921,1549,Damenfahrrad
3400830,2300,Rennrad
4200310,700,Damenfahrrad
3701658,790,Herrenfahrrad
10300734,850,Damenfahrrad
3601451,470,Herrenfahrrad
3601243,1464,Damenfahrrad
8100206,635,Damenfahrrad
6300633,550,Damenfahrrad
3400619,600,Fahrrad
9200613,2500,Herrenfahrrad
9501737,150,Kinderfahrrad
9200613,750,Herrenfahrrad
4500937,1173,Herrenfahrrad
2200211,430,Herrenfahrrad
4300412,630,Damenfahrrad
8100311,200,Damenfahrrad
9401329,350,Herrenfahrrad
4501147,754,Fahrrad
9502042,478,Herrenfahrrad
10400836,370,Mountainbike
5100208,450,Herrenfahrrad
2400623,340,Damenfahrrad
11300616,350,Mountainbike
9100409,550,Herrenfahrrad
8300934,450,Damenfahrrad
3400724,399,Kinderfahrrad
2200207,1615,Herrenfahrrad
9200613,536,Herrenfahrrad
1300835,385,Fahrrad
10400938,500,Damenfahrrad
1100416,630,Herrenfahrrad
1400942,930,Herrenfahrrad
1100416,790,Damenfahrrad
1300730,40,Damenfahrrad
1300834,1050,Herrenfahrrad
4300621,379,Damenfahrrad
12100206,356,Damenfahrrad
9100306,50,Damenfahrrad
1100309,700,Herrenfahrrad
8100103,700,Herrenfahrrad
6400842,540,Herrenfahrrad
6200312,750,Damenfahrrad
3601142,994,Herrenfahrrad
1100313,1200,Herrenfahrrad
1200629,214,Kinderfahrrad
2400623,1370,Damenfahrrad
7300619,749,Damenfahrrad
8401139,199,Mountainbike
7100101,150,Herrenfahrrad
10400939,664,Herrenfahrrad
8100312,1110,Herrenfahrrad
8200727,399,Herrenfahrrad
3500932,338,Herrenfahrrad
2500835,400,Herrenfahrrad
4501042,670,Herrenfahrrad
2500729,1099,Herrenfahrrad
1100206,300,Damenfahrrad
7601238,499,Damenfahrrad
1100206,547,Damenfahrrad
9401534,1149,Herrenfahrrad
3601245,311,Herrenfahrrad
1100309,400,Herrenfahrrad
1300835,4500,Fahrrad
8100310,750,Fahrrad
3500933,70,Kinderfahrrad
12500930,689,Fahrrad
8100417,799,Fahrrad
9100101,428,Herrenfahrrad
2200213,1200,Fahrrad
9501737,730,Damenfahrrad
1200522,799,Mountainbike
3400618,280,Herrenfahrrad
7100206,321,divers
3601141,500,Herrenfahrrad
4300621,1130,Herrenfahrrad
7100102,449,Herrenfahrrad
11300721,699,Herrenfahrrad
11300722,892,Herrenfahrrad
3701659,829,Herrenfahrrad
9501838,599,Herrenfahrrad
10300731,1100,Herrenfahrrad
2200210,879,Damenfahrrad
12200412,3300,Mountainbike
11400927,1224,Herrenfahrrad
10300733,599,Damenfahrrad
1300730,600,Mountainbike
1200522,630,Herrenfahrrad
1200522,630,Herrenfahrrad
2100105,290,Damenfahrrad
4100102,700,Herrenfahrrad
7300517,288,Herrenfahrrad
4300416,1330,Herrenfahrrad
11400927,1623,Damenfahrrad
4400832,256,Herrenfahrrad
1100207,333,Damenfahrrad
2200210,579,Damenfahrrad
11300722,900,Damenfahrrad
9501939,70,Mountainbike
2500835,800,Fahrrad
12100205,500,Herrenfahrrad
7300517,818,Damenfahrrad
4300619,175,Fahrrad
4501045,650,Mountainbike
7200307,199,Kinderfahrrad
4300518,45,Herrenfahrrad
7100101,500,Rennrad
3701554,1019,Fahrrad
11300826,490,Herrenfahrrad
9200715,500,Herrenfahrrad
3501037,300,Damenfahrrad
4200207,150,Herrenfahrrad
10300734,480,Damenfahrrad
3300516,549,Herrenfahrrad
8100310,300,Kinderfahrrad
1400939,1350,divers
4300624,1150,Herrenfahrrad
4200207,960,Herrenfahrrad
11100204,50,Mountainbike
6100102,2499,Herrenfahrrad
1100101,2653,Fahrrad
3400723,520,Damenfahrrad
7100206,550,Damenfahrrad
8100417,728,Damenfahrrad
2100106,730,Herrenfahrrad
4300620,1359,Herrenfahrrad
2300418,333,Damenfahrrad
7400823,1158,Herrenfahrrad
11300722,358,Kinderfahrrad
9401329,250,Kinderfahrrad
4500937,700,Herrenfahrrad
7601544,600,Herrenfahrrad
9100101,849,Herrenfahrrad
2200207,447,Herrenfahrrad
7100204,598,Herrenfahrrad
3400721,1000,Damenfahrrad
8100310,532,Herrenfahrrad
2500836,345,Fahrrad
9100407,649,Herrenfahrrad
11100205,400,Mountainbike
3400828,2400,divers
4501041,350,Damenfahrrad
11400931,380,Herrenfahrrad
9501940,250,Herrenfahrrad
11501341,376,Herrenfahrrad
8100418,400,Damenfahrrad
12100101,271,Damenfahrrad
8300934,1000,Herrenfahrrad
9100408,277,Damenfahrrad
2200212,800,Damenfahrrad
2400624,1300,Herrenfahrrad
7100101,440,Rennrad
1200519,1044,Herrenfahrrad
1200629,1000,Herrenfahrrad
2500836,425,Herrenfahrrad
11200410,5221,Fahrrad
2500832,1100,Herrenfahrrad
4400835,500,Herrenfahrrad
4300623,499,Herrenfahrrad
9401329,399,Mountainbike
11501339,2299,Damenfahrrad
7200414,1200,Herrenfahrrad
7400720,399,Damenfahrrad
11501340,499,Herrenfahrrad
2300419,200,Fahrrad
7100101,250,Fahrrad
8100102,199,Damenfahrrad
8100311,2670,Fahrrad
3601346,829,Damenfahrrad
4500938,569,Damenfahrrad
9200716,899,Kinderfahrrad
3701554,1535,Damenfahrrad
7100205,2000,Herrenfahrrad
1200520,400,Damenfahrrad
9200717,775,Mountainbike
1100206,2000,Herrenfahrrad
4500937,799,Damenfahrrad
6400839,2100,Damenfahrrad
1100101,1227,Damenfahrrad
4501148,476,Herrenfahrrad
2300418,200,Fahrrad
1300733,1,Herrenfahrrad
10100312,200,Mountainbike
9100408,800,Herrenfahrrad
3601451,200,divers
2300418,2000,Fahrrad
3601244,1957,Herrenfahrrad
2300418,150,Mountainbike
2500728,700,Mountainbike
10200421,320,Herrenfahrrad
1200626,800,divers
4400835,350,Damenfahrrad
2300315,400,Mountainbike
12400720,1000,Herrenfahrrad
4400727,627,Mountainbike
3701660,500,Fahrrad
9200715,1,divers
2300417,1,Damenfahrrad
2200207,300,divers
4500939,500,Fahrrad
2300417,1700,Herrenfahrrad
10400836,200,Damenfahrrad
2100106,3644,divers
4300413,4399,Fahrrad
12500930,0,Kinderfahrrad
5200423,860,Damenfahrrad
3300412,235,Damenfahrrad
7400720,270,Fahrrad
3601450,777,Herrenfahrrad
2400521,500,Damenfahrrad
3701658,2500,Mountainbike
9301024,400,Herrenfahrrad
4200206,681,Herrenfahrrad
4200206,634,Damenfahrrad
7300618,231,Damenfahrrad
1100308,820,Herrenfahrrad
7400824,500,Kinderfahrrad
9401635,1274,Damenfahrrad
2200209,200,Herrenfahrrad
3601243,350,Damenfahrrad
9501736,990,Herrenfahrrad
3500932,600,Damenfahrrad
9300922,317,Damenfahrrad
1100311,50,Kinderfahrrad
1100312,620,Herrenfahrrad
7300517,599,Damenfahrrad
8100103,300,Fahrrad
6200312,1599,Herrenfahrrad
3400826,700,Damenfahrrad
6300633,731,Damenfahrrad
2300419,270,Rennrad
11400927,1139,Mountainbike
2300419,300,Fahrrad
1300834,151,Herrenfahrrad
1100309,2000,Herrenfahrrad
1200519,524,Mountainbike
1100206,1300,Fahrrad
10400939,1700,Damenfahrrad
4300518,4000,divers
9501838,449,Herrenfahrrad
4300622,600,Damenfahrrad
6300526,499,Herrenfahrrad
2500835,668,Herrenfahrrad
3601243,2080,Fahrrad
7100101,586,Mountainbike
9100101,639,Damenfahrrad
2300418,450,Rennrad
4300623,723,Damenfahrrad
4300518,999,Herrenfahrrad
6200312,321,Fahrrad
1401046,350,Damenfahrrad
7200308,600,Damenfahrrad
1400938,812,Damenfahrrad
2200208,120,Herrenfahrrad
9401329,567,Herrenfahrrad
9100101,100,Herrenfahrrad
2200209,1200,Herrenfahrrad
4400727,2611,Damenfahrrad
8300934,575,Fahrrad
8100101,780,Herrenfahrrad
12100102,200,Herrenfahrrad
11300722,500,Herrenfahrrad
5200528,500,Damenfahrrad
8300934,728,Damenfahrrad
7100102,1,Mountainbike
11400927,1234,Herrenfahrrad
9401431,926,Herrenfahrrad
1100310,2300,Fahrrad
3601243,3075,Herrenfahrrad
12400618,601,Herrenfahrrad
1100313,2500,divers
5200631,0,Kinderfahrrad
11300826,398,Herrenfahrrad
9200819,1421,Fahrrad
2500728,514,Herrenfahrrad
7200307,499,Herrenfahrrad
1400940,200,Mountainbike
3501038,1150,Herrenfahrrad
11300725,399,Fahrrad
6400842,398,Herrenfahrrad
4501153,500,Fahrrad
7501031,2300,Damenfahrrad
2500835,300,Fahrrad
6200314,940,Herrenfahrrad
1300733,778,Damenfahrrad
8200831,600,Herrenfahrrad
11401135,70,Damenfahrrad
11100309,255,Herrenfahrrad
9501838,500,Damenfahrrad
1100206,900,Damenfahrrad
1100206,764,Damenfahrrad
1300730,249,Mountainbike
1100102,3230,Herrenfahrrad
4100101,340,Herrenfahrrad
4500939,888,Damenfahrrad
8100415,80,Herrenfahrrad
8100104,649,Damenfahrrad
1100308,350,Herrenfahrrad
4500937,400,Herrenfahrrad
2200211,350,Damenfahrrad
6400737,550,Damenfahrrad
4501148,399,Damenfahrrad
8100415,599,Damenfahrrad
10200418,1799,Herrenfahrrad
2500728,1292,Herrenfahrrad
3200309,150,Herrenfahrrad
3601139,250,Kinderfahrrad
2500836,218,Kinderfahrrad
4300623,999,Fahrrad
2300316,296,Herrenfahrrad
4300622,0,Fahrrad
2300316,812,Damenfahrrad
3500936,1020,Herrenfahrrad
6300526,413,Damenfahrrad
9100101,584,Damenfahrrad
2400625,800,Damenfahrrad
1100206,700,Damenfahrrad
6400838,800,Herrenfahrrad
6400838,700,Fahrrad
6100210,337,Damenfahrrad
1300731,350,Herrenfahrrad
3400830,600,Damenfahrrad
6300527,440,Herrenfahrrad
8100209,185,Fahrrad
2300314,899,Damenfahrrad
12400722,343,Damenfahrrad
3400721,1,Damenfahrrad
1200629,1500,Herrenfahrrad
2300315,548,Damenfahrrad
9200818,548,Herrenfahrrad
8300935,1470,Herrenfahrrad
2500833,350,Damenfahrrad
8100206,515,Fahrrad
4500936,2300,Herrenfahrrad
11300826,1222,Herrenfahrrad
7200409,350,Herrenfahrrad
8100313,6600,divers
11100308,400,Herrenfahrrad
8100101,649,Herrenfahrrad
12200515,200,Damenfahrrad
8100310,799,Damenfahrrad
11300722,540,Herrenfahrrad
1100416,698,Herrenfahrrad
9100101,570,Rennrad
9100304,399,Damenfahrrad
3400826,884,Damenfahrrad
4300416,300,Damenfahrrad
9200613,1130,Herrenfahrrad
3300514,677,Damenfahrrad
3400724,1072,Herrenfahrrad
1200625,700,Herrenfahrrad
4300622,849,Damenfahrrad
3400721,400,Herrenfahrrad
2200209,1,Damenfahrrad
7200414,200,Kinderfahrrad
4300623,300,Fahrrad
1100310,1297,Herrenfahrrad
2300419,689,Herrenfahrrad
4501153,950,Damenfahrrad
4300413,3820,Damenfahrrad
2200211,1500,divers
1100416,899,Herrenfahrrad
6100205,300,Mountainbike
7100102,500,Damenfahrrad
3500933,2884,Herrenfahrrad
3601244,449,Damenfahrrad
7601238,400,Herrenfahrrad
8100417,2600,Damenfahrrad
3300514,100,Damenfahrrad
9100101,549,Fahrrad
4501045,419,Damenfahrrad
3601451,363,Damenfahrrad
1200517,750,Fahrrad
2100104,2209,Damenfahrrad
6100102,400,Damenfahrrad
2500834,500,Rennrad
6400842,500,Herrenfahrrad
5400942,3698,Damenfahrrad
12200309,250,Damenfahrrad
11300826,699,Damenfahrrad
4200308,500,Damenfahrrad
8100206,250,Rennrad
9200717,250,Kinderfahrrad
1100309,1071,Herrenfahrrad
6400842,490,Damenfahrrad
12400721,1149,Herrenfahrrad
2200212,974,Damenfahrrad
8100101,500,Mountainbike
10300731,248,Kinderfahrrad
4300413,907,Herrenfahrrad
6200421,399,Damenfahrrad
6200421,470,Kinderfahrrad
7200414,0,Damenfahrrad
9200716,1700,Herrenfahrrad
2500830,999,Herrenfahrrad
2200213,398,Fahrrad
2400625,710,Herrenfahrrad
5200634,500,Damenfahrrad
6300527,444,Damenfahrrad
4300620,2500,Herrenfahrrad
9501838,300,Herrenfahrrad
11300620,1400,Damenfahrrad
11200514,400,Damenfahrrad
10100311,600,Damenfahrrad
1100308,899,Herrenfahrrad
7400823,680,Herrenfahrrad
10300734,700,Damenfahrrad
3601139,500,Damenfahrrad
6100207,322,Herrenfahrrad
3601244,300,Damenfahrrad
2200210,600,Herrenfahrrad
1100308,2300,Herrenfahrrad
11300725,900,Herrenfahrrad
11501340,764,Damenfahrrad
4200310,848,Damenfahrrad
3100101,302,Herrenfahrrad
7200411,651,Herrenfahrrad
1100416,2100,Herrenfahrrad
3601245,400,Damenfahrrad
11400930,80,Damenfahrrad
4300518,729,Mountainbike
3400725,3100,Damenfahrrad
3400725,1315,Herrenfahrrad
9100101,1382,Herrenfahrrad
2500835,200,Herrenfahrrad
1100308,1000,Herrenfahrrad
1300834,740,Damenfahrrad
9200715,1032,Herrenfahrrad
1100103,999,Fahrrad
2100103,1010,Fahrrad
7100102,799,Damenfahrrad
6300630,1101,Mountainbike
4300416,200,Herrenfahrrad
2200213,200,Fahrrad
3500935,649,Damenfahrrad
4300622,500,Herrenfahrrad
1100102,3031,Herrenfahrrad
1100102,2599,Herrenfahrrad
6100103,800,Herrenfahrrad
11400928,388,Kinderfahrrad
7200307,494,Fahrrad
3601141,550,Mountainbike
3701554,280,Herrenfahrrad
12601134,805,Herrenfahrrad
1300730,1287,Herrenfahrrad
3300514,280,Herrenfahrrad
7200307,850,Damenfahrrad
4501147,740,Herrenfahrrad
4500939,1388,Herrenfahrrad
8200727,899,Herrenfahrrad
3601346,270,Herrenfahrrad
1100206,950,Damenfahrrad
9200613,100,Fahrrad
2500728,350,Herrenfahrrad
11401032,2624,Herrenfahrrad
8200831,1214,Herrenfahrrad
3501038,600,Herrenfahrrad
2500834,599,Herrenfahrrad
9401433,600,Damenfahrrad
10400836,529,Mountainbike
6400735,1200,Rennrad
11100102,629,Herrenfahrrad
5100315,1000,Herrenfahrrad
4501041,1750,Herrenfahrrad
6300634,1000,Damenfahrrad
4300621,4800,Herrenfahrrad
4400835,1150,Damenfahrrad
9100101,1229,Herrenfahrrad
1100415,1305,Herrenfahrrad
10400939,460,Herrenfahrrad
3400830,499,Herrenfahrrad
12400722,435,Herrenfahrrad
9200819,1999,Fahrrad
7100101,400,Mountainbike
3701660,540,Damenfahrrad
2500726,898,Herrenfahrrad
9200818,184,Herrenfahrrad
1100206,680,Herrenfahrrad
8100310,1080,Herrenfahrrad
7400720,799,Herrenfahrrad
10300733,807,Damenfahrrad
1100104,499,Herrenfahrrad
11300722,230,Herrenfahrrad
11200512,937,Herrenfahrrad
4300517,299,Damenfahrrad
10300734,401,Fahrrad
4300623,535,Damenfahrrad
7400927,290,Herrenfahrrad
6400844,755,Herrenfahrrad
4200308,570,Fahrrad
3100103,299,Herrenfahrrad
1401043,976,Herrenfahrrad
11200513,730,Damenfahrrad
1200623,2500,Herrenfahrrad
11400931,950,Fahrrad
1100310,899,Herrenfahrrad
3400723,664,Herrenfahrrad
2200211,479,Herrenfahrrad
8100416,2623,Herrenfahrrad
1100415,1899,Herrenfahrrad
4100101,4436,Fahrrad
1200519,399,Fahrrad
12400618,649,Damenfahrrad
8300934,419,Damenfahrrad
2400625,700,Rennrad
4300416,809,Damenfahrrad
11501341,160,Fahrrad
10300731,634,Damenfahrrad
7200413,900,Herrenfahrrad
1100103,250,Herrenfahrrad
6100103,830,Herrenfahrrad
8100102,443,Damenfahrrad
5100315,490,Kinderfahrrad
3200205,1000,Fahrrad
3601140,719,Herrenfahrrad
4300621,672,Mountainbike
9100407,744,Damenfahrrad
2200209,5000,Fahrrad
2300314,345,Kinderfahrrad
7400721,1021,Fahrrad
6300527,318,Herrenfahrrad
2500728,799,Fahrrad
3500933,999,Damenfahrrad
1300730,618,Herrenfahrrad
2400521,322,Fahrrad
2400521,399,Herrenfahrrad
3300411,630,Damenfahrrad
11100308,3836,Mountainbike
1100206,1133,Damenfahrrad
3601141,130,Damenfahrrad
9200511,3097,divers
7200409,2500,Damenfahrrad
9300923,670,Damenfahrrad
9501737,520,Fahrrad
6400839,478,Herrenfahrrad
11300618,1200,Fahrrad
9501941,509,Mountainbike
12200413,210,Herrenfahrrad
6400735,490,divers
2200208,934,Herrenfahrrad
8100101,250,Damenfahrrad
6400841,1000,Herrenfahrrad
2200211,720,Herrenfahrrad
4100101,500,Kinderfahrrad
2200208,1100,Fahrrad
9100101,1499,Herrenfahrrad
1100309,500,Kinderfahrrad
4300414,605,Damenfahrrad
4300517,558,Herrenfahrrad
7601237,800,Damenfahrrad
7100101,399,Herrenfahrrad
9401431,640,Mountainbike
2500831,300,Fahrrad
2400624,6127,Herrenfahrrad
3701659,600,Damenfahrrad
9501736,200,Damenfahrrad
7300515,970,Herrenfahrrad
2200210,412,Herrenfahrrad
1200520,3398,Damenfahrrad
4300622,3000,Herrenfahrrad
12100102,1030,Herrenfahrrad
2300314,890,Herrenfahrrad
1100102,669,Herrenfahrrad
11200512,345,Herrenfahrrad
4501042,260,Damenfahrrad
12100204,200,Fahrrad
1100309,572,Herrenfahrrad
8401244,900,Herrenfahrrad
11401032,2150,Herrenfahrrad
1200629,549,Mountainbike
2500834,599,Damenfahrrad
8100416,313,Herrenfahrrad
8401244,270,Damenfahrrad
11401137,499,Damenfahrrad
8100417,1283,Herrenfahrrad
1401043,440,Herrenfahrrad
8100415,900,Fahrrad
12601235,320,Herrenfahrrad
1100309,999,Herrenfahrrad
7100206,500,Herrenfahrrad
9501838,4000,Herrenfahrrad
5300737,550,Damenfahrrad
9100304,200,Rennrad
4300413,300,Herrenfahrrad
2200213,600,Mountainbike
2200211,400,Herrenfahrrad
1300834,371,Damenfahrrad
8100417,100,Mountainbike
4300624,1530,Fahrrad
6200314,100,Kinderfahrrad
7100101,300,Fahrrad
1100103,300,Damenfahrrad
2100106,1349,Herrenfahrrad
3601243,1099,Damenfahrrad
3501038,956,Damenfahrrad
1400938,440,Kinderfahrrad
9401534,1940,Damenfahrrad
2300418,660,Damenfahrrad
7200308,408,Kinderfahrrad
3601450,3000,Herrenfahrrad
6300634,320,Herrenfahrrad
7200307,628,Damenfahrrad
5200423,599,Herrenfahrrad
11400928,498,Herrenfahrrad
3300514,1164,Herrenfahrrad
3200206,714,Damenfahrrad
7400823,707,Herrenfahrrad
4501153,1649,Herrenfahrrad
9200715,600,Damenfahrrad
9401534,0,Damenfahrrad
12200309,300,Herrenfahrrad
3601450,534,Damenfahrrad
11200411,1992,Fahrrad
3601243,550,Herrenfahrrad
6100102,1300,Herrenfahrrad
10400941,300,Damenfahrrad
2500834,400,Rennrad
10300733,599,Kinderfahrrad
11100206,699,Fahrrad
12100102,1000,Herrenfahrrad
7100206,1058,Damenfahrrad
1100415,799,Herrenfahrrad
3701554,830,Herrenfahrrad
11300620,696,Damenfahrrad
2300419,1100,Fahrrad
2500832,1050,Herrenfahrrad
8100314,650,Damenfahrrad
3601139,699,Herrenfahrrad
10300732,799,Fahrrad
12500825,1050,Fahrrad
1100310,1000,Damenfahrrad
8100207,700,Herrenfahrrad
4300619,100,Damenfahrrad
11200515,630,Mountainbike
6100103,526,Kinderfahrrad
2400520,25,Damenfahrrad
2500832,814,Herrenfahrrad
1300733,3000,Damenfahrrad
12200308,600,Damenfahrrad
12200515,417,Fahrrad
5100316,110,Damenfahrrad
1200521,600,Herrenfahrrad
6100102,852,Fahrrad
4501040,599,Herrenfahrrad
10400938,400,Herrenfahrrad
4300623,1200,divers
1300730,360,Damenfahrrad
7601544,150,Kinderfahrrad
1400937,286,Fahrrad
10100101,205,Fahrrad
6400839,589,Damenfahrrad
1300730,334,Damenfahrrad
6100102,1499,Damenfahrrad
3601449,212,Fahrrad
8401244,600,Kinderfahrrad
6400842,2800,Herrenfahrrad
9301126,549,Damenfahrrad
3601243,1500,Herrenfahrrad
1100206,212,Damenfahrrad
1200628,1200,Herrenfahrrad
9200715,1050,Damenfahrrad
3701554,429,Herrenfahrrad
3601245,1050,Damenfahrrad
9301126,894,Herrenfahrrad
4400830,599,Damenfahrrad
7501030,400,Damenfahrrad
7100101,5711,Herrenfahrrad
4501148,373,Kinderfahrrad
12200310,320,Herrenfahrrad
3400725,624,Herrenfahrrad
9100407,376,Herrenfahrrad
11300620,200,Mountainbike
6100102,649,Damenfahrrad
3601139,599,Damenfahrrad
6200312,2841,divers
3400721,1500,Herrenfahrrad
8401243,399,Damenfahrrad
1100416,900,Herrenfahrrad
9200715,500,Damenfahrrad
3500936,1271,Herrenfahrrad
4400834,300,Damenfahrrad
6400842,778,Herrenfahrrad
11300826,913,Fahrrad
9200510,499,Damenfahrrad
3601348,750,Herrenfahrrad
1200623,1500,Herrenfahrrad
2500726,1599,Fahrrad
1100308,498,Herrenfahrrad
11401032,800,Herrenfahrrad
12601134,560,Herrenfahrrad
12400723,500,Damenfahrrad
1100308,629,Herrenfahrrad
7200307,398,Damenfahrrad
4500938,279,Fahrrad
4501149,487,Fahrrad
8100311,1799,Fahrrad
9501940,678,Herrenfahrrad
2400623,190,Herrenfahrrad
3400723,1,Damenfahrrad
8100103,500,Mountainbike
1100309,1103,Herrenfahrrad
11300725,1000,Fahrrad
11400927,1,Fahrrad
4300414,0,Herrenfahrrad
4300623,300,Damenfahrrad
1400940,1,Herrenfahrrad
8100209,2,Herrenfahrrad
9501737,539,Damenfahrrad
9200613,581,Herrenfahrrad
9501941,629,Mountainbike
4300416,399,Damenfahrrad
4501148,2384,Damenfahrrad
1100309,1227,Herrenfahrrad
3100103,700,Herrenfahrrad
12100205,315,Mountainbike
3400723,1100,Damenfahrrad
7400720,600,Damenfahrrad
12100101,100,divers
6400735,997,Fahrrad
2300314,328,Damenfahrrad
3601346,1,Damenfahrrad
8100314,100,Herrenfahrrad
2500729,1,Fahrrad
1200625,500,Mountainbike
9200613,150,Fahrrad
11300723,200,Herrenfahrrad
8100103,200,Fahrrad
3300514,150,Damenfahrrad
7400822,550,Damenfahrrad
2500830,610,Damenfahrrad
11501341,420,divers
11401137,289,Fahrrad
11100102,490,Fahrrad
8100312,300,Herrenfahrrad
11501238,268,Damenfahrrad
9200715,5299,Fahrrad
1300733,650,Damenfahrrad
4500938,724,Herrenfahrrad
2300419,2000,Fahrrad
3601451,305,Kinderfahrrad
3601140,731,Damenfahrrad
11100307,333,Herrenfahrrad
2300419,360,Fahrrad
1100103,1250,Herrenfahrrad
8100418,200,Herrenfahrrad
4300413,3200,Herrenfahrrad
4501042,700,Damenfahrrad
11200411,407,Damenfahrrad
9501939,523,Damenfahrrad
9401329,370,Herrenfahrrad
1401046,700,Herrenfahrrad
2500727,539,Herrenfahrrad
7100102,330,Herrenfahrrad
12400722,299,Damenfahrrad
4200207,0,Rennrad
7100101,1000,Herrenfahrrad
4400834,1119,Herrenfahrrad
9100101,495,Fahrrad
1100312,299,Herrenfahrrad
10200420,2500,Fahrrad
11400930,65,Kinderfahrrad
6400842,280,Kinderfahrrad
4300416,568,Damenfahrrad
7100205,275,Rennrad
6400839,480,Damenfahrrad
2300314,130,Fahrrad
4500938,724,Fahrrad
4300620,1100,Herrenfahrrad
2200207,802,Fahrrad
5400942,775,Damenfahrrad
9100101,722,Damenfahrrad
7100205,500,Herrenfahrrad
9200819,413,Mountainbike
12601134,400,Damenfahrrad
4300517,400,Herrenfahrrad
4200311,850,Fahrrad
4500938,900,Herrenfahrrad
11200411,600,Damenfahrrad
12100205,2654,Damenfahrrad
9200819,999,Damenfahrrad
9100101,1000,Fahrrad
2400522,399,Damenfahrrad
9200819,962,Herrenfahrrad
7400928,551,Herrenfahrrad
5100209,300,Herrenfahrrad
2300419,552,Fahrrad
7601238,455,Kinderfahrrad
8100310,1022,Damenfahrrad
11400929,1200,Mountainbike
4501045,959,Herrenfahrrad
3601245,450,Kinderfahrrad
10100103,1199,Damenfahrrad
3601449,300,Damenfahrrad
11300722,1400,Herrenfahrrad
6100101,999,Herrenfahrrad
2300419,5635,Fahrrad
11401137,450,Herrenfahrrad
10100102,500,Damenfahrrad
2500727,900,Herrenfahrrad
4300416,1450,Herrenfahrrad
11401135,398,Herrenfahrrad
4501045,420,Herrenfahrrad
9100101,214,Fahrrad
1300732,550,Herrenfahrrad
2400624,650,Damenfahrrad
1100308,1123,Damenfahrrad
8100310,460,Herrenfahrrad
3500936,1050,Herrenfahrrad
3500936,1300,Herrenfahrrad
6400736,526,Kinderfahrrad
9200717,1064,Damenfahrrad
9200819,699,Damenfahrrad
4300412,500,Herrenfahrrad
3500933,379,Kinderfahrrad
2200211,598,Damenfahrrad
10100312,298,Damenfahrrad
2500728,500,Herrenfahrrad
2200207,830,Herrenfahrrad
4501147,699,Herrenfahrrad
4300623,400,Damenfahrrad
2300315,100,Fahrrad
6100103,668,Damenfahrrad
9401433,500,Herrenfahrrad
9200717,250,Damenfahrrad
8100417,190,Damenfahrrad
2200212,449,Damenfahrrad
8100417,1000,Herrenfahrrad
4300622,350,Damenfahrrad
2300316,449,Herrenfahrrad
11100101,399,Kinderfahrrad
1300835,300,Herrenfahrrad
6200421,479,Damenfahrrad
1200629,950,Herrenfahrrad
2100104,220,Fahrrad
1100313,430,Damenfahrrad
9501838,335,Mountainbike
4300622,540,Herrenfahrrad
11100206,179,Damenfahrrad
8100105,229,Damenfahrrad
7300515,850,Herrenfahrrad
2200212,244,Herrenfahrrad
11300619,200,Kinderfahrrad
2300315,625,Damenfahrrad
7100205,200,Herrenfahrrad
3601453,800,Herrenfahrrad
2300314,656,Herrenfahrrad
1100311,357,Herrenfahrrad
6400737,650,Mountainbike
7100102,639,Herrenfahrrad
3701660,2850,Damenfahrrad
9300922,699,Herrenfahrrad
6300632,570,Fahrrad
1300733,1100,Fahrrad
1100308,750,Fahrrad
11401137,460,Damenfahrrad
3601142,1111,Herrenfahrrad
1100312,1599,Herrenfahrrad
2500836,500,Kinderfahrrad
12400722,600,Mountainbike
12400722,599,Herrenfahrrad
2400521,999,Damenfahrrad
9502042,1928,Mountainbike
1200522,717,Herrenfahrrad
2400623,1200,Mountainbike
1300732,5900,Fahrrad
12500927,540,Herrenfahrrad
4300623,533,Herrenfahrrad
4200310,261,Damenfahrrad
1100309,1000,Rennrad
6100102,839,Herrenfahrrad
9501736,439,Mountainbike
5100313,499,Mountainbike
7100102,300,Herrenfahrrad
1100104,3000,Fahrrad
8100314,1,Herrenfahrrad
7100206,500,Damenfahrrad
11401032,300,Damenfahrrad
3400829,120,Damenfahrrad
8100314,1300,Fahrrad
4300619,10,Fahrrad
4300619,401,Fahrrad
4300624,2100,Herrenfahrrad
9301024,1000,Mountainbike
2400520,573,Herrenfahrrad
4100101,650,Damenfahrrad
3701556,3411,Herrenfahrrad
6100206,430,Herrenfahrrad
7200409,1200,Mountainbike
4501152,120,Damenfahrrad
2400520,300,Fahrrad
9200613,800,Herrenfahrrad
8200726,398,Fahrrad
7501031,373,Herrenfahrrad
5200423,899,Herrenfahrrad
1100310,399,Fahrrad
8100206,399,Damenfahrrad
4501146,470,Herrenfahrrad
4300414,345,Damenfahrrad
8100208,1050,Herrenfahrrad
9100101,500,Herrenfahrrad
2400624,400,Rennrad
10200422,292,Fahrrad
7300517,299,Herrenfahrrad
1100206,700,Damenfahrrad
8100206,406,Damenfahrrad
2500834,506,Herrenfahrrad
1300733,700,Damenfahrrad
9300920,290,Fahrrad
11400927,250,Fahrrad
2200207,800,Herrenfahrrad
2500726,600,Fahrrad
3701555,150,Herrenfahrrad
9100304,460,Herrenfahrrad
1200628,400,Herrenfahrrad
7200307,804,Damenfahrrad
8100418,522,Herrenfahrrad
3400723,650,Herrenfahrrad
9200613,432,Herrenfahrrad
7400721,4456,Mountainbike
4300621,333,Damenfahrrad
4501153,450,Damenfahrrad
1100310,439,Mountainbike
4501153,789,Damenfahrrad
3701556,100,Herrenfahrrad
4501153,700,Damenfahrrad
9200511,514,Damenfahrrad
3701555,345,Herrenfahrrad
6100103,500,Fahrrad
3300516,530,Herrenfahrrad
6200422,918,Herrenfahrrad
5100312,2080,Herrenfahrrad
7100204,1999,Herrenfahrrad
7100204,1600,Damenfahrrad
9301126,300,Damenfahrrad
1200519,500,Damenfahrrad
3601142,629,Fahrrad
6400844,820,Herrenfahrrad
1100416,1392,Herrenfahrrad
9100408,564,Herrenfahrrad
2400624,390,Damenfahrrad
3601245,299,Herrenfahrrad
7100101,1224,Damenfahrrad
8301037,3200,Fahrrad
2500836,550,Mountainbike
1400937,550,Herrenfahrrad
12400721,850,divers
6300634,999,Herrenfahrrad
8301037,2498,Fahrrad
7300517,899,Damenfahrrad
11400929,1500,Herrenfahrrad
11100205,500,Herrenfahrrad
1400942,500,Damenfahrrad
4400830,1444,Herrenfahrrad
4300621,1370,Herrenfahrrad
3400830,200,Damenfahrrad
9100101,550,Herrenfahrrad
10400939,300,Damenfahrrad
11400929,1014,Damenfahrrad
6100102,799,Damenfahrrad
3200309,1200,Herrenfahrrad
12601134,500,Damenfahrrad
8100312,736,Damenfahrrad
2300316,1700,Rennrad
9300923,900,divers
11200514,6000,divers
3500936,200,Damenfahrrad
5100208,222,Herrenfahrrad
2500835,2074,Mountainbike
1100414,629,Herrenfahrrad
1200522,800,Damenfahrrad
1401048,1519,Herrenfahrrad
11300722,378,Herrenfahrrad
8100310,2500,Herrenfahrrad
2200211,345,Kinderfahrrad
7300619,360,Damenfahrrad
4300622,1101,Herrenfahrrad
3601451,750,Herrenfahrrad
12400618,219,Fahrrad
9200613,1081,divers
2500834,699,Herrenfahrrad
10100104,338,Fahrrad
1100206,150,Herrenfahrrad
8200624,0,Herrenfahrrad
11401032,0,Fahrrad
7601544,500,Damenfahrrad
10100210,300,Damenfahrrad
2100101,294,Damenfahrrad
7400824,0,Fahrrad
3601450,720,Fahrrad
1200627,200,Herrenfahrrad
5300839,799,Herrenfahrrad
3601346,200,Kinderfahrrad
9200613,500,Herrenfahrrad
3300514,725,Herrenfahrrad
3601347,400,Herrenfahrrad
7200307,576,Damenfahrrad
8401245,449,Herrenfahrrad
4501152,728,Herrenfahrrad
3400826,450,Kinderfahrrad
2400625,2894,Herrenfahrrad
9100101,430,Damenfahrrad
2200210,1299,Fahrrad
9100304,2555,Lastenfahrrad
11300616,0,Kinderfahrrad
3701660,1000,Damenfahrrad
3400830,500,Mountainbike
2400625,570,Damenfahrrad
9200715,5090,Herrenfahrrad
12100103,250,Kinderfahrrad
4300619,660,Damenfahrrad
9501736,690,Herrenfahrrad
12400723,506,Fahrrad
3601142,699,Herrenfahrrad
1100313,700,Herrenfahrrad
1400937,349,Kinderfahrrad
2200209,370,Kinderfahrrad
3300514,555,Damenfahrrad
3400830,300,Herrenfahrrad
4300416,950,Herrenfahrrad
2100102,500,Herrenfahrrad
3601244,499,Damenfahrrad
1400937,422,Herrenfahrrad
3400723,498,Fahrrad
7100204,1800,Damenfahrrad
1300836,540,Herrenfahrrad
2300316,4200,Fahrrad
7100101,900,Fahrrad
6400841,547,Herrenfahrrad
6400838,799,Herrenfahrrad
8100206,598,Damenfahrrad
3601347,2000,Herrenfahrrad
1100414,600,Damenfahrrad
7400823,575,Herrenfahrrad
6400842,830,Damenfahrrad
1400939,590,Damenfahrrad
8100310,445,Fahrrad
6100103,600,Herrenfahrrad
2200210,439,Damenfahrrad
8100310,280,Damenfahrrad
1100206,100,Herrenfahrrad
6100103,820,Damenfahrrad
9100304,395,Damenfahrrad
3601142,800,Herrenfahrrad
2500835,272,Herrenfahrrad
7100102,688,Herrenfahrrad
1100102,800,Damenfahrrad
7400822,2900,Fahrrad
6200314,300,Herrenfahrrad
10200422,279,Fahrrad
4300620,50,Kinderfahrrad
10200524,1000,divers
4400727,525,Mountainbike
2100105,448,Herrenfahrrad
7200410,130,Kinderfahrrad
4501148,500,Damenfahrrad
1100312,200,Damenfahrrad
11501238,780,Herrenfahrrad
3500934,400,Damenfahrrad
9200613,352,Damenfahrrad
4500938,750,Herrenfahrrad
7100101,300,Herrenfahrrad
4300414,300,Fahrrad
4100102,410,Damenfahrrad
3601347,839,Herrenfahrrad
7100103,500,Herrenfahrrad
4300622,2560,Damenfahrrad
2300419,700,Herrenfahrrad
10200524,2699,Herrenfahrrad
4300621,792,Herrenfahrrad
1200517,1007,Rennrad
3500934,394,Herrenfahrrad
11100203,4628,Damenfahrrad
1200626,878,Herrenfahrrad
4400834,330,Fahrrad
3601139,100,Damenfahrrad
12200515,922,Herrenfahrrad
2200210,350,Kinderfahrrad
7200413,488,Fahrrad
6100207,375,Mountainbike
4300619,1997,Herrenfahrrad
9100101,899,Herrenfahrrad
2100104,245,Damenfahrrad
2500834,935,Damenfahrrad
3300514,400,Damenfahrrad
4200310,2000,Herrenfahrrad
4400830,575,Damenfahrrad
3601142,500,Herrenfahrrad
11300619,25,Damenfahrrad
4200309,848,Damenfahrrad
7100103,0,Mountainbike
4501044,500,Herrenfahrrad
2100101,989,Herrenfahrrad
7400927,3299,Damenfahrrad
2300314,320,Kinderfahrrad
2500726,756,Herrenfahrrad
11200514,100,Fahrrad
1200522,534,Herrenfahrrad
5100316,899,Herrenfahrrad
9501737,497,Kinderfahrrad
3701554,2600,Damenfahrrad
5200634,0,Fahrrad
5200422,40,Damenfahrrad
10400939,100,Damenfahrrad
1200520,200,divers
8200729,599,Mountainbike
3601451,0,Damenfahrrad
9501940,500,Mountainbike
1200623,490,Damenfahrrad
11300826,2765,Damenfahrrad
7100102,890,Herrenfahrrad
1400938,1,Kinderfahrrad
1100415,1900,Rennrad
3601244,4035,Fahrrad
3500934,4000,Herrenfahrrad
9301024,899,Herrenfahrrad
7501030,1,Herrenfahrrad
1200518,0,Herrenfahrrad
5200423,40,Damenfahrrad
3300411,500,divers
8100415,1,Herrenfahrrad
8301036,800,Fahrrad
6200423,2800,Fahrrad
11300826,1,Mountainbike
7100206,1000,Herrenfahrrad
2400624,600,Mountainbike
3200310,300,Damenfahrrad
12400721,150,Mountainbike
7100102,400,Fahrrad
4300624,700,Fahrrad
2500831,475,Damenfahrrad
2100106,1250,Damenfahrrad
1100206,1120,Herrenfahrrad
4501042,379,Damenfahrrad
5200629,490,Herrenfahrrad
3601348,238,Herrenfahrrad
3300411,150,Damenfahrrad
12100204,291,Herrenfahrrad
1100312,761,Fahrrad
2400623,1319,Herrenfahrrad
9401534,1259,Herrenfahrrad
4501040,1600,Herrenfahrrad
4501043,309,Kinderfahrrad
9501939,2900,Herrenfahrrad
11401135,1058,Herrenfahrrad
2100104,550,Herrenfahrrad
2500728,1600,Herrenfahrrad
4300623,3800,Herrenfahrrad
10100103,841,Herrenfahrrad
7501029,379,Herrenfahrrad
7100204,100,Herrenfahrrad
2100102,1000,Fahrrad
4300622,310,Herrenfahrrad
11401034,500,Herrenfahrrad
7100102,250,Damenfahrrad
1100103,200,Herrenfahrrad
3701556,5646,Herrenfahrrad
3601449,448,Fahrrad
1300733,650,Damenfahrrad
11300724,990,Herrenfahrrad
4501153,600,Damenfahrrad
1100310,2500,Herrenfahrrad
8200730,530,Damenfahrrad
3400721,374,Herrenfahrrad
7100206,750,Fahrrad
8100313,699,Damenfahrrad
2200209,300,Mountainbike
2300419,899,Herrenfahrrad
8100208,1350,Herrenfahrrad
4501147,1000,divers
9301126,691,Herrenfahrrad
8100310,2335,Herrenfahrrad
4100102,499,Herrenfahrrad
2400623,1415,Herrenfahrrad
7100206,1300,Damenfahrrad
7200307,605,Herrenfahrrad
12601134,150,Herrenfahrrad
3501038,580,Damenfahrrad
6100101,1850,Rennrad
6300527,524,Herrenfahrrad
6400844,260,Damenfahrrad
12601235,160,Fahrrad
2400522,150,Kinderfahrrad
2200209,1700,Herrenfahrrad
1100207,859,Herrenfahrrad
9100203,498,Herrenfahrrad
1300733,440,Herrenfahrrad
9200716,550,Herrenfahrrad
1100416,1200,divers
1200517,4103,Herrenfahrrad
1300835,1300,Herrenfahrrad
4300414,450,Kinderfahrrad
1401043,890,Herrenfahrrad
11400928,484,Damenfahrrad
2300419,478,Herrenfahrrad
7100204,499,Damenfahrrad
5100315,599,Herrenfahrrad
1400942,549,Herrenfahrrad
6400843,649,Damenfahrrad
4501153,150,Kinderfahrrad
11400927,1000,Fahrrad
3701660,363,Herrenfahrrad
3500933,180,Damenfahrrad
7200308,400,Herrenfahrrad
7200307,1200,Herrenfahrrad
10400938,750,Damenfahrrad
6400842,900,Damenfahrrad
5200526,451,Herrenfahrrad
7100102,400,Herrenfahrrad
2500836,360,Kinderfahrrad
4200308,300,Damenfahrrad
1100313,1500,Herrenfahrrad
6200421,1200,Damenfahrrad
5100209,420,Mountainbike
4501149,449,Damenfahrrad
3601243,219,Herrenfahrrad
7200413,150,Herrenfahrrad
4300416,500,Herrenfahrrad
10200423,50,Herrenfahrrad
9502043,400,Herrenfahrrad
7100103,1400,Mountainbike
3701554,634,Fahrrad
1300835,195,Herrenfahrrad
11100203,1200,Herrenfahrrad
6200421,1000,Herrenfahrrad
9200819,600,Mountainbike
5100210,2233,Damenfahrrad
4501045,949,Herrenfahrrad
2100106,528,Mountainbike
7300516,700,Damenfahrrad
3701555,309,Herrenfahrrad
1200518,899,Herrenfahrrad
1100313,1050,Herrenfahrrad
8100103,0,Fahrrad
3601449,0,Herrenfahrrad
10100313,200,Damenfahrrad
4300416,398,Herrenfahrrad
9100101,0,Rennrad
3601142,498,Herrenfahrrad
3601453,1550,Mountainbike
2100105,0,Fahrrad
6100103,3000,Fahrrad
1200624,602,Herrenfahrrad
12601032,150,Kinderfahrrad
3400826,1870,Herrenfahrrad
3701659,360,Kinderfahrrad
1401044,0,Herrenfahrrad
4501152,450,Herrenfahrrad
7100101,530,Mountainbike
7200308,420,Damenfahrrad
6200317,700,Herrenfahrrad
4501153,230,Kinderfahrrad
7400720,288,Fahrrad
3400725,424,Herrenfahrrad
8100312,150,Kinderfahrrad
1400940,498,Herrenfahrrad
7300618,417,Damenfahrrad
12200414,400,Fahrrad
3701660,1000,Herrenfahrrad
2200211,810,Herrenfahrrad
11400927,849,Damenfahrrad
11100204,780,Herrenfahrrad
2200210,400,Kinderfahrrad
2200212,750,Fahrrad
3300514,1344,Herrenfahrrad
3601245,500,Herrenfahrrad
5200629,2905,Herrenfahrrad
8100105,229,Herrenfahrrad
2200213,543,Damenfahrrad
3501038,269,Damenfahrrad
7400720,939,Damenfahrrad
1100311,1500,Herrenfahrrad
8100206,595,Herrenfahrrad
9502043,100,Damenfahrrad
10300734,500,Herrenfahrrad
7400927,1100,Herrenfahrrad
8100105,170,Damenfahrrad
1100205,200,Fahrrad
9200511,800,Herrenfahrrad
2200212,2000,Herrenfahrrad
3601142,399,Damenfahrrad
11400929,2653,Herrenfahrrad
10300733,499,Herrenfahrrad
2500728,425,Kinderfahrrad
3200205,1288,Herrenfahrrad
6300526,600,Herrenfahrrad
9301126,300,Herrenfahrrad
9100101,685,divers
3601243,800,Herrenfahrrad
7400927,300,Damenfahrrad
3200310,485,Fahrrad
3400722,754,Damenfahrrad
7200410,150,Herrenfahrrad
4501042,2800,Herrenfahrrad
3200207,292,Herrenfahrrad
3601346,1017,Damenfahrrad
3601243,500,Herrenfahrrad
9502043,1099,Damenfahrrad
2500831,969,Herrenfahrrad
1100313,509,Kinderfahrrad
1100313,2000,Herrenfahrrad
10400939,290,Herrenfahrrad
6300629,600,Damenfahrrad
2400623,764,Damenfahrrad
4501043,500,Damenfahrrad
3300412,488,Herrenfahrrad
9301126,577,Herrenfahrrad
11200411,430,Herrenfahrrad
9300921,500,Damenfahrrad
2300419,631,Herrenfahrrad
8100311,900,Herrenfahrrad
1100207,460,Damenfahrrad
7100101,775,Fahrrad
12400720,300,Herrenfahrrad
12500926,1950,divers
9200614,2800,divers
1200623,200,Damenfahrrad
4300623,588,Herrenfahrrad
2300417,199,Herrenfahrrad
1200520,600,Herrenfahrrad
2100103,700,Damenfahrrad
7601546,499,Damenfahrrad
3400827,848,Damenfahrrad
4300624,350,Herrenfahrrad
9100101,974,Damenfahrrad
3601243,749,Herrenfahrrad
3400619,490,Damenfahrrad
5100316,0,Fahrrad
8100313,450,Fahrrad
7200308,25,Herrenfahrrad
7100103,300,Herrenfahrrad
8100312,712,Mountainbike
1401044,300,Mountainbike
3100102,1645,divers
7400721,620,Herrenfahrrad
2500832,134,divers
5100105,100,Mountainbike
8100419,120,Rennrad
1100104,650,Herrenfahrrad
8100418,1050,Rennrad
12601032,349,Mountainbike
2400520,100,Damenfahrrad
1100416,0,Herrenfahrrad
4501153,340,Herrenfahrrad
11401137,500,Mountainbike
7100205,339,Mountainbike
8100416,350,Mountainbike
1401048,599,Herrenfahrrad
1100309,500,Herrenfahrrad
6400735,542,Herrenfahrrad
6300629,1599,Mountainbike
3400723,438,Fahrrad
9501737,959,Herrenfahrrad
2100102,300,Herrenfahrrad
8100311,1022,Fahrrad
6300632,569,Fahrrad
1100309,310,Herrenfahrrad
3400830,100,Herrenfahrrad
11501238,3500,Fahrrad
11300618,484,Herrenfahrrad
2300418,0,Rennrad
7200308,500,Kinderfahrrad
8100206,50,Damenfahrrad
4200311,0,Damenfahrrad
8100104,50,Fahrrad
3400723,457,Mountainbike
3400723,490,Mountainbike
1100416,250,Herrenfahrrad
6200313,329,Fahrrad
2500727,150,Fahrrad
11501339,449,Herrenfahrrad
10100316,923,Herrenfahrrad
1200521,899,Herrenfahrrad
2100101,500,Herrenfahrrad
2500832,1393,Herrenfahrrad
3601244,664,Herrenfahrrad
7100102,790,Fahrrad
2500833,1630,Rennrad
6400842,269,Herrenfahrrad
7400826,229,Fahrrad
3701554,150,Damenfahrrad
4501042,380,Mountainbike
8100206,450,Herrenfahrrad
2500834,902,Herrenfahrrad
1300834,847,Fahrrad
9100304,300,Herrenfahrrad
3100103,295,Kinderfahrrad
9100409,200,Herrenfahrrad
11200515,200,Herrenfahrrad
8301037,30,Damenfahrrad
7200409,110,Kinderfahrrad
10100311,400,Herrenfahrrad
4501149,1450,Herrenfahrrad
3400724,400,Kinderfahrrad
9100305,721,Damenfahrrad
4501044,1599,Herrenfahrrad
4300518,848,Damenfahrrad
3601450,350,Herrenfahrrad
2500832,150,Herrenfahrrad
8100208,650,Herrenfahrrad
1100414,399,Mountainbike
2300316,1200,Herrenfahrrad
3701658,799,Fahrrad
3601244,536,Herrenfahrrad
6400737,600,Damenfahrrad
1401046,525,Herrenfahrrad
7501133,1590,Herrenfahrrad
7100101,369,Fahrrad
11300725,150,Kinderfahrrad
3701556,1000,Mountainbike
1100103,300,Damenfahrrad
2100104,100,Damenfahrrad
2500728,2400,Herrenfahrrad
6100103,500,Rennrad
4501149,500,Damenfahrrad
6400736,300,Kinderfahrrad
1100414,681,Damenfahrrad
11100307,1988,Herrenfahrrad
4200310,1700,Herrenfahrrad
11300619,528,Herrenfahrrad
1100312,180,Mountainbike
9200511,1200,Herrenfahrrad
12601235,599,Herrenfahrrad
1100308,1050,Herrenfahrrad
3701658,800,Herrenfahrrad
3601142,350,Herrenfahrrad
1100416,1120,Herrenfahrrad
7100205,500,Kinderfahrrad
7400927,477,Herrenfahrrad
2300419,550,Fahrrad
8401242,600,Herrenfahrrad
7100101,999,Herrenfahrrad
9300920,295,Kinderfahrrad
2100106,1199,Damenfahrrad
11401034,945,Herrenfahrrad
4501043,500,Herrenfahrrad
2200207,429,Kinderfahrrad
3400723,400,Herrenfahrrad
7100102,799,Herrenfahrrad
8401243,195,Herrenfahrrad
6200422,430,Herrenfahrrad
6100102,699,Herrenfahrrad
4501043,520,Herrenfahrrad
1100415,300,Herrenfahrrad
10400939,465,Herrenfahrrad
3601245,3000,Herrenfahrrad
1401043,706,Herrenfahrrad
2400520,250,Damenfahrrad
4500936,599,Damenfahrrad
3500932,3864,Herrenfahrrad
7200409,975,Rennrad
7601237,372,Herrenfahrrad
6200316,799,Herrenfahrrad
1100309,4600,divers
9200512,617,Herrenfahrrad
8100418,999,Herrenfahrrad
1300836,500,Herrenfahrrad
11200512,3899,Damenfahrrad
5300840,1600,Damenfahrrad
7400825,452,Damenfahrrad
3601347,489,Herrenfahrrad
12400720,500,Herrenfahrrad
3400828,799,Herrenfahrrad
8301036,317,Damenfahrrad
1100309,315,Herrenfahrrad
1401043,634,Damenfahrrad
4200310,300,Herrenfahrrad
4400729,784,Damenfahrrad
2400624,950,Herrenfahrrad
9401433,150,Damenfahrrad
11200513,248,Herrenfahrrad
6300630,3183,Herrenfahrrad
3501038,499,Damenfahrrad
7100102,200,Damenfahrrad
3400721,1709,Damenfahrrad
2500831,920,Damenfahrrad
7200413,878,Herrenfahrrad
11300722,420,Kinderfahrrad
4400835,456,Damenfahrrad
8100312,675,Fahrrad
9100202,300,Fahrrad
1100311,400,Herrenfahrrad
11501238,1000,Herrenfahrrad
4200308,1298,Herrenfahrrad
11200513,550,Herrenfahrrad
7100103,100,Herrenfahrrad
3400723,150,Mountainbike
10100208,249,Damenfahrrad
9100408,150,Fahrrad
1100103,200,Fahrrad
4300415,1,Fahrrad
4300517,300,Herrenfahrrad
2300316,800,Rennrad
3300514,1,divers
3500936,800,Rennrad
2300315,50,Herrenfahrrad
11200514,150,Damenfahrrad
9501737,400,Damenfahrrad
2200212,250,Rennrad
1100103,500,Mountainbike
3400829,200,Herrenfahrrad
8100312,250,Herrenfahrrad
1100101,1015,Damenfahrrad
3100103,100,Damenfahrrad
9100304,200,Mountainbike
12400721,1549,Mountainbike
2100106,31,Mountainbike
3601451,0,Mountainbike
2100104,322,Mountainbike
3601244,1150,Rennrad
7601545,350,divers
4501042,80,Herrenfahrrad
4300412,1223,Fahrrad
3701660,100,Damenfahrrad
8100104,100,Mountainbike
1200623,300,Fahrrad
8100419,700,Mountainbike
1200520,1,Mountainbike
2300419,300,divers
3601450,100,Herrenfahrrad
6300527,649,divers
5100208,500,divers
9501939,480,Herrenfahrrad
8100206,277,Herrenfahrrad
10100103,300,divers
4501044,0,Herrenfahrrad
8100417,845,Damenfahrrad
2500728,269,Damenfahrrad
3601346,300,Kinderfahrrad
11100307,220,Herrenfahrrad
1100415,1000,Herrenfahrrad
2400623,200,Herrenfahrrad
4300622,899,Damenfahrrad
2300419,490,Herrenfahrrad
10400939,465,Herrenfahrrad
9100202,592,Herrenfahrrad
9200613,1821,Herrenfahrrad
3601451,1128,Damenfahrrad
3701556,800,Damenfahrrad
7300517,599,Mountainbike
2500832,600,Herrenfahrrad
7200308,330,Herrenfahrrad
8401139,460,Damenfahrrad
3601140,925,Herrenfahrrad
8401241,900,Herrenfahrrad
9200715,958,Damenfahrrad
3400618,440,Herrenfahrrad
6300634,1089,Damenfahrrad
12400720,470,Damenfahrrad
9200613,275,Herrenfahrrad
7300516,1127,Fahrrad
8100102,499,Damenfahrrad
2300314,620,Damenfahrrad
6400842,920,Damenfahrrad
1100312,100,Damenfahrrad
4300619,400,Herrenfahrrad
9501838,1100,Herrenfahrrad
8100417,600,Fahrrad
2300418,1000,Herrenfahrrad
4400830,4500,Fahrrad
3601346,400,Herrenfahrrad
8200726,450,Herrenfahrrad
9301126,1090,Herrenfahrrad
9501838,500,Herrenfahrrad
9100101,1017,Damenfahrrad
12400723,250,Herrenfahrrad
1200623,40,Kinderfahrrad
3100103,571,Damenfahrrad
2200210,199,Kinderfahrrad
2400520,650,Damenfahrrad
9200613,150,Rennrad
7300515,338,Fahrrad
3601451,570,Herrenfahrrad
2400522,750,Herrenfahrrad
1300834,838,Herrenfahrrad
1200625,1060,Herrenfahrrad
2200211,500,Damenfahrrad
8100104,220,Kinderfahrrad
11300618,704,Damenfahrrad
9100306,300,Kinderfahrrad
3400723,250,Damenfahrrad
2200210,1665,Herrenfahrrad
7400720,695,Herrenfahrrad
3400722,549,Damenfahrrad
7601236,399,Herrenfahrrad
11401034,2723,Herrenfahrrad
2400520,339,Herrenfahrrad
3701556,778,Herrenfahrrad
9100202,471,Herrenfahrrad
11100102,449,Damenfahrrad
2200210,819,Damenfahrrad
1100414,2704,Herrenfahrrad
2300316,500,Fahrrad
2200210,1175,Herrenfahrrad
2200210,2180,Herrenfahrrad
3400723,599,Herrenfahrrad
11400927,896,Herrenfahrrad
4501146,214,Mountainbike
9200510,799,Damenfahrrad
9200819,100,Herrenfahrrad
9200819,4100,Herrenfahrrad
3400830,255,Damenfahrrad
9100101,600,Damenfahrrad
1401048,1300,Fahrrad
3500934,1,Herrenfahrrad
12601134,450,Fahrrad
9100407,392,Herrenfahrrad
2500831,0,Herrenfahrrad
1200522,200,Damenfahrrad
8200623,0,divers
10200629,132,Kinderfahrrad
2400625,800,divers
1100104,200,Herrenfahrrad
2500832,100,Herrenfahrrad
2300314,330,Mountainbike
1401043,300,Damenfahrrad
12200515,332,Mountainbike
2200211,500,Fahrrad
8401243,2316,divers
2300417,300,Fahrrad
3400722,50,Herrenfahrrad
8200730,1000,divers
12200412,230,divers
2200212,0,Herrenfahrrad
4500938,200,Herrenfahrrad
2200212,0,Herrenfahrrad
1200628,1,Herrenfahrrad
8100418,3500,Fahrrad
2300314,300,Fahrrad
4501149,0,Fahrrad
1400937,900,Mountainbike
2100102,500,Herrenfahrrad
7200308,500,Herrenfahrrad
7200308,500,Damenfahrrad
1300730,150,Herrenfahrrad
6400838,300,Rennrad
9301025,350,Mountainbike
6100102,1,Damenfahrrad
1400937,150,Herrenfahrrad
6300526,200,Herrenfahrrad
8100419,375,Fahrrad
1400940,800,Rennrad
3601347,229,Kinderfahrrad
4400830,214,Kinderfahrrad
6400843,1000,Herrenfahrrad
4300416,500,Mountainbike
3601244,1450,Herrenfahrrad
3701659,553,Herrenfahrrad
1401046,1072,Herrenfahrrad
11400929,880,Herrenfahrrad
11501238,999,Damenfahrrad
11501238,799,Herrenfahrrad
7100206,1131,Herrenfahrrad
1100416,1800,Herrenfahrrad
1200519,630,Fahrrad
9200717,100,Herrenfahrrad
1400942,701,Herrenfahrrad
8100101,917,Damenfahrrad
1100309,255,Fahrrad
3601140,500,Damenfahrrad
7501032,900,Herrenfahrrad
1100309,600,Herrenfahrrad
7400928,422,Kinderfahrrad
9501939,750,Herrenfahrrad
3701555,3367,Fahrrad
4501153,480,Herrenfahrrad
1100309,733,Herrenfahrrad
11200411,100,Damenfahrrad
5300841,1250,Herrenfahrrad
9200613,600,Herrenfahrrad
3200310,633,Herrenfahrrad
3701555,3367,Fahrrad
10200421,1800,Fahrrad
11300620,2099,Herrenfahrrad
1100207,1200,Damenfahrrad
5100317,2099,Herrenfahrrad
1100313,120,Kinderfahrrad
6100102,948,Herrenfahrrad
2500834,299,Herrenfahrrad
3500932,1150,Herrenfahrrad
3400721,3000,Herrenfahrrad
12500927,250,Herrenfahrrad
3601142,2100,Herrenfahrrad
3400830,380,Fahrrad
2500729,1049,Fahrrad
4300623,1699,Herrenfahrrad
12200310,350,Herrenfahrrad
1100310,499,Damenfahrrad
4501043,1170,Herrenfahrrad
10200524,500,divers
2200210,498,Fahrrad
2200210,438,Fahrrad
10100312,200,Kinderfahrrad
1400938,599,Herrenfahrrad
9200715,2636,Herrenfahrrad
1401047,80,Kinderfahrrad
7100205,2000,Damenfahrrad
3300412,370,Damenfahrrad
4501042,449,Herrenfahrrad
6400844,498,Mountainbike
12500825,550,Herrenfahrrad
8100208,200,Damenfahrrad
4300416,199,Damenfahrrad
5300840,1517,Mountainbike
1200522,300,Herrenfahrrad
4300624,450,Herrenfahrrad
4300622,1090,Herrenfahrrad
4300622,1299,Herrenfahrrad
3701659,3808,Fahrrad
6100102,400,Herrenfahrrad
7100204,200,Mountainbike
9100203,2000,divers
6400737,700,Damenfahrrad
7100101,668,Herrenfahrrad
8100312,310,Herrenfahrrad
2400521,360,Damenfahrrad
1300733,2295,Fahrrad
2300314,706,Herrenfahrrad
3701659,300,Mountainbike
1200623,400,Damenfahrrad
4501043,581,Herrenfahrrad
9200818,630,Damenfahrrad
1300834,7000,divers
2500833,600,Herrenfahrrad
6100207,0,Fahrrad
4300416,380,Herrenfahrrad
2500835,450,Herrenfahrrad
10200423,0,Fahrrad
3701658,599,Damenfahrrad
6300632,50,Damenfahrrad
1401048,100,Herrenfahrrad
4300414,424,Herrenfahrrad
1200522,360,Fahrrad
3701658,1599,Herrenfahrrad
1100310,1029,Fahrrad
4500936,699,Herrenfahrrad
9100101,1337,divers
9100101,245,Herrenfahrrad
6100103,2150,Fahrrad
2300419,500,Herrenfahrrad
11300722,1047,Fahrrad
7601238,900,Herrenfahrrad
2500830,3500,divers
3701659,887,Herrenfahrrad
4501146,761,Fahrrad
1100308,1000,Mountainbike
9501838,250,Damenfahrrad
3500934,858,Mountainbike
5200423,100,Fahrrad
10100313,840,divers
8100209,500,Herrenfahrrad
2100104,0,divers
8100415,1300,Damenfahrrad
1200520,1,Mountainbike
5300840,2100,Herrenfahrrad
7300618,100,Damenfahrrad
4501148,900,Herrenfahrrad
9301126,100,Damenfahrrad
8100209,700,Mountainbike
7200409,1400,Mountainbike
2400625,280,Mountainbike
2300417,200,Fahrrad
2300419,200,Damenfahrrad
1100103,468,Herrenfahrrad
11200410,259,Damenfahrrad
12400721,465,Damenfahrrad
2500831,621,Herrenfahrrad
6400737,450,Damenfahrrad
2200211,400,Damenfahrrad
1300730,864,Herrenfahrrad
10200627,125,Kinderfahrrad
1200518,858,Herrenfahrrad
3100101,449,Damenfahrrad
7400927,261,Herrenfahrrad
1401047,500,Damenfahrrad
1100103,759,Damenfahrrad
2500831,904,Herrenfahrrad
8100312,770,Herrenfahrrad
9501838,299,Herrenfahrrad
1100414,999,Herrenfahrrad
3601142,749,Damenfahrrad
4300623,900,Herrenfahrrad
5100316,279,Damenfahrrad
7400824,450,Herrenfahrrad
3601450,500,Herrenfahrrad
3400725,1200,Herrenfahrrad
7601545,1000,divers
1100416,1032,Herrenfahrrad
7501029,780,Mountainbike
1100104,3350,Mountainbike
1100311,350,Damenfahrrad
9100305,759,Herrenfahrrad
4500939,650,Damenfahrrad
6400841,2050,Herrenfahrrad
12200309,600,Herrenfahrrad
12200309,750,Damenfahrrad
1200522,319,Damenfahrrad
9200512,1700,Damenfahrrad
5200418,413,Herrenfahrrad
2300419,135,Fahrrad
3601452,424,Herrenfahrrad
6200422,529,Herrenfahrrad
1100102,557,Herrenfahrrad
2300314,1010,Herrenfahrrad
6200422,660,Herrenfahrrad
11401032,250,Damenfahrrad
9502043,498,Damenfahrrad
5300841,616,Damenfahrrad
11100308,699,Herrenfahrrad
6400735,450,Fahrrad
1100313,299,Damenfahrrad
10100208,300,Herrenfahrrad
11300722,699,Damenfahrrad
6400838,2299,Damenfahrrad
2500833,731,Damenfahrrad
3601452,450,Herrenfahrrad
9100101,599,Herrenfahrrad
6400838,868,Damenfahrrad
1100312,360,Fahrrad
9200715,644,Herrenfahrrad
3601140,1529,Herrenfahrrad
8401243,537,Herrenfahrrad
2400623,750,Herrenfahrrad
8100417,126,Damenfahrrad
4300619,1300,Herrenfahrrad
3300514,399,Kinderfahrrad
1100309,99,Kinderfahrrad
7601546,1400,Herrenfahrrad
2300315,1100,Herrenfahrrad
4501152,1759,Herrenfahrrad
2300417,617,Damenfahrrad
11300722,649,Damenfahrrad
10100101,850,Herrenfahrrad
10100103,1000,Herrenfahrrad
9300921,313,Herrenfahrrad
2500727,1082,Herrenfahrrad
11300826,250,Herrenfahrrad
4500939,925,divers
12400723,799,Herrenfahrrad
5100209,660,Herrenfahrrad
5100209,482,Herrenfahrrad
2500726,1999,Herrenfahrrad
1401043,429,Herrenfahrrad
8100102,275,Herrenfahrrad
9200511,500,Herrenfahrrad
8200833,200,Herrenfahrrad
11400928,499,Herrenfahrrad
3400725,200,Mountainbike
11200513,560,Herrenfahrrad
9100101,1499,Herrenfahrrad
11501238,249,Kinderfahrrad
4400835,599,Damenfahrrad
6400843,999,Herrenfahrrad
4400835,229,Fahrrad
4300619,599,Herrenfahrrad
2200210,449,Herrenfahrrad
11400929,528,Damenfahrrad
6400737,399,Damenfahrrad
6100102,330,Damenfahrrad
3200206,599,Herrenfahrrad
2200210,100,Kinderfahrrad
9200613,699,Herrenfahrrad
4300414,549,Damenfahrrad
2200208,360,Herrenfahrrad
1100102,150,Herrenfahrrad
9200613,990,Herrenfahrrad
4300416,360,Herrenfahrrad
6300634,260,Kinderfahrrad
2500727,350,Fahrrad
5300736,4300,Herrenfahrrad
12400721,499,Herrenfahrrad
1300836,200,Mountainbike
1100311,298,Kinderfahrrad
4400835,835,Herrenfahrrad
4300416,499,Damenfahrrad
3701657,1550,Herrenfahrrad
8200623,160,Damenfahrrad
2500729,530,Damenfahrrad
4501042,399,Damenfahrrad
4500936,378,Damenfahrrad
5100314,500,Herrenfahrrad
3200309,599,Damenfahrrad
1200623,1924,Herrenfahrrad
3701556,200,Herrenfahrrad
11300826,323,Damenfahrrad
2500834,100,Kinderfahrrad
9501737,1500,Herrenfahrrad
6100205,222,Herrenfahrrad
2500834,100,Damenfahrrad
5200633,2318,divers
7400824,1700,Rennrad
2300419,500,Herrenfahrrad
8100102,50,Mountainbike
1300835,600,Herrenfahrrad
3601347,429,Rennrad
4400831,980,Herrenfahrrad
5200524,1000,Fahrrad
2200209,200,Kinderfahrrad
11400929,444,Herrenfahrrad
2500831,1495,Herrenfahrrad
1100102,250,Fahrrad
4501045,500,Fahrrad
4200308,500,Damenfahrrad
7100206,1113,Herrenfahrrad
4501042,389,Fahrrad
1100207,500,Herrenfahrrad
1100206,50,Fahrrad
1100206,500,Damenfahrrad
1100205,500,Herrenfahrrad
7300517,100,Fahrrad
2100104,700,Damenfahrrad
1300836,2000,Fahrrad
1200518,140,Damenfahrrad
3100102,1,Mountainbike
3100102,1,Mountainbike
3500936,449,Kinderfahrrad
9301126,100,Herrenfahrrad
4501045,130,Herrenfahrrad
7300619,876,Herrenfahrrad
1300836,300,Herrenfahrrad
1200520,900,Herrenfahrrad
2400623,880,Damenfahrrad
9300923,411,Herrenfahrrad
2200212,100,Herrenfahrrad
1100205,1550,Herrenfahrrad
4300623,1299,Damenfahrrad
1200520,650,Herrenfahrrad
11400927,320,Fahrrad
2400522,300,Herrenfahrrad
2400624,100,Mountainbike
9200715,214,Fahrrad
3200310,3600,Mountainbike
4501147,1199,Damenfahrrad
11401137,821,Damenfahrrad
4500936,283,Kinderfahrrad
9501838,649,Herrenfahrrad
1200625,1500,Fahrrad
3400724,550,Mountainbike
3200207,459,Mountainbike
4501149,550,Damenfahrrad
4501045,499,Herrenfahrrad
4501043,3200,Herrenfahrrad
2500831,949,Herrenfahrrad
1200519,770,Fahrrad
2400522,776,Damenfahrrad
2400625,1027,Herrenfahrrad
7501031,349,Kinderfahrrad
1100312,244,Kinderfahrrad
6200421,500,Herrenfahrrad
7100206,449,Herrenfahrrad
7300515,1999,Herrenfahrrad
9501737,613,Herrenfahrrad
6300630,150,Damenfahrrad
3400826,1299,Damenfahrrad
7300517,188,Damenfahrrad
1100312,390,Damenfahrrad
3200206,361,Damenfahrrad
8100206,530,Herrenfahrrad
9100101,150,Herrenfahrrad
4501042,596,Damenfahrrad
11300617,1000,Mountainbike
1401047,500,Herrenfahrrad
9100408,449,Herrenfahrrad
11400927,320,Damenfahrrad
2400623,399,Herrenfahrrad
1300836,6712,Herrenfahrrad
12100102,1100,Herrenfahrrad
7300618,610,Damenfahrrad
10100206,520,Damenfahrrad
9300920,535,Herrenfahrrad
2300419,415,divers
1200625,375,Damenfahrrad
6100102,851,Herrenfahrrad
3601243,3150,Herrenfahrrad
1200520,585,Herrenfahrrad
10100314,1700,Herrenfahrrad
4500939,692,Fahrrad
2300419,1799,Herrenfahrrad
3701556,599,Herrenfahrrad
5100103,966,Damenfahrrad
7200411,1198,Herrenfahrrad
4501147,790,Fahrrad
8401241,229,Herrenfahrrad
1100207,190,Herrenfahrrad
2500728,500,Damenfahrrad
12601031,600,Herrenfahrrad
3400830,400,Herrenfahrrad
8100311,769,Herrenfahrrad
9100304,1000,Herrenfahrrad
11300826,1150,Herrenfahrrad
1100102,5200,Herrenfahrrad
4501153,1300,Herrenfahrrad
4300416,730,Herrenfahrrad
1401046,373,Fahrrad
7300517,1103,Damenfahrrad
9501736,439,Damenfahrrad
9100101,501,Damenfahrrad
3400722,535,Herrenfahrrad
7100206,479,Damenfahrrad
4300623,948,Damenfahrrad
2400624,406,Fahrrad
4300623,220,Damenfahrrad
2300418,150,Damenfahrrad
3400830,399,Damenfahrrad
8100314,1888,Herrenfahrrad
7400822,697,Herrenfahrrad
2100105,80,Damenfahrrad
7300515,680,Damenfahrrad
4300416,799,Damenfahrrad
2500835,599,Damenfahrrad
2200211,155,Kinderfahrrad
6400735,429,Damenfahrrad
3400724,1255,Herrenfahrrad
10200628,300,Herrenfahrrad
2300314,423,Damenfahrrad
3701555,498,Damenfahrrad
9100101,299,Herrenfahrrad
1200623,1000,Herrenfahrrad
7200413,200,Herrenfahrrad
9301024,734,Herrenfahrrad
9200716,529,Fahrrad
2500834,1199,Herrenfahrrad
9200716,693,Damenfahrrad
2100101,870,Damenfahrrad
2500834,374,Kinderfahrrad
4300415,515,Damenfahrrad
5100210,200,Herrenfahrrad
7100206,599,Herrenfahrrad
8100104,1120,Herrenfahrrad
2400625,719,Fahrrad
6300633,535,Herrenfahrrad
6300630,1200,Herrenfahrrad
9501939,392,Damenfahrrad
9300920,639,Herrenfahrrad
12500825,617,Herrenfahrrad
9301025,500,Damenfahrrad
1100310,300,Herrenfahrrad
8301037,186,Herrenfahrrad
7400823,190,Fahrrad
11300619,10,Herrenfahrrad
9100408,0,Mountainbike
7400720,200,Mountainbike
4300621,600,Fahrrad
8300935,100,Herrenfahrrad
12400618,1099,Damenfahrrad
6400735,500,Mountainbike
2300418,290,Herrenfahrrad
4501043,1500,Herrenfahrrad
3701555,1599,Herrenfahrrad
8100101,292,Fahrrad
11300619,795,Fahrrad
8100314,900,Herrenfahrrad
2300316,600,Damenfahrrad
8200623,700,Fahrrad
1300731,159,Mountainbike
8100101,500,Herrenfahrrad
8401140,20,Damenfahrrad
2300418,1,Herrenfahrrad
6400737,3551,Damenfahrrad
2300418,100,Herrenfahrrad
8100206,0,Fahrrad
3400723,0,Damenfahrrad
2100106,200,Damenfahrrad
7100206,450,Damenfahrrad
5100316,520,Herrenfahrrad
2400624,50,Damenfahrrad
5300839,1000,Fahrrad
7100102,720,Herrenfahrrad
4300518,1200,Fahrrad
2200210,238,Mountainbike
3400723,0,Fahrrad
12601032,35,Mountainbike
4501153,900,Damenfahrrad
2100104,0,Mountainbike
3500935,999,Herrenfahrrad
4400830,500,Herrenfahrrad
1100207,320,Herrenfahrrad
4500937,900,Herrenfahrrad
1300836,1,divers
4300621,500,Fahrrad
2200212,700,Damenfahrrad
6100101,800,Mountainbike
3601243,1050,Damenfahrrad
9100407,220,Herrenfahrrad
2300417,265,Herrenfahrrad
7100101,623,Herrenfahrrad
4300414,2000,Fahrrad
4200311,1099,Herrenfahrrad
2300315,517,Fahrrad
7100102,800,Herrenfahrrad
4300623,850,Herrenfahrrad
7300618,380,Damenfahrrad
11300724,800,Herrenfahrrad
2500726,680,Herrenfahrrad
2100105,2000,Mountainbike
1100415,620,Herrenfahrrad
7100101,762,Kinderfahrrad
2200211,1043,Damenfahrrad
4300412,490,Herrenfahrrad
2300316,800,Herrenfahrrad
6100208,180,Kinderfahrrad
12200413,0,Damenfahrrad
3200207,2899,Herrenfahrrad
6300526,444,Damenfahrrad
7501031,929,Damenfahrrad
2300418,347,Fahrrad
5200631,476,Herrenfahrrad
11400929,347,Fahrrad
12200310,200,Kinderfahrrad
3701555,538,Herrenfahrrad
11300722,836,Herrenfahrrad
8301037,150,Herrenfahrrad
6300634,2000,Fahrrad
12500928,973,Herrenfahrrad
2200208,333,Damenfahrrad
2300314,500,Herrenfahrrad
4300414,683,Herrenfahrrad
4300621,633,Herrenfahrrad
1100415,400,Herrenfahrrad
9200818,2166,divers
9100203,150,Mountainbike
3500934,499,Herrenfahrrad
1100416,1200,Herrenfahrrad
1100309,1715,Herrenfahrrad
11200411,249,Damenfahrrad
11400930,700,Damenfahrrad
1100415,962,Damenfahrrad
1100102,400,Herrenfahrrad
10400835,1187,Herrenfahrrad
12400720,500,Mountainbike
4300414,800,Damenfahrrad
1300733,870,Herrenfahrrad
1100103,1150,Damenfahrrad
11100206,200,Fahrrad
1100312,3000,Herrenfahrrad
7200409,1228,Herrenfahrrad
1100310,1729,Fahrrad
3300412,799,Damenfahrrad
2300418,1000,Fahrrad
4500938,1100,Herrenfahrrad
9501737,599,Herrenfahrrad
11300725,565,Damenfahrrad
4300412,960,Damenfahrrad
7200409,1096,Herrenfahrrad
11200515,600,Damenfahrrad
3701554,549,Mountainbike
4501045,1000,Herrenfahrrad
4300518,850,Damenfahrrad
4500936,485,Herrenfahrrad
7100102,600,Herrenfahrrad
1300731,372,Mountainbike
2200208,1037,Fahrrad
1200522,1684,Herrenfahrrad
8100417,400,Rennrad
7200307,333,Damenfahrrad
3601245,100,Mountainbike
8100311,2860,Herrenfahrrad
5200629,634,Herrenfahrrad
8200623,500,Fahrrad
2100101,510,Damenfahrrad
9200613,250,Mountainbike
4500938,3734,Herrenfahrrad
3701660,250,divers
3701555,350,Damenfahrrad
10300734,363,Fahrrad
7200414,600,Rennrad
4300416,200,Mountainbike
1401048,200,Kinderfahrrad
3400618,359,Damenfahrrad
12200310,1,Herrenfahrrad
5200631,3347,Damenfahrrad
8100209,375,Herrenfahrrad
4300622,0,Damenfahrrad
9100202,300,Fahrrad
1400937,100,Fahrrad
8100311,379,Damenfahrrad
2300419,340,Herrenfahrrad
1100313,500,Herrenfahrrad
2500832,1200,Fahrrad
10400835,300,Mountainbike
2300314,3500,Rennrad
3400723,600,Fahrrad
8100415,220,Herrenfahrrad
8300934,0,Damenfahrrad
7501134,150,Damenfahrrad
8100415,220,Mountainbike
8100415,800,Fahrrad
8100415,220,Herrenfahrrad
2400623,100,Herrenfahrrad
3400721,150,Damenfahrrad
8100415,300,Herrenfahrrad
2300418,800,Fahrrad
4300412,800,Mountainbike
4400830,0,Herrenfahrrad
4200311,0,Mountainbike
9200819,0,Damenfahrrad
1200522,2250,divers
4200311,500,Fahrrad
4400726,530,Fahrrad
1200624,3000,Fahrrad
8100312,3519,Fahrrad
9200613,3500,Herrenfahrrad
3701658,279,Damenfahrrad
2500834,250,Herrenfahrrad
7300515,600,Damenfahrrad
8300934,250,Herrenfahrrad
2500729,350,Damenfahrrad
3601450,910,Kinderfahrrad
9100407,743,Herrenfahrrad
3601245,490,divers
6400841,350,Damenfahrrad
3601245,400,divers
3400827,649,Damenfahrrad
9100202,2100,Damenfahrrad
3500936,549,Damenfahrrad
8100416,545,Herrenfahrrad
12400722,400,Herrenfahrrad
1200626,318,Herrenfahrrad
3701660,849,Fahrrad
4501043,211,Mountainbike
4501149,600,Fahrrad
7300618,580,Damenfahrrad
6400737,600,Damenfahrrad
8401242,750,Damenfahrrad
1300733,539,Damenfahrrad
2200213,875,Herrenfahrrad
8401139,385,Damenfahrrad
3601244,549,Damenfahrrad
2200208,945,Herrenfahrrad
3701556,1519,Herrenfahrrad
6300633,780,Damenfahrrad
4501043,550,Damenfahrrad
2400522,599,Herrenfahrrad
2300419,1,Rennrad
1100310,550,Herrenfahrrad
3601142,589,Fahrrad
7400720,1302,Herrenfahrrad
3601140,1128,Herrenfahrrad
11200514,150,Fahrrad
10100313,200,Damenfahrrad
2200207,2674,Herrenfahrrad
11501341,660,Damenfahrrad
2300419,300,Herrenfahrrad
1300834,1000,Herrenfahrrad
9501737,400,Damenfahrrad
6400843,528,Herrenfahrrad
11501238,200,Damenfahrrad
3500936,999,Damenfahrrad
11300722,600,Mountainbike
7100204,934,Damenfahrrad
2200210,396,Damenfahrrad
2500836,550,Damenfahrrad
2200207,1000,Damenfahrrad
2200212,750,Herrenfahrrad
2200212,684,Mountainbike
2500835,650,Herrenfahrrad
8100416,180,Damenfahrrad
5300737,250,Damenfahrrad
1100309,544,Herrenfahrrad
3500936,605,Herrenfahrrad
4501147,599,Fahrrad
4300623,349,Damenfahrrad
6400842,500,Herrenfahrrad
4501146,200,Rennrad
10300733,642,Herrenfahrrad
10400835,80,Kinderfahrrad
10200524,538,Mountainbike
8100416,1500,Damenfahrrad
2200212,191,Damenfahrrad
12200309,600,Herrenfahrrad
11300616,300,Mountainbike
1100416,520,Herrenfahrrad
8100209,1000,Damenfahrrad
12500825,600,Damenfahrrad
3200207,300,Fahrrad
9100101,1000,Rennrad
2500831,350,Kinderfahrrad
6100103,800,Herrenfahrrad
2400624,450,Mountainbike
2200213,200,Damenfahrrad
5100316,1299,Damenfahrrad
2300417,0,Herrenfahrrad
10100209,600,Fahrrad
1401043,1,Mountainbike
3400830,600,Damenfahrrad
12200515,614,Herrenfahrrad
9100101,424,Herrenfahrrad
6200420,450,Herrenfahrrad
1100103,0,Herrenfahrrad
1100310,0,Fahrrad
2500832,0,Kinderfahrrad
1100310,2300,Herrenfahrrad
2100102,2400,Lastenfahrrad
4200309,579,Kinderfahrrad
9200715,449,Herrenfahrrad
1300733,0,Herrenfahrrad
4300622,400,Damenfahrrad
2500729,50,Mountainbike
7300515,600,Herrenfahrrad
1200623,250,Fahrrad
3601452,0,Damenfahrrad
9300921,1,Fahrrad
3601452,0,Herrenfahrrad
5200630,4379,Fahrrad
1200629,200,Mountainbike
8100105,200,Fahrrad
7100102,500,Herrenfahrrad
5100315,150,Herrenfahrrad
3701554,800,Herrenfahrrad
8200624,1,Mountainbike
9100101,399,Damenfahrrad
9100101,2599,Herrenfahrrad
7501030,999,Fahrrad
2100102,300,Fahrrad
3400828,549,Damenfahrrad
10200524,700,Herrenfahrrad
2400623,3900,Damenfahrrad
6300630,2400,Herrenfahrrad
6400841,420,Damenfahrrad
8100418,2199,Herrenfahrrad
11401137,1684,Herrenfahrrad
4300414,548,Damenfahrrad
4300416,2208,Herrenfahrrad
6400735,899,Herrenfahrrad
2300417,570,Damenfahrrad
2500726,348,Herrenfahrrad
11401135,363,Herrenfahrrad
1200624,1250,Herrenfahrrad
9200819,399,Damenfahrrad
3400723,1000,Damenfahrrad
4501045,395,Herrenfahrrad
9300921,2699,Herrenfahrrad
11300722,1480,Herrenfahrrad
1100312,800,Herrenfahrrad
9100101,829,Fahrrad
3400619,600,Damenfahrrad
2500834,1278,Mountainbike
2200209,1029,Herrenfahrrad
8100208,430,Kinderfahrrad
3601452,500,Damenfahrrad
1100312,200,Damenfahrrad
3601142,800,Herrenfahrrad
8100208,460,Kinderfahrrad
8100310,430,Herrenfahrrad
7200412,993,Herrenfahrrad
9401431,376,Herrenfahrrad
2200209,800,Herrenfahrrad
7400928,900,Damenfahrrad
5200629,2450,Damenfahrrad
2500833,1045,Damenfahrrad
7400824,691,Damenfahrrad
2500832,4989,Lastenfahrrad
3100103,818,Herrenfahrrad
3701660,550,Damenfahrrad
3601450,150,Damenfahrrad
1100102,1100,Herrenfahrrad
3701660,599,Herrenfahrrad
4400835,500,Damenfahrrad
3701657,2100,Herrenfahrrad
7300618,570,Damenfahrrad
11100206,333,Damenfahrrad
7100206,200,Herrenfahrrad
1400942,460,Damenfahrrad
4501043,300,Damenfahrrad
3400721,545,Herrenfahrrad
1300731,599,Herrenfahrrad
9300920,899,Herrenfahrrad
8301036,809,Herrenfahrrad
9200613,2299,Herrenfahrrad
7400720,799,divers
9100305,720,Mountainbike
6400843,656,Fahrrad
3701554,233,Herrenfahrrad
11501340,750,Herrenfahrrad
2500834,700,Fahrrad
2200212,599,Herrenfahrrad
2100104,180,Damenfahrrad
1200624,3350,Fahrrad
3601142,900,Herrenfahrrad
3501037,250,Damenfahrrad
4501040,4000,Damenfahrrad
12200412,839,Herrenfahrrad
7400825,1099,Damenfahrrad
3601245,500,Fahrrad
8100206,215,Damenfahrrad
3601245,500,Fahrrad
11401135,379,Damenfahrrad
3200207,705,Fahrrad
11200514,500,Damenfahrrad
6300526,300,Herrenfahrrad
10100312,299,Herrenfahrrad
11501339,700,Herrenfahrrad
8100207,250,Damenfahrrad
2500726,280,Damenfahrrad
4300624,1571,Damenfahrrad
4300624,1515,Herrenfahrrad
6400737,965,Herrenfahrrad
11400927,800,Herrenfahrrad
2500836,400,Herrenfahrrad
2400623,3900,Damenfahrrad
4501042,320,Damenfahrrad
6200421,6999,Fahrrad
1100308,250,Rennrad
7200307,0,Kinderfahrrad
2200211,450,Herrenfahrrad
7200307,0,Kinderfahrrad
1100414,0,Herrenfahrrad
3400723,411,Herrenfahrrad
2200209,3500,Herrenfahrrad
6200422,80,Herrenfahrrad
4400726,1600,Mountainbike
2200211,50,Herrenfahrrad
2100102,400,Herrenfahrrad
2400623,331,Herrenfahrrad
8200624,200,Damenfahrrad
6300526,1319,Herrenfahrrad
4300413,999,Herrenfahrrad
10100102,400,Herrenfahrrad
10200423,600,divers
12601031,300,divers
8100104,150,Herrenfahrrad
3601453,3600,Herrenfahrrad
4500939,564,Damenfahrrad
3701555,500,Damenfahrrad
2500830,327,Kinderfahrrad
1300836,100,Damenfahrrad
2200212,500,Kinderfahrrad
8301037,240,Kinderfahrrad
6300634,320,Fahrrad
4400834,500,Damenfahrrad
9100101,1000,divers
8301036,270,Damenfahrrad
5100316,2888,Damenfahrrad
7400826,200,Damenfahrrad
3300514,200,Damenfahrrad
7100204,1200,Rennrad
9200512,999,Herrenfahrrad
2500727,1043,Herrenfahrrad
7100204,400,Damenfahrrad
4200308,300,Damenfahrrad
7100103,400,Kinderfahrrad
1401044,550,Damenfahrrad
11200410,100,Herrenfahrrad
1100415,1282,Herrenfahrrad
10300732,500,Herrenfahrrad
4500936,650,Herrenfahrrad
1100309,400,Kinderfahrrad
1100312,386,Herrenfahrrad
4501148,400,Damenfahrrad
9200613,500,Herrenfahrrad
3601449,200,Herrenfahrrad
2300315,994,Damenfahrrad
11400929,300,Herrenfahrrad
3400723,499,Fahrrad
8100206,2000,divers
6400844,1050,divers
2500832,4000,Mountainbike
11401136,800,Damenfahrrad
9200613,1799,Herrenfahrrad
7100102,2069,Fahrrad
6100205,400,Fahrrad
2300419,999,Herrenfahrrad
2200208,450,Mountainbike
4300517,1095,Damenfahrrad
3501038,160,Kinderfahrrad
10100208,479,Damenfahrrad
1300733,499,Herrenfahrrad
4501043,739,Fahrrad
3500934,600,Kinderfahrrad
12601134,600,Mountainbike
4501153,652,Herrenfahrrad
8100208,450,Fahrrad
10400938,706,Herrenfahrrad
10400938,100,Herrenfahrrad
11400930,449,Damenfahrrad
3601451,190,Herrenfahrrad
2300315,330,Kinderfahrrad
6400838,879,Damenfahrrad
2500835,700,Fahrrad
1400937,999,Herrenfahrrad
3601140,812,Damenfahrrad
8200623,670,Mountainbike
1200517,975,Herrenfahrrad
1100313,322,Damenfahrrad
3701660,1000,Herrenfahrrad
6300629,2594,Damenfahrrad
1100310,274,Herrenfahrrad
4300414,2500,Damenfahrrad
1100102,1599,Herrenfahrrad
11400929,347,Damenfahrrad
1100102,4999,Herrenfahrrad
4300414,507,Kinderfahrrad
12500927,899,Herrenfahrrad
8100208,1218,Damenfahrrad
3601348,300,Fahrrad
1100414,280,Herrenfahrrad
2200213,326,Kinderfahrrad
6400844,275,Herrenfahrrad
9501939,625,Damenfahrrad
6400736,663,Mountainbike
2500727,239,Damenfahrrad
8100103,1400,Herrenfahrrad
2400624,750,Herrenfahrrad
3400618,1200,Herrenfahrrad
11100205,600,Damenfahrrad
12601032,500,Herrenfahrrad
3400722,499,Damenfahrrad
4300414,400,Herrenfahrrad
6300527,400,Herrenfahrrad
2300417,630,Herrenfahrrad
11300826,450,Mountainbike
4501043,1200,Damenfahrrad
1200518,314,Herrenfahrrad
2400520,1000,Mountainbike
2500727,550,Herrenfahrrad
2500728,1600,Herrenfahrrad
5200631,1485,Herrenfahrrad
6100209,749,Damenfahrrad
3400724,450,Herrenfahrrad
7300619,818,Kinderfahrrad
11501341,333,Damenfahrrad
10400938,260,Damenfahrrad
3601244,525,Damenfahrrad
8200726,150,Herrenfahrrad
1100312,339,Fahrrad
10300734,479,Damenfahrrad
8100418,400,Rennrad
10400938,209,Damenfahrrad
3500936,400,Damenfahrrad
8100207,200,Kinderfahrrad
8401244,500,Herrenfahrrad
10300734,538,Herrenfahrrad
3300514,1200,Damenfahrrad
10400938,260,Damenfahrrad
1200522,599,Damenfahrrad
10400938,450,Damenfahrrad
10400938,199,Herrenfahrrad
9100101,225,Herrenfahrrad
11100203,500,Herrenfahrrad
10400938,210,Damenfahrrad
4501148,535,Herrenfahrrad
11501340,100,Damenfahrrad
10100316,420,Herrenfahrrad
1100310,799,Damenfahrrad
8100314,500,Mountainbike
1100416,781,Herrenfahrrad
3200310,380,Damenfahrrad
6400844,370,Herrenfahrrad
2500833,610,Damenfahrrad
11400929,1900,Herrenfahrrad
3601453,350,Herrenfahrrad
4300415,309,Herrenfahrrad
3601244,799,Herrenfahrrad
4501040,150,Damenfahrrad
6200421,0,Mountainbike
8100417,500,Fahrrad
9301025,1,Damenfahrrad
11400929,1,divers
2500835,400,Herrenfahrrad
6400844,598,Herrenfahrrad
1100104,614,Fahrrad
7400927,600,Mountainbike
12100102,300,Fahrrad
8100310,4500,Fahrrad
3400723,718,Damenfahrrad
3400721,650,Herrenfahrrad
9401433,219,Damenfahrrad
10100314,239,Damenfahrrad
6100209,4199,Damenfahrrad
3200207,1065,Herrenfahrrad
6200421,2900,Fahrrad
7200308,200,divers
8100208,257,Damenfahrrad
7100103,330,Fahrrad
3500934,4000,divers
1200518,160,Rennrad
1200521,300,Damenfahrrad
1100312,539,Fahrrad
2100101,300,Damenfahrrad
8100206,500,Herrenfahrrad
9301126,1819,Herrenfahrrad
2400623,1200,Fahrrad
5100317,0,Fahrrad
8100415,550,Damenfahrrad
3601243,800,Mountainbike
9501939,900,Fahrrad
3601452,0,Herrenfahrrad
6100208,2000,divers
2300419,300,Fahrrad
5200630,1000,Mountainbike
2200211,400,Fahrrad
3601141,850,Damenfahrrad
1300834,1300,Herrenfahrrad
1100310,1299,Herrenfahrrad
4501043,260,Rennrad
1100103,100,Herrenfahrrad
3601140,300,Mountainbike
2300314,300,Kinderfahrrad
12400720,921,Mountainbike
11501340,579,Kinderfahrrad
11300620,543,Herrenfahrrad
7200307,999,Kinderfahrrad
2200211,899,Damenfahrrad
3701660,329,Kinderfahrrad
2500834,800,Herrenfahrrad
4501044,320,Herrenfahrrad
10200422,50,Kinderfahrrad
8301037,100,Damenfahrrad
8100312,550,Herrenfahrrad
11300826,2575,Herrenfahrrad
9501737,850,Damenfahrrad
11100101,494,Damenfahrrad
2300419,597,Damenfahrrad
1100101,500,Damenfahrrad
1300836,2027,Herrenfahrrad
4200206,550,Herrenfahrrad
11100307,530,Herrenfahrrad
9200511,749,Herrenfahrrad
11300721,270,Damenfahrrad
8100206,399,Damenfahrrad
12400618,700,Damenfahrrad
7300517,600,Damenfahrrad
10400836,449,Herrenfahrrad
2200211,559,Kinderfahrrad
2100105,2354,Herrenfahrrad
3601140,999,Fahrrad
9200512,1700,Damenfahrrad
9200512,150,Damenfahrrad
2400624,250,Damenfahrrad
1401043,600,Herrenfahrrad
2500834,490,Damenfahrrad
1200629,529,Mountainbike
12400722,300,Damenfahrrad
2500833,854,Herrenfahrrad
7200308,800,Damenfahrrad
4501042,2044,Herrenfahrrad
1300733,500,Herrenfahrrad
1100313,630,Kinderfahrrad
3200207,520,Kinderfahrrad
2100104,1850,Damenfahrrad
4300517,599,Damenfahrrad
2100103,850,Damenfahrrad
2500835,600,Fahrrad
7200414,1860,Herrenfahrrad
12601235,300,Damenfahrrad
1300733,330,Damenfahrrad
11200513,750,Damenfahrrad
3601348,399,Damenfahrrad
7400720,690,Fahrrad
3400829,1200,Herrenfahrrad
2400624,1129,Fahrrad
4300416,50,Damenfahrrad
11300722,544,Fahrrad
4501146,759,Herrenfahrrad
3300514,500,Damenfahrrad
3400725,220,Damenfahrrad
4501043,2200,Herrenfahrrad
2200210,1149,Herrenfahrrad
1100313,880,Herrenfahrrad
1200623,502,Herrenfahrrad
3200310,210,Damenfahrrad
8100415,900,Herrenfahrrad
7400927,378,Herrenfahrrad
2500832,1000,Rennrad
2200210,1180,Damenfahrrad
10400940,500,Herrenfahrrad
4501147,600,Damenfahrrad
2400623,1249,Herrenfahrrad
8200624,650,divers
9200715,900,Herrenfahrrad
3701659,1500,Herrenfahrrad
1200522,1499,Herrenfahrrad
2400623,200,Rennrad
11400929,1800,Herrenfahrrad
1401044,539,Herrenfahrrad
1100416,600,Damenfahrrad
3601141,1000,Damenfahrrad
3400830,165,Damenfahrrad
7100102,350,Herrenfahrrad
2300418,100,Damenfahrrad
2300315,316,Damenfahrrad
11501340,600,Herrenfahrrad
2100106,1,Herrenfahrrad
8200831,1,Herrenfahrrad
5100210,200,Herrenfahrrad
2500835,350,Herrenfahrrad
2200209,300,Herrenfahrrad
2300417,50,Kinderfahrrad
5100206,200,Kinderfahrrad
8301037,200,Kinderfahrrad
11300722,1000,Mountainbike
1100309,230,Damenfahrrad
4400835,189,Fahrrad
8100101,700,Herrenfahrrad
4501147,650,Damenfahrrad
1200628,900,Herrenfahrrad
2100106,1,Fahrrad
1200628,799,Fahrrad
11401135,300,Fahrrad
11300826,1,Fahrrad
4300414,100,Herrenfahrrad
2300314,0,Fahrrad
1400942,1500,Mountainbike
3601346,620,Damenfahrrad
1100309,2400,Fahrrad
2500831,800,Fahrrad
3701659,0,Damenfahrrad
4300621,757,Damenfahrrad
1401044,136,Damenfahrrad
8100415,50,Damenfahrrad
1200518,388,Herrenfahrrad
7300515,230,Herrenfahrrad
12601134,140,divers
9501736,600,Damenfahrrad
1300835,450,Damenfahrrad
7300619,1110,Damenfahrrad
3601141,250,Rennrad
1100416,322,Damenfahrrad
3100102,1359,Herrenfahrrad
7200409,1500,Damenfahrrad
2400625,500,Rennrad
4300621,800,Damenfahrrad
2200213,729,Damenfahrrad
9200716,2838,Fahrrad
2300314,800,Herrenfahrrad
8100417,435,Damenfahrrad
1100207,1334,Herrenfahrrad
6100101,629,Herrenfahrrad
7100205,598,Damenfahrrad
9200819,322,Damenfahrrad
2200211,1079,Herrenfahrrad
5300840,1550,Herrenfahrrad
7300515,495,Damenfahrrad
9200613,900,Damenfahrrad
1300835,244,Fahrrad
9401329,399,Damenfahrrad
4200311,650,Mountainbike
4300413,500,Herrenfahrrad
4400835,350,Damenfahrrad
9501940,300,Rennrad
9200613,200,Herrenfahrrad
4501148,499,Herrenfahrrad
10300731,334,Damenfahrrad
3400830,650,Herrenfahrrad
11401033,100,Fahrrad
1300733,600,Herrenfahrrad
9200715,599,Damenfahrrad
4200207,2000,Herrenfahrrad
3701555,450,Herrenfahrrad
4200204,400,Herrenfahrrad
2300314,2249,Fahrrad
1100308,0,Herrenfahrrad
1100103,100,Mountainbike
4300416,2500,Fahrrad
5200634,300,Mountainbike
4501152,300,Fahrrad
11100206,0,divers
1400937,640,Damenfahrrad
4501045,240,Fahrrad
4200309,50,Rennrad
4200308,100,Mountainbike
10100102,80,Mountainbike
1400942,50,Rennrad
1100416,819,Fahrrad
5200527,1,Mountainbike
7200307,0,divers
1300834,715,Herrenfahrrad
7300516,260,Damenfahrrad
7300516,900,Herrenfahrrad
2100101,200,Fahrrad
8100104,0,Mountainbike
2500834,300,Herrenfahrrad
3601142,1,Kinderfahrrad
2400624,1238,Herrenfahrrad
7400824,300,Mountainbike
3400723,80,Mountainbike
8100419,50,Damenfahrrad
3400827,329,Damenfahrrad
3400723,200,Damenfahrrad
3200206,2576,Fahrrad
5400943,621,Damenfahrrad
3701555,100,Herrenfahrrad
7200308,0,Herrenfahrrad
7501030,600,divers
11100308,500,divers
9100101,35,Herrenfahrrad
7200308,50,Herrenfahrrad
5400943,500,Mountainbike
2300314,0,Herrenfahrrad
4300412,600,Damenfahrrad
8100206,300,Herrenfahrrad
1300733,1,Damenfahrrad
2100102,1011,Damenfahrrad
7601341,420,Damenfahrrad
8100415,399,Damenfahrrad
6400735,499,Damenfahrrad
3601140,1963,Herrenfahrrad
1100103,2429,Herrenfahrrad
2500727,2100,Herrenfahrrad
6400839,382,Herrenfahrrad
11200410,299,Mountainbike
7200308,112,Herrenfahrrad
2100104,800,Herrenfahrrad
2200208,1500,Herrenfahrrad
3701554,400,Damenfahrrad
3601347,349,Damenfahrrad
9100202,2858,Mountainbike
9501941,545,Mountainbike
6300526,330,Damenfahrrad
9200715,200,Herrenfahrrad
10300732,900,Herrenfahrrad
12100102,220,Herrenfahrrad
2300419,434,Herrenfahrrad
7601238,845,Damenfahrrad
11400929,1889,Herrenfahrrad
7300515,400,Damenfahrrad
5100316,399,Herrenfahrrad
4300622,5505,Fahrrad
11401033,379,divers
4500938,1199,Damenfahrrad
11400929,1050,Herrenfahrrad
4501042,500,Herrenfahrrad
3701556,932,Herrenfahrrad
10300733,2600,Herrenfahrrad
9300922,599,Mountainbike
1200522,1499,Damenfahrrad
8100101,370,Fahrrad
6400840,550,Herrenfahrrad
4300621,493,Fahrrad
7300619,3200,Mountainbike
7300619,549,Herrenfahrrad
7100102,100,Fahrrad
11501341,1571,Mountainbike
1200624,719,Herrenfahrrad
9200819,2017,divers
11100307,500,Mountainbike
11401135,110,Herrenfahrrad
1100415,400,Damenfahrrad
9200715,1699,Herrenfahrrad
11400931,200,Damenfahrrad
12601032,199,Herrenfahrrad
10200418,1000,Mountainbike
4300622,150,Damenfahrrad
9100407,400,divers
1100416,250,Mountainbike
5100209,70,Fahrrad
2100105,200,Herrenfahrrad
2500835,650,Fahrrad
11400929,300,divers
9401431,200,Rennrad
4300623,20,Damenfahrrad
5200526,100,Herrenfahrrad
6300528,555,Damenfahrrad
3400827,745,Fahrrad
8100102,100,Mountainbike
1100102,50,Damenfahrrad
2100104,2000,Herrenfahrrad
1300733,1,Fahrrad
8100313,1,Damenfahrrad
9501939,500,Damenfahrrad
5100208,3000,Damenfahrrad
1200522,500,Damenfahrrad
1100101,300,Mountainbike
6200313,100,Herrenfahrrad
4501040,2250,Damenfahrrad
1100103,200,Mountainbike
10100104,310,Herrenfahrrad
3601451,1200,Mountainbike
11401135,350,Rennrad
2200208,1160,Herrenfahrrad
3400721,1,Kinderfahrrad
2300417,100,Mountainbike
12601134,120,Damenfahrrad
11100205,658,Herrenfahrrad
11401033,25,Mountainbike
3601243,300,Mountainbike
3400725,1,Fahrrad
1100312,333,Damenfahrrad
11200514,100,Damenfahrrad
6100103,547,Damenfahrrad
3500932,929,Herrenfahrrad
9501737,20,divers
8100520,300,Kinderfahrrad
4300624,400,Herrenfahrrad
2300419,0,Herrenfahrrad
8401245,100,divers
1300733,250,Herrenfahrrad
2400624,500,Rennrad
1300731,2,Herrenfahrrad
2400624,400,Fahrrad
5100210,2465,Fahrrad
3400722,300,Damenfahrrad
3400722,300,Fahrrad
3701659,800,Mountainbike
5100101,100,Damenfahrrad
1400937,150,divers
10400940,2500,Herrenfahrrad
2200210,200,Rennrad
2400623,1100,Herrenfahrrad
12200412,1,Herrenfahrrad
6100206,498,Kinderfahrrad
4501148,2200,Mountainbike
2200207,50,Mountainbike
12601032,300,Mountainbike
8100207,1,Herrenfahrrad
2400625,800,Rennrad
4200207,445,Fahrrad
4200311,300,Herrenfahrrad
11100307,1,Damenfahrrad
10400939,2000,Damenfahrrad
1100103,500,Kinderfahrrad
1100309,898,Damenfahrrad
9401534,1000,Herrenfahrrad
4300623,350,Damenfahrrad
1100416,400,Herrenfahrrad
11501238,1374,Fahrrad
10400938,1051,Herrenfahrrad
9501939,530,Damenfahrrad
8100314,490,Damenfahrrad
12400723,180,Damenfahrrad
2100102,100,Herrenfahrrad
4300415,3200,Fahrrad
7300619,1100,Herrenfahrrad
3601245,450,Damenfahrrad
7300618,777,Damenfahrrad
6100209,380,Damenfahrrad
3400721,775,Damenfahrrad
3400827,430,Damenfahrrad
3601142,222,Herrenfahrrad
8100102,3826,Herrenfahrrad
3601453,5388,Herrenfahrrad
2500726,322,Fahrrad
4400726,500,Rennrad
2100105,928,Herrenfahrrad
8100416,1075,Damenfahrrad
1100207,3500,Fahrrad
3601142,480,Herrenfahrrad
7300515,999,Damenfahrrad
4400830,400,Damenfahrrad
1100309,200,Fahrrad
3400826,1077,Herrenfahrrad
7300515,999,Herrenfahrrad
2200211,300,Mountainbike
4300415,350,Herrenfahrrad
3500936,2000,Mountainbike
4200310,600,Fahrrad
11300725,450,Damenfahrrad
4501153,3800,divers
11400929,201,Herrenfahrrad
11300723,75,Fahrrad
4501043,600,Damenfahrrad
3400620,350,Mountainbike
9501940,300,Fahrrad
5100313,300,Damenfahrrad
7200307,200,Herrenfahrrad
7200307,150,Damenfahrrad
4500938,2799,Mountainbike
3701660,5000,Rennrad
5100209,300,Herrenfahrrad
8200832,800,Rennrad
4501149,2000,Fahrrad
9100101,200,Damenfahrrad
8100206,0,Herrenfahrrad
8100206,400,Damenfahrrad
9200715,1400,Herrenfahrrad
2200211,1030,Damenfahrrad
7400720,500,divers
12200515,200,Damenfahrrad
11401135,533,Damenfahrrad
7300516,400,Mountainbike
7601238,250,Mountainbike
9501939,2850,Herrenfahrrad
10200421,800,divers
4501043,900,Rennrad
7200409,559,Herrenfahrrad
7400720,200,Mountainbike
7400720,30,Damenfahrrad
4400835,4000,Fahrrad
7200308,1,Damenfahrrad
2200207,500,Damenfahrrad
1400938,469,Kinderfahrrad
3601142,1500,Mountainbike
10300734,493,Mountainbike
9501838,1244,Damenfahrrad
1401044,250,Mountainbike
8200624,100,divers
10200627,100,Mountainbike
4300621,560,Fahrrad
4501150,900,Fahrrad
3601348,400,Kinderfahrrad
4501041,4450,Herrenfahrrad
1200623,999,Herrenfahrrad
3500933,350,divers
2100104,200,Fahrrad
5200527,120,Herrenfahrrad
2400625,199,Herrenfahrrad
4300622,900,Herrenfahrrad
8100101,349,Kinderfahrrad
9401329,150,Damenfahrrad
3200207,1124,Herrenfahrrad
4300414,969,Damenfahrrad
6100102,430,Damenfahrrad
4300415,1250,Herrenfahrrad
1200520,150,Kinderfahrrad
3500935,3200,Fahrrad
9100101,867,Damenfahrrad
12100204,0,Kinderfahrrad
9502043,700,Herrenfahrrad
4501044,500,Herrenfahrrad
9401329,200,Herrenfahrrad
1200521,420,Herrenfahrrad
7100103,859,Herrenfahrrad
3501038,636,Herrenfahrrad
3601244,999,Damenfahrrad
3500933,420,Damenfahrrad
1100415,1172,Herrenfahrrad
9300921,150,Fahrrad
11400927,1139,Herrenfahrrad
7100101,1894,Damenfahrrad
9200511,860,Herrenfahrrad
1100313,400,Damenfahrrad
2500835,540,Fahrrad
4200311,2988,Damenfahrrad
2500833,750,Damenfahrrad
7400927,1648,Herrenfahrrad
4500937,199,Herrenfahrrad
9401431,1888,Damenfahrrad
9501736,850,Damenfahrrad
8100415,70,Damenfahrrad
7200413,399,Herrenfahrrad
11200411,500,Fahrrad
1100102,250,Herrenfahrrad
11100307,375,Herrenfahrrad
11300721,50,Kinderfahrrad
4300624,2250,Fahrrad
7300619,500,Herrenfahrrad
1200522,150,Fahrrad
4501146,200,Mountainbike
7300517,500,Herrenfahrrad
5200527,165,Mountainbike
8200624,503,Herrenfahrrad
12601235,100,Damenfahrrad
10200417,0,Mountainbike
2300315,2999,Mountainbike
3400722,1200,Herrenfahrrad
2300419,239,Mountainbike
3100103,1,Herrenfahrrad
1401044,300,divers
3100103,0,Herrenfahrrad
6400844,200,Herrenfahrrad
2100106,1,Mountainbike
9300920,300,Damenfahrrad
1200520,1,Herrenfahrrad
7100102,0,Fahrrad
10400939,450,Mountainbike
2300419,130,Fahrrad
4300619,100,Fahrrad
4300619,700,Fahrrad
3601245,400,Mountainbike
3701658,0,Herrenfahrrad
2100103,1242,Herrenfahrrad
3601244,1099,Mountainbike
7400823,100,Herrenfahrrad
4400830,500,divers
4300414,50,Herrenfahrrad
11300826,698,divers
3601347,100,Mountainbike
5100315,180,Fahrrad
3601348,1558,Herrenfahrrad
5300735,231,Herrenfahrrad
4300621,1500,Damenfahrrad
11300620,300,Herrenfahrrad
2100106,450,Damenfahrrad
7400823,4153,divers
3601347,749,Herrenfahrrad
1200519,799,Herrenfahrrad
11400930,150,Damenfahrrad
7601237,651,Damenfahrrad
2100104,1255,Herrenfahrrad
3400723,1,Damenfahrrad
2400624,630,Damenfahrrad
1100309,1700,Herrenfahrrad
12400721,829,Herrenfahrrad
1200624,600,Herrenfahrrad
6100101,400,Damenfahrrad
7100103,1137,Herrenfahrrad
1200624,600,Herrenfahrrad
1100310,190,Herrenfahrrad
6300527,220,Herrenfahrrad
7100204,380,Herrenfahrrad
3601348,500,Mountainbike
3400828,650,Damenfahrrad
11501341,1145,Damenfahrrad
1100312,693,Herrenfahrrad
7400720,70,Damenfahrrad
3601244,1800,Fahrrad
7100204,850,Fahrrad
1100415,2300,Fahrrad
6400842,1000,Herrenfahrrad
7601341,598,Damenfahrrad
7300517,600,Damenfahrrad
3601139,719,Herrenfahrrad
1401048,590,Damenfahrrad
7200307,300,Herrenfahrrad
7501134,500,Damenfahrrad
4300623,150,Damenfahrrad
7501134,100,Herrenfahrrad
4500936,2400,divers
2200213,1000,Damenfahrrad
3200207,1600,Mountainbike
1100103,780,Herrenfahrrad
3400721,700,divers
7100101,3500,Mountainbike
2200211,300,Herrenfahrrad
2100106,200,divers
9501838,799,Herrenfahrrad
2100106,100,Herrenfahrrad
11300620,300,Fahrrad
2300418,50,Fahrrad
4300619,360,Fahrrad
10100208,180,Damenfahrrad
3701554,266,Fahrrad
11401136,1,Fahrrad
5100103,1200,Herrenfahrrad
8300934,404,Mountainbike
8100103,200,Mountainbike
8200623,0,Damenfahrrad
4300623,720,Herrenfahrrad
9100202,60,Damenfahrrad
6400735,1610,Fahrrad
10400835,475,Damenfahrrad
11400929,100,Mountainbike
2300417,1500,Mountainbike
2200213,2500,Fahrrad
1300834,319,Mountainbike
6400842,1000,Damenfahrrad
6100102,300,Damenfahrrad
1200522,80,Herrenfahrrad
12100101,229,Fahrrad
8100415,1,Damenfahrrad
2200210,250,Mountainbike
3601139,0,Herrenfahrrad
2100104,329,Herrenfahrrad
1400939,450,Fahrrad
9401329,150,Fahrrad
2300419,600,Fahrrad
12200413,350,Damenfahrrad
1100310,1,Herrenfahrrad
4300619,300,Fahrrad
3701658,0,Mountainbike
1200625,260,Rennrad
2300417,2000,Herrenfahrrad
1401049,150,Mountainbike
8100207,150,Herrenfahrrad
8100417,832,Mountainbike
12100205,50,Damenfahrrad
10200423,300,Fahrrad
1300733,288,Kinderfahrrad
1100311,100,Damenfahrrad
1100416,450,Damenfahrrad
8100521,500,Fahrrad
9100101,1,Kinderfahrrad
7100103,383,divers
6100101,2069,Rennrad
7200409,400,Herrenfahrrad
9100408,1,Fahrrad
7100102,200,Mountainbike
2200213,1050,Herrenfahrrad
2200210,1277,Fahrrad
8100520,500,Herrenfahrrad
4200205,820,Damenfahrrad
1100207,100,Damenfahrrad
2500728,600,divers
7200410,1903,Herrenfahrrad
5100208,2200,divers
5100314,951,Herrenfahrrad
8100103,100,Fahrrad
8401244,1,Mountainbike
4200309,500,Herrenfahrrad
2300418,498,Mountainbike
6400735,500,Herrenfahrrad
2100101,1195,Fahrrad
4300413,500,Damenfahrrad
8100102,150,Herrenfahrrad
12200413,1,Kinderfahrrad
4300413,600,Mountainbike
4300517,200,Mountainbike
2100105,966,Damenfahrrad
8100101,1000,Fahrrad
11401137,160,Damenfahrrad
7400720,800,Herrenfahrrad
4200309,700,Herrenfahrrad
4501043,509,Herrenfahrrad
3701659,189,Herrenfahrrad
6300526,2159,Fahrrad
1200519,350,Damenfahrrad
2400521,1099,Mountainbike
8100310,500,Damenfahrrad
2500832,645,Fahrrad
9200717,1299,Rennrad
6100101,350,Damenfahrrad
1300834,1079,Damenfahrrad
2300419,850,Herrenfahrrad
7100205,200,Damenfahrrad
7400720,542,Herrenfahrrad
1300834,1900,Herrenfahrrad
9501737,300,Herrenfahrrad
3701554,1650,Damenfahrrad
4200309,704,divers
4300416,800,Herrenfahrrad
9200715,700,Herrenfahrrad
11300722,630,divers
6400736,4000,divers
11300722,819,Herrenfahrrad
5200527,999,Herrenfahrrad
3400828,105,Fahrrad
9301227,1619,Herrenfahrrad
3701555,784,Herrenfahrrad
4500938,645,Damenfahrrad
7601339,400,Kinderfahrrad
3701556,400,Herrenfahrrad
4200309,479,Mountainbike
9401433,3200,Mountainbike
3300514,681,Damenfahrrad
1100416,895,Damenfahrrad
7200409,550,Damenfahrrad
3400827,799,Mountainbike
3701658,600,Herrenfahrrad
11501238,290,Herrenfahrrad
1300836,300,Herrenfahrrad
9200614,5000,Fahrrad
7300619,1000,Fahrrad
1300732,130,Mountainbike
1100309,320,Fahrrad
4501152,518,Herrenfahrrad
5200629,900,Fahrrad
8100312,1000,Fahrrad
9200613,300,Herrenfahrrad
9200717,2000,Herrenfahrrad
8100415,50,Damenfahrrad
12601133,200,Fahrrad
2300418,100,Mountainbike
8100206,1,Herrenfahrrad
5200420,350,Mountainbike
7400823,500,Herrenfahrrad
4300624,500,Mountainbike
6300633,283,Mountainbike
5100208,300,divers
6200313,67,Kinderfahrrad
4500937,1,Damenfahrrad
8100311,20,Herrenfahrrad
8200726,100,Fahrrad
7501029,1,Herrenfahrrad
2100102,50,Herrenfahrrad
4300621,277,Damenfahrrad
2100103,600,Fahrrad
5100314,499,Mountainbike
10100210,500,Mountainbike
3601348,0,Damenfahrrad
2300316,279,Herrenfahrrad
3500933,2000,Mountainbike
8100209,200,Mountainbike
2300315,1600,Damenfahrrad
8100209,80,Herrenfahrrad
1300834,500,Fahrrad
9200613,499,Damenfahrrad
3601245,1450,Damenfahrrad
7100102,625,Herrenfahrrad
1401043,225,Damenfahrrad
9501838,300,Herrenfahrrad
12601134,582,Damenfahrrad
9100101,399,Herrenfahrrad
2300316,1099,Herrenfahrrad
9501736,350,Damenfahrrad
8100314,100,Herrenfahrrad
2500834,461,Herrenfahrrad
4300517,1000,Herrenfahrrad
2300316,1500,Herrenfahrrad
7400927,1770,Damenfahrrad
1100104,400,Herrenfahrrad
6400737,663,Damenfahrrad
2300418,650,Damenfahrrad
9100203,2339,Fahrrad
3701657,500,Damenfahrrad
12200309,299,Herrenfahrrad
12601134,340,divers
1100206,2699,Herrenfahrrad
4300414,500,Rennrad
4501041,500,Damenfahrrad
4300416,300,Herrenfahrrad
11100308,1400,divers
4300414,165,Herrenfahrrad
7100101,1668,Damenfahrrad
12400720,900,Mountainbike
1200522,1335,Damenfahrrad
1200522,999,Damenfahrrad
10300733,449,Mountainbike
4300414,1,divers
4300619,739,Damenfahrrad
4501148,498,Damenfahrrad
4300624,920,Damenfahrrad
7100101,640,Herrenfahrrad
12400722,799,Fahrrad
7100101,340,Herrenfahrrad
3400723,255,Damenfahrrad
4501045,1763,Herrenfahrrad
1300730,600,divers
8200727,229,Herrenfahrrad
8100417,3200,Herrenfahrrad
4300623,971,Damenfahrrad
9100408,550,Herrenfahrrad
1300836,1,Fahrrad
2200212,499,Herrenfahrrad
8200623,400,Fahrrad
5200423,100,Damenfahrrad
9301024,1,Fahrrad
7300517,1520,Rennrad
7300516,970,Herrenfahrrad
12400616,330,Damenfahrrad
5100210,3900,Herrenfahrrad
5200527,100,Herrenfahrrad
12100101,250,Fahrrad
11100307,2239,Herrenfahrrad
12400618,1,Damenfahrrad
3601142,260,Herrenfahrrad
1400940,0,divers
9100304,1,Herrenfahrrad
3601140,0,Herrenfahrrad
7100206,600,divers
11501339,100,Herrenfahrrad
11200512,800,Mountainbike
4300415,30,Mountainbike
11200512,300,Herrenfahrrad
2400522,400,Herrenfahrrad
1100206,379,Herrenfahrrad
9100101,1,Damenfahrrad
9100101,50,Rennrad
2200213,1,Fahrrad
3500936,1000,Herrenfahrrad
2300418,1300,Herrenfahrrad
3601140,64,Fahrrad
4300623,4000,Herrenfahrrad
1200628,200,Herrenfahrrad
11200410,569,Mountainbike
2500728,550,Herrenfahrrad
2500835,621,Herrenfahrrad
8100311,200,Herrenfahrrad
4501151,1050,Herrenfahrrad
8100310,499,Fahrrad
5300839,800,Herrenfahrrad
3601453,150,Fahrrad
1200518,305,Herrenfahrrad
1401043,500,Herrenfahrrad
11400931,289,Herrenfahrrad
1300836,620,Damenfahrrad
5100316,432,Damenfahrrad
2500831,550,Herrenfahrrad
6400737,750,Kinderfahrrad
2300417,130,Fahrrad
1300730,522,Fahrrad
7400927,900,Damenfahrrad
8100102,600,Damenfahrrad
8200624,620,Herrenfahrrad
2200207,690,Damenfahrrad
2300417,2800,Damenfahrrad
8100101,250,Damenfahrrad
9300923,599,Herrenfahrrad
7400720,684,Herrenfahrrad
12400722,1518,Herrenfahrrad
10300734,168,Damenfahrrad
2200213,600,Fahrrad
2300417,2500,Herrenfahrrad
9401534,399,Mountainbike
1100101,663,Damenfahrrad
7300618,4000,Herrenfahrrad
4400727,800,Damenfahrrad
3601243,731,Damenfahrrad
1100310,800,Fahrrad
8100415,1101,Herrenfahrrad
2500834,311,Herrenfahrrad
1300732,50,Herrenfahrrad
12400722,2850,Damenfahrrad
6400737,999,Herrenfahrrad
1100103,100,Fahrrad
3601142,440,Mountainbike
9200717,530,Herrenfahrrad
2100106,100,Fahrrad
5100105,150,Damenfahrrad
8100417,500,Mountainbike
2400625,800,divers
11200515,2018,divers
12200309,1200,divers
7601236,100,Kinderfahrrad
7100204,1000,Mountainbike
4501148,2500,divers
5200630,75,Herrenfahrrad
1100309,1000,Rennrad
8100209,400,Mountainbike
1100416,250,Damenfahrrad
8100418,250,Damenfahrrad
2300418,50,Damenfahrrad
2300418,350,Herrenfahrrad
1300836,650,Mountainbike
7601545,50,Damenfahrrad
8200726,100,Herrenfahrrad
9200819,390,Mountainbike
3400826,439,Mountainbike
8100208,199,Damenfahrrad
1100312,300,Herrenfahrrad
8100314,2100,Herrenfahrrad
8100208,0,Damenfahrrad
1100101,300,Herrenfahrrad
1100312,600,Damenfahrrad
11300616,250,Herrenfahrrad
9501838,179,Damenfahrrad
2100101,700,Mountainbike
2400624,200,Kinderfahrrad
2100104,100,Damenfahrrad
4300624,300,Herrenfahrrad
7400721,701,divers
5100315,500,Herrenfahrrad
2500835,1,Rennrad
6400736,3500,Herrenfahrrad
4200310,2800,Herrenfahrrad
6300527,689,Herrenfahrrad
9301126,848,Herrenfahrrad
11300617,645,Damenfahrrad
6400737,400,Kinderfahrrad
1100206,630,Herrenfahrrad
1100313,828,Herrenfahrrad
3400724,599,Damenfahrrad
9100101,190,Damenfahrrad
12400720,268,Herrenfahrrad
7200412,250,Mountainbike
7400824,400,Damenfahrrad
9401534,298,Fahrrad
2400624,425,Damenfahrrad
1100309,787,Herrenfahrrad
3400723,200,Herrenfahrrad
8100314,2080,Herrenfahrrad
4500938,360,Damenfahrrad
8100313,500,Kinderfahrrad
11300725,200,Mountainbike
2200213,599,Herrenfahrrad
7100103,295,Herrenfahrrad
4501042,600,Damenfahrrad
11100206,638,Herrenfahrrad
1300733,550,Fahrrad
4300518,779,Herrenfahrrad
9301228,563,Kinderfahrrad
9301024,920,Damenfahrrad
2500728,550,Damenfahrrad
3500933,624,Herrenfahrrad
10400940,359,Damenfahrrad
1200518,757,Herrenfahrrad
6100102,390,Damenfahrrad
2300418,700,Herrenfahrrad
9200818,738,Damenfahrrad
8200726,1033,Herrenfahrrad
2500728,1800,Damenfahrrad
3601245,1180,Fahrrad
7501032,2500,Damenfahrrad
12200310,614,Herrenfahrrad
2400522,0,Damenfahrrad
2400625,4282,Herrenfahrrad
4300619,800,Herrenfahrrad
5400945,600,Mountainbike
11401137,100,Herrenfahrrad
9200715,460,Fahrrad
11300725,452,Mountainbike
5100210,400,Herrenfahrrad
2200210,300,Fahrrad
1200522,1,Damenfahrrad
8100312,50,divers
7300619,100,Fahrrad
7300619,100,Herrenfahrrad
7300619,100,Damenfahrrad
1100312,348,Damenfahrrad
2500728,1,Mountainbike
1401046,300,Fahrrad
8100312,1,Fahrrad
1100313,220,Mountainbike
9501939,733,Mountainbike
4300623,1,Damenfahrrad
11400927,644,Fahrrad
3400721,721,Herrenfahrrad
1300733,200,Fahrrad
2200212,0,Mountainbike
2300419,3000,Fahrrad
4501041,1,Herrenfahrrad
8100417,100,Herrenfahrrad
11401033,1,Fahrrad
3500935,498,Herrenfahrrad
10300731,0,Damenfahrrad
1300733,800,Herrenfahrrad
4500938,200,Herrenfahrrad
8100209,1,Herrenfahrrad
5100209,400,Herrenfahrrad
4501042,1000,Rennrad
5100313,150,Fahrrad
3601139,0,Fahrrad
8200726,200,Mountainbike
3601139,150,Fahrrad
8100419,300,Herrenfahrrad
11100308,1999,Fahrrad
5200631,100,Mountainbike
6100103,1,Herrenfahrrad
9301126,100,Kinderfahrrad
4300412,1,Fahrrad
9100101,120,Herrenfahrrad
3200310,1900,Mountainbike
9502042,100,Mountainbike
2300315,400,Fahrrad
12200308,450,Fahrrad
9501940,300,Kinderfahrrad
2300419,0,Damenfahrrad
2300419,1,Herrenfahrrad
8100417,150,Mountainbike
9300923,569,Fahrrad
7100102,1,Mountainbike
2500835,165,Mountainbike
5100316,200,Herrenfahrrad
4501043,380,Herrenfahrrad
8100209,60,Herrenfahrrad
7100206,950,Herrenfahrrad
3601142,1,Mountainbike
6300526,150,Fahrrad
9301126,1500,divers
4300416,2299,Mountainbike
2400624,20,Damenfahrrad
4300620,372,Damenfahrrad
4501041,2275,Herrenfahrrad
7100102,100,Herrenfahrrad
3400827,500,Herrenfahrrad
8401241,150,Kinderfahrrad
7100103,300,Fahrrad
5100316,299,Damenfahrrad
8100103,100,Fahrrad
10200629,415,Herrenfahrrad
3701660,167,Kinderfahrrad
7300517,478,Mountainbike
12100101,210,Damenfahrrad
2400624,20,Damenfahrrad
3300413,260,Herrenfahrrad
1100206,1059,Herrenfahrrad
6100210,873,Damenfahrrad
1100206,1100,Herrenfahrrad
2300418,1034,Damenfahrrad
2200208,170,Herrenfahrrad
10300732,880,Damenfahrrad
8100312,351,Herrenfahrrad
9100101,800,Damenfahrrad
9100101,200,Damenfahrrad
11100206,329,Damenfahrrad
11300722,543,Herrenfahrrad
1200520,1450,Herrenfahrrad
3400827,733,Herrenfahrrad
6100205,1300,Herrenfahrrad
5300841,556,Damenfahrrad
4501042,800,Herrenfahrrad
3400827,399,Herrenfahrrad
3601450,1100,Herrenfahrrad
8100206,1100,Herrenfahrrad
1401046,3866,Fahrrad
12500926,1889,Damenfahrrad
3100101,250,Damenfahrrad
2200213,615,Herrenfahrrad
3300514,838,Damenfahrrad
1400938,647,Herrenfahrrad
1300834,600,Damenfahrrad
10100209,300,Kinderfahrrad
4200207,900,Mountainbike
4300620,1200,Mountainbike
11200513,6500,Rennrad
4501042,599,Fahrrad
11200514,662,Herrenfahrrad
5200632,4922,Herrenfahrrad
2100102,1799,Herrenfahrrad
12200310,1000,Damenfahrrad
2100106,1110,Fahrrad
1100104,120,Damenfahrrad
4500937,2883,Herrenfahrrad
4400830,700,Mountainbike
2400625,300,Mountainbike
1100415,438,Damenfahrrad
10200421,300,Damenfahrrad
9100101,35,Damenfahrrad
9100101,500,Damenfahrrad
5100314,500,Fahrrad
1100416,450,Damenfahrrad
11200515,600,Herrenfahrrad
6200313,1100,Fahrrad
2300314,500,Fahrrad
3500936,900,Herrenfahrrad
1100101,600,divers
8100209,315,Rennrad
1100207,2500,Herrenfahrrad
9200614,1,Mountainbike
7100102,100,Fahrrad
7100102,0,Fahrrad
1200518,268,Herrenfahrrad
1100312,1,Fahrrad
6100206,99,Fahrrad
2300419,500,Damenfahrrad
2100105,56,Damenfahrrad
4501045,1900,Damenfahrrad
5200629,3116,Mountainbike
2200213,250,Damenfahrrad
7300515,100,Herrenfahrrad
2500834,300,Herrenfahrrad
7100103,300,Mountainbike
4300416,1069,Damenfahrrad
1100416,400,Herrenfahrrad
4501040,1,Fahrrad
7100102,300,divers
11300721,1,Mountainbike
3601244,575,Herrenfahrrad
3601244,0,Fahrrad
5100315,200,Mountainbike
1100102,650,Damenfahrrad
8100416,300,Herrenfahrrad
8200727,0,Damenfahrrad
6400840,1999,Herrenfahrrad
6400838,398,Damenfahrrad
7100204,999,Herrenfahrrad
8200832,500,Herrenfahrrad
1100311,478,Mountainbike
3601140,995,Damenfahrrad
3100101,480,Herrenfahrrad
10100207,845,Mountainbike
8200727,670,Damenfahrrad
1401047,948,Damenfahrrad
3400826,615,Herrenfahrrad
1401048,500,Rennrad
11300725,950,Damenfahrrad
7300517,500,Damenfahrrad
1100415,379,Damenfahrrad
4300414,2800,divers
4501042,1130,Fahrrad
1100416,595,Fahrrad
2200209,900,Herrenfahrrad
3200207,506,Damenfahrrad
2400520,616,Damenfahrrad
4200309,800,Herrenfahrrad
3200205,551,Damenfahrrad
9100409,500,Herrenfahrrad
8100314,823,Damenfahrrad
12200307,322,Herrenfahrrad
9200715,759,Fahrrad
3601243,856,Damenfahrrad
6300526,635,Damenfahrrad
8100312,360,Damenfahrrad
2400624,150,Mountainbike
8100312,20,Herrenfahrrad
6100208,999,Herrenfahrrad
1100310,2186,Herrenfahrrad
11200512,586,Mountainbike
1100311,503,Damenfahrrad
2300315,300,Damenfahrrad
1100313,1549,Fahrrad
2200209,100,Herrenfahrrad
3601348,950,Herrenfahrrad
1200624,50,Herrenfahrrad
1300731,0,Damenfahrrad
9301024,300,Mountainbike
5100210,704,divers
9100101,799,Herrenfahrrad
7100103,2,Fahrrad
3701555,3500,Mountainbike
1100104,50,Damenfahrrad
2200212,100,Mountainbike
9300920,300,Mountainbike
10100311,200,Damenfahrrad
5100210,100,Fahrrad
1100416,2128,Herrenfahrrad
8401140,1600,Mountainbike
1100104,500,Rennrad
3601451,900,Herrenfahrrad
1100415,1949,Rennrad
2300315,100,Mountainbike
3400725,3000,Fahrrad
3500936,400,Damenfahrrad
6400735,100,Fahrrad
6300527,491,Damenfahrrad
9301024,200,Mountainbike
2200210,1299,Herrenfahrrad
11100308,316,Damenfahrrad
1401047,0,Mountainbike
12500927,1000,Mountainbike
12500927,1000,Mountainbike
3100103,100,Herrenfahrrad
8100310,260,Herrenfahrrad
1401047,1,Herrenfahrrad
4501151,250,Damenfahrrad
7100206,464,Herrenfahrrad
4501042,300,Mountainbike
4100102,1,Fahrrad
10300734,1068,Damenfahrrad
1100308,2500,Fahrrad
3100103,630,Herrenfahrrad
1200521,300,Mountainbike
4501043,1,Herrenfahrrad
1300836,1011,Herrenfahrrad
1100310,924,Damenfahrrad
1100103,100,Fahrrad
12601134,1399,Herrenfahrrad
7100205,1639,Herrenfahrrad
2400623,689,Herrenfahrrad
2200213,345,Damenfahrrad
8100208,500,Damenfahrrad
7100101,1000,Herrenfahrrad
9200613,465,Damenfahrrad
9200613,420,Herrenfahrrad
1100206,740,Herrenfahrrad
3300514,100,Herrenfahrrad
1200519,199,Fahrrad
2300314,908,Herrenfahrrad
4500939,1643,Herrenfahrrad
1100309,1259,Herrenfahrrad
3701554,624,Damenfahrrad
3400725,1334,Herrenfahrrad
4501150,650,Damenfahrrad
8100314,199,Damenfahrrad
2400623,250,Damenfahrrad
2500834,2698,Damenfahrrad
1100104,1300,Fahrrad
12200515,2600,Herrenfahrrad
4400727,1399,Damenfahrrad
1100207,800,Herrenfahrrad
2500832,848,Damenfahrrad
3701554,1094,Damenfahrrad
2200208,339,Kinderfahrrad
11501341,900,Herrenfahrrad
4200310,989,Damenfahrrad
11300616,320,Fahrrad
12200310,1648,Herrenfahrrad
1100310,790,Herrenfahrrad
12601134,400,Mountainbike
4300619,567,Herrenfahrrad
7400826,260,Fahrrad
3100103,3500,Fahrrad
9100101,848,Herrenfahrrad
11300620,200,Mountainbike
9200716,1,Rennrad
7400720,899,Herrenfahrrad
2300315,1,Fahrrad
2300419,200,Herrenfahrrad
1100207,1,Damenfahrrad
7400927,200,Herrenfahrrad
11100203,302,Herrenfahrrad
1200519,600,Mountainbike
1100310,150,Herrenfahrrad
1200628,50,Damenfahrrad
8200622,1,Damenfahrrad
3601244,700,divers
11401034,131,Herrenfahrrad
9100101,299,Mountainbike
6300634,408,divers
1200628,1,Fahrrad
2200211,292,Fahrrad
6300527,650,Fahrrad
1100416,400,Herrenfahrrad
2300419,400,Fahrrad
3400725,810,Herrenfahrrad
2500834,500,Mountainbike
11200513,750,divers
10400836,100,Damenfahrrad
12601032,400,Herrenfahrrad
7100206,1,Herrenfahrrad
2200210,300,Damenfahrrad
12200309,1,Mountainbike
5200528,300,Damenfahrrad
4200309,400,Mountainbike
7300517,250,Herrenfahrrad
4100101,744,Herrenfahrrad
4100101,190,Herrenfahrrad
2100104,120,Fahrrad
11501341,0,Mountainbike
8100314,435,Kinderfahrrad
12200412,350,Herrenfahrrad
2100101,500,Mountainbike
1100205,1500,Rennrad
9100101,856,Herrenfahrrad
9200510,187,Herrenfahrrad
7200308,100,Fahrrad
8100310,25,Herrenfahrrad
2500729,500,Herrenfahrrad
4400830,1000,Herrenfahrrad
10400939,699,Herrenfahrrad
1200518,1614,Herrenfahrrad
3400725,434,Damenfahrrad
4300623,429,Herrenfahrrad
1200626,598,Herrenfahrrad
11200514,320,Damenfahrrad
4400830,1699,Herrenfahrrad
3200207,650,Damenfahrrad
6100102,300,Damenfahrrad
11501341,989,Herrenfahrrad
7300515,300,Damenfahrrad
4501045,1500,Herrenfahrrad
8401246,95,Herrenfahrrad
6100102,1750,Fahrrad
2400520,530,Kinderfahrrad
9100101,1220,Herrenfahrrad
4300623,343,Herrenfahrrad
3601451,600,Herrenfahrrad
3300514,349,Herrenfahrrad
9100409,399,Damenfahrrad
2300315,499,Damenfahrrad
1200520,349,Damenfahrrad
7100205,789,Herrenfahrrad
9200819,540,Fahrrad
1100103,1700,Herrenfahrrad
2100105,649,Fahrrad
1300835,1700,Damenfahrrad
10300733,450,Herrenfahrrad
8100311,550,Damenfahrrad
11300722,570,Mountainbike
8100417,300,Herrenfahrrad
4501149,400,Fahrrad
3300413,8000,divers
3601346,1,Fahrrad
4300624,0,Mountainbike
12100101,900,Mountainbike
8200727,0,Fahrrad
2300419,445,Herrenfahrrad
5200629,475,Damenfahrrad
12200308,1,Fahrrad
2300418,400,Fahrrad
1100103,1500,Herrenfahrrad
11501341,599,Damenfahrrad
8401245,305,Damenfahrrad
1100416,200,Mountainbike
1401045,330,Herrenfahrrad
1100103,1000,Mountainbike
2500729,3000,Rennrad
3601450,500,Fahrrad
7100102,800,Fahrrad
1100309,150,Herrenfahrrad
9301126,300,Fahrrad
9200716,100,Herrenfahrrad
12200412,1,Herrenfahrrad
8100209,500,Herrenfahrrad
3601450,100,Mountainbike
4300621,500,Herrenfahrrad
3601140,200,Damenfahrrad
8100521,1,Damenfahrrad
3601245,300,divers
2100102,0,Herrenfahrrad
2100102,799,Mountainbike
2300419,100,Mountainbike
5100312,600,Herrenfahrrad
9501939,600,Damenfahrrad
11100205,300,Kinderfahrrad
2200210,50,Herrenfahrrad
2200211,1,Fahrrad
10200420,150,Kinderfahrrad
2500833,150,Fahrrad
9100101,1598,Herrenfahrrad
5100105,200,Kinderfahrrad
4300619,0,Damenfahrrad
5100210,369,Mountainbike
12500930,300,Herrenfahrrad
1200522,200,Kinderfahrrad
6100101,448,Damenfahrrad
7100101,100,Fahrrad
3701659,5498,Herrenfahrrad
9501737,700,Rennrad
1401048,500,Mountainbike
7100206,529,Kinderfahrrad
8100209,500,Herrenfahrrad
6400842,350,Herrenfahrrad
4300623,150,Rennrad
2300418,1390,Herrenfahrrad
7300517,460,Kinderfahrrad
3501037,250,Damenfahrrad
1100103,1350,Fahrrad
4400834,1706,Herrenfahrrad
2200209,400,Fahrrad
6400841,400,Damenfahrrad
2200212,500,Herrenfahrrad
2500834,200,Fahrrad
1100313,600,Rennrad
10200629,869,Mountainbike
11401034,399,Herrenfahrrad
1300730,100,Mountainbike
2300417,500,Fahrrad
9100101,0,Herrenfahrrad
4501045,2400,Mountainbike
7100204,400,divers
7100103,285,Herrenfahrrad
1401049,200,Rennrad
9501838,810,Herrenfahrrad
1401044,150,Fahrrad
7100102,1,Herrenfahrrad
12601134,100,Herrenfahrrad
8100104,100,Fahrrad
2200207,1433,Fahrrad
3500936,1348,Damenfahrrad
12200309,300,Mountainbike
4300619,2469,Fahrrad
3601142,2300,Herrenfahrrad
10200628,180,Fahrrad
8100310,400,Damenfahrrad
12601134,180,Damenfahrrad
5200631,400,Herrenfahrrad
9100101,1399,Herrenfahrrad
1200627,200,Herrenfahrrad
3701556,5104,Herrenfahrrad
4501149,549,Herrenfahrrad
3400723,1399,Damenfahrrad
3701555,2079,Herrenfahrrad
1200628,699,Fahrrad
3500935,608,Herrenfahrrad
12200309,754,Herrenfahrrad
9100101,699,Herrenfahrrad
4501042,600,Damenfahrrad
9100101,750,Fahrrad
8100314,800,Damenfahrrad
3601347,700,Herrenfahrrad
2400623,400,Herrenfahrrad
8100206,0,Herrenfahrrad
8100208,965,Damenfahrrad
4501150,599,Herrenfahrrad
4500936,1078,Herrenfahrrad
4300413,702,Damenfahrrad
11100204,369,Herrenfahrrad
3200310,450,Damenfahrrad
8100417,399,Herrenfahrrad
11401034,500,Herrenfahrrad
3500935,420,Fahrrad
1100310,245,Damenfahrrad
12500825,990,Damenfahrrad
7100102,350,Damenfahrrad
3500934,400,Damenfahrrad
2400624,1662,Herrenfahrrad
4200309,400,Damenfahrrad
3701660,578,Damenfahrrad
5200423,450,divers
2200209,600,Herrenfahrrad
12200309,300,Mountainbike
2100104,100,Mountainbike
3200205,1,Herrenfahrrad
3500933,1400,Herrenfahrrad
7100102,1,Herrenfahrrad
11200513,1598,divers
7100102,1,Herrenfahrrad
4200309,250,Damenfahrrad
4300624,400,Fahrrad
4300623,1,Herrenfahrrad
7200308,1050,Mountainbike
4500936,700,Mountainbike
11300721,600,Herrenfahrrad
12200515,1200,Fahrrad
1100309,140,Damenfahrrad
4501042,1,Rennrad
11100205,2200,Herrenfahrrad
2100103,311,Mountainbike
6300633,70,Herrenfahrrad
8100314,200,Damenfahrrad
2300417,550,Fahrrad
8100207,260,Damenfahrrad
1100313,270,Fahrrad
4501041,400,divers
9501838,265,Fahrrad
8100418,160,Kinderfahrrad
1100310,889,Damenfahrrad
2500726,350,Damenfahrrad
1200625,400,Damenfahrrad
4300415,90,Damenfahrrad
7601237,800,divers
1200625,579,Herrenfahrrad
10400835,412,Herrenfahrrad
1300834,260,Rennrad
11501339,333,Damenfahrrad
11300616,550,Mountainbike
1100313,400,Fahrrad
3601245,200,Damenfahrrad
4300517,999,Damenfahrrad
1401047,1,Fahrrad
4501151,900,Herrenfahrrad
3701554,299,Damenfahrrad
11501341,1446,Herrenfahrrad
3400723,599,Fahrrad
3100102,390,Herrenfahrrad
10100206,215,Fahrrad
4501042,850,Herrenfahrrad
7501031,579,Damenfahrrad
5200630,549,Herrenfahrrad
8200832,399,Herrenfahrrad
8200833,400,Herrenfahrrad
3701555,799,Damenfahrrad
2300316,2500,Fahrrad
12500825,350,Herrenfahrrad
3601243,599,Herrenfahrrad
6400844,1000,Damenfahrrad
2500834,300,Herrenfahrrad
1200519,600,Herrenfahrrad
9301126,1150,Damenfahrrad
3601450,3430,Fahrrad
3601346,330,Herrenfahrrad
6400838,602,Herrenfahrrad
7300618,480,Herrenfahrrad
7400824,1000,Fahrrad
4300412,671,Damenfahrrad
1100312,600,Damenfahrrad
3601243,1860,Mountainbike
3601243,600,Herrenfahrrad
9100203,600,divers
1400942,599,Damenfahrrad
10300734,3003,Damenfahrrad
4300623,610,Damenfahrrad
2300419,490,Damenfahrrad
2300417,488,Herrenfahrrad
1401046,250,Damenfahrrad
7300619,700,Herrenfahrrad
4200308,1200,Herrenfahrrad
1100414,1633,Herrenfahrrad
2500834,460,Damenfahrrad
3100103,700,Herrenfahrrad
2200213,2373,Herrenfahrrad
2200209,300,Fahrrad
2200210,250,Fahrrad
1300730,400,Damenfahrrad
8100101,150,Fahrrad
2500834,400,Rennrad
2500729,2100,Damenfahrrad
3200206,250,Damenfahrrad
3601449,1,Fahrrad
6100102,719,Herrenfahrrad
3500935,500,Mountainbike
10200423,150,Herrenfahrrad
11100102,1000,divers
3400722,800,Herrenfahrrad
2200213,0,Herrenfahrrad
4300621,350,Fahrrad
11300721,4025,Fahrrad
4501045,360,Damenfahrrad
7601238,1000,Fahrrad
4300416,1700,divers
1100310,370,Fahrrad
3701556,500,Herrenfahrrad
2400520,740,Herrenfahrrad
11400928,250,Herrenfahrrad
4300622,200,Mountainbike
3100102,1000,Damenfahrrad
11400930,300,divers
12200515,2000,Herrenfahrrad
2200208,250,Herrenfahrrad
5100208,4000,divers
3601348,200,Herrenfahrrad
2300316,1316,Herrenfahrrad
1100416,10,Fahrrad
9501736,250,Damenfahrrad
1200518,50,Herrenfahrrad
5100208,40,Mountainbike
11400927,760,Rennrad
3100103,25,Damenfahrrad
2200211,1,Kinderfahrrad
3100103,250,Kinderfahrrad
10200418,1399,Herrenfahrrad
3601140,760,Herrenfahrrad
3701556,520,Fahrrad
1300732,300,Fahrrad
2200210,1309,Herrenfahrrad
1200629,854,Herrenfahrrad
4501151,1235,Herrenfahrrad
1300731,859,Damenfahrrad
2400625,435,Herrenfahrrad
2500834,994,Herrenfahrrad
9502042,476,Herrenfahrrad
9200715,300,Damenfahrrad
9200715,1800,Damenfahrrad
3601245,630,Damenfahrrad
3400826,40,Kinderfahrrad
3300412,400,Herrenfahrrad
1401047,500,Fahrrad
7300618,599,Kinderfahrrad
4300624,3400,Damenfahrrad
4300619,809,Herrenfahrrad
1100207,810,Herrenfahrrad
3601346,900,Herrenfahrrad
4400834,4350,Damenfahrrad
3601244,659,Herrenfahrrad
7300618,1049,Herrenfahrrad
7400927,1000,Damenfahrrad
1200517,764,Herrenfahrrad
2500834,1008,Herrenfahrrad
1400938,450,Damenfahrrad
3400827,300,Damenfahrrad
1200623,3200,Damenfahrrad
12400721,650,Herrenfahrrad
3601347,1243,Herrenfahrrad
1300733,1500,Herrenfahrrad
1401044,1646,Herrenfahrrad
5300737,192,Damenfahrrad
2300419,1630,Herrenfahrrad
4300621,700,Herrenfahrrad
4300621,559,Damenfahrrad
3601245,570,Fahrrad
1400939,200,Herrenfahrrad
1200623,450,Damenfahrrad
1100312,1900,Herrenfahrrad
9100101,1,Herrenfahrrad
5200527,300,Mountainbike
9200819,2500,Herrenfahrrad
3300411,100,Damenfahrrad
10200524,329,Fahrrad
9200715,599,Herrenfahrrad
5200630,100,Herrenfahrrad
12200412,300,Rennrad
4400832,399,Fahrrad
7100103,0,Damenfahrrad
10200423,50,Damenfahrrad
4300412,1,Fahrrad
10300734,424,Herrenfahrrad
2300418,0,divers
2100101,1000,Rennrad
9200510,450,Rennrad
3601244,0,Herrenfahrrad
6100101,700,Fahrrad
12500928,0,divers
7501133,560,Rennrad
1200625,800,Herrenfahrrad
3701556,500,Herrenfahrrad
1200623,150,Fahrrad
5200634,150,Damenfahrrad
1100103,500,Herrenfahrrad
8100105,1000,Rennrad
11501339,700,divers
3300411,100,Herrenfahrrad
2500832,500,Fahrrad
3601140,5400,Fahrrad
11200513,250,Mountainbike
1401048,1,Fahrrad
2100102,300,Mountainbike
10300732,289,Damenfahrrad
1200522,200,Herrenfahrrad
8200624,499,Mountainbike
12400723,426,Herrenfahrrad
3300412,0,Damenfahrrad
8100104,650,divers
7400825,2800,divers
2400521,600,Fahrrad
11100203,100,Kinderfahrrad
2100106,662,Herrenfahrrad
7300517,3000,Herrenfahrrad
6100208,1,divers
8100314,1500,Mountainbike
5200629,50,Fahrrad
3500934,280,Rennrad
3701556,1459,Fahrrad
3601347,900,Mountainbike
5200629,50,Fahrrad
3500936,1,Herrenfahrrad
2200210,300,Damenfahrrad
3100102,1000,Fahrrad
10300733,500,Damenfahrrad
9200715,4800,Fahrrad
3701556,999,Herrenfahrrad
1200519,2000,Mountainbike
2400625,500,Fahrrad
4300622,200,Herrenfahrrad
5100316,599,Herrenfahrrad
3400723,1,Mountainbike
3400723,1,Kinderfahrrad
12200310,360,Fahrrad
12601134,400,Damenfahrrad
4501153,1500,Mountainbike
9100101,200,Fahrrad
5200527,200,Herrenfahrrad
3200206,420,Damenfahrrad
5100105,300,Kinderfahrrad
10400941,899,divers
8300934,300,Fahrrad
1401046,1000,Fahrrad
9501737,200,Mountainbike
5200421,564,Herrenfahrrad
2400521,230,Damenfahrrad
1100102,1800,Herrenfahrrad
2500830,300,Damenfahrrad
12400722,471,Kinderfahrrad
1100206,2331,Herrenfahrrad
10100101,2000,Herrenfahrrad
5100316,800,Herrenfahrrad
7100204,300,Damenfahrrad
3300514,1038,Herrenfahrrad
7400927,516,Fahrrad
6400735,230,Herrenfahrrad
9200715,778,Mountainbike
1100103,200,Fahrrad
3200310,600,Herrenfahrrad
5200423,1000,Fahrrad
1100206,597,Fahrrad
12500926,1999,Damenfahrrad
4300416,829,Herrenfahrrad
1300732,5800,Fahrrad
2500830,400,Damenfahrrad
4300416,2150,Herrenfahrrad
4501045,1199,Herrenfahrrad
2300418,300,Damenfahrrad
3100102,4109,Damenfahrrad
1100101,3500,divers
6400839,752,Damenfahrrad
4300415,1200,Herrenfahrrad
7100101,1000,Herrenfahrrad
11400927,759,Herrenfahrrad
2300315,1499,Herrenfahrrad
3500934,350,Damenfahrrad
1401047,434,Fahrrad
2200213,535,Herrenfahrrad
5100208,569,Damenfahrrad
3400722,1119,Herrenfahrrad
3100101,500,Mountainbike
1401046,600,Damenfahrrad
3300514,200,Damenfahrrad
8200730,350,Damenfahrrad
2400623,990,Herrenfahrrad
3400723,748,Herrenfahrrad
9401635,824,Damenfahrrad
3701660,184,Herrenfahrrad
6300527,699,Herrenfahrrad
2100106,800,Herrenfahrrad
4300517,399,Herrenfahrrad
3701660,679,Damenfahrrad
4300517,875,Damenfahrrad
1100308,1980,Fahrrad
2400520,1055,Herrenfahrrad
3300411,502,Damenfahrrad
3701660,798,Damenfahrrad
7200409,400,Herrenfahrrad
1100310,300,Damenfahrrad
3200207,439,Kinderfahrrad
12400619,1,Herrenfahrrad
2400624,400,Damenfahrrad
2100105,300,Herrenfahrrad
10100316,1000,Damenfahrrad
4501147,1000,Fahrrad
4400834,800,Herrenfahrrad
1200628,6500,Fahrrad
2500726,110,Damenfahrrad
2200210,1000,Mountainbike
5100316,2500,Herrenfahrrad
8100311,1984,Damenfahrrad
8100314,1000,divers
1100207,840,Herrenfahrrad
7200410,951,Herrenfahrrad
3601245,269,Herrenfahrrad
8100416,450,Herrenfahrrad
9100101,400,Damenfahrrad
7601546,449,Damenfahrrad
9100101,765,Damenfahrrad
8100415,481,Damenfahrrad
4200310,560,Kinderfahrrad
9301025,300,Herrenfahrrad
7100204,599,Fahrrad
1200624,350,Herrenfahrrad
7100206,435,Herrenfahrrad
7100206,1560,Herrenfahrrad
6400843,599,Herrenfahrrad
9100304,749,Herrenfahrrad
1401048,250,Damenfahrrad
11300826,461,Damenfahrrad
2500836,450,Herrenfahrrad
4501147,600,Damenfahrrad
7300516,399,Herrenfahrrad
4501045,199,Kinderfahrrad
4501045,380,Herrenfahrrad
4501045,750,Herrenfahrrad
5300841,861,Herrenfahrrad
2200208,1000,Herrenfahrrad
1100207,551,Damenfahrrad
9301126,450,Herrenfahrrad
2500833,1250,Herrenfahrrad
4200310,554,Damenfahrrad
2200213,600,Herrenfahrrad
9200715,609,Damenfahrrad
2400624,3035,Fahrrad
1100103,320,Fahrrad
6300632,409,Kinderfahrrad
3601244,2091,Herrenfahrrad
8100416,1280,Fahrrad
1300733,745,Herrenfahrrad
1200519,849,Herrenfahrrad
1200626,260,Fahrrad
2400522,1379,Fahrrad
1100313,1125,Herrenfahrrad
7400720,730,Herrenfahrrad
2200211,2593,Herrenfahrrad
7300619,477,divers
12100102,1182,Herrenfahrrad
4501151,1700,Fahrrad
10100207,130,Kinderfahrrad
3400828,1800,Herrenfahrrad
8100418,325,Kinderfahrrad
2400522,834,Herrenfahrrad
7200411,510,Herrenfahrrad
1400942,180,Herrenfahrrad
6400842,599,Herrenfahrrad
1300836,2500,Herrenfahrrad
6400737,2799,Damenfahrrad
4501146,400,Herrenfahrrad
11200513,321,Mountainbike
11401034,160,Kinderfahrrad
3601347,945,Herrenfahrrad
4300624,658,Damenfahrrad
1300834,600,Herrenfahrrad
11200514,560,Damenfahrrad
4300623,999,Herrenfahrrad
1200520,830,Damenfahrrad
2200211,230,Kinderfahrrad
1100415,1300,Herrenfahrrad
2500830,125,Herrenfahrrad
3500936,460,Damenfahrrad
11501339,273,Fahrrad
8100417,270,Mountainbike
6100101,626,Damenfahrrad
4501149,1000,Damenfahrrad
3701554,1,Fahrrad
3601140,1,Fahrrad
4500938,1199,Herrenfahrrad
1100414,359,Kinderfahrrad
3701658,939,Herrenfahrrad
3400722,1353,Herrenfahrrad
2100106,1049,Herrenfahrrad
1400942,488,Herrenfahrrad
3601142,550,Herrenfahrrad
10300733,400,Herrenfahrrad
8200730,350,Damenfahrrad
1200521,425,Herrenfahrrad
12400723,500,Mountainbike
4501151,697,Damenfahrrad
6100208,1659,Herrenfahrrad
1400942,900,Fahrrad
7400927,1898,Herrenfahrrad
3400826,1242,Herrenfahrrad
9502043,599,Herrenfahrrad
8100310,1593,Damenfahrrad
12500928,899,Herrenfahrrad
1300733,2249,Rennrad
1400942,350,Damenfahrrad
2100106,1350,Fahrrad
10400939,499,Herrenfahrrad
1200522,1019,Damenfahrrad
9401329,899,Herrenfahrrad
2500729,550,Herrenfahrrad
4501041,882,Herrenfahrrad
7100102,5000,Mountainbike
4300623,239,Herrenfahrrad
8100209,300,Damenfahrrad
4400833,364,Damenfahrrad
3601243,640,Herrenfahrrad
4300623,260,Kinderfahrrad
2300418,1200,Herrenfahrrad
3701554,1369,Herrenfahrrad
4300413,399,Damenfahrrad
9100304,500,Damenfahrrad
2300419,690,Damenfahrrad
2300316,1000,Herrenfahrrad
8100417,999,Herrenfahrrad
3701660,1150,Fahrrad
10300733,200,Herrenfahrrad
3200308,1099,Herrenfahrrad
7200308,600,Fahrrad
12100101,340,Fahrrad
3400721,3993,Fahrrad
8200727,324,Damenfahrrad
1100311,1300,Herrenfahrrad
2300316,800,Fahrrad
3601244,2000,Herrenfahrrad
3500934,1350,Herrenfahrrad
3300514,350,Herrenfahrrad
3601244,2000,Herrenfahrrad
3601243,900,Damenfahrrad
2300314,299,Herrenfahrrad
3400721,294,Mountainbike
3400828,450,Damenfahrrad
4501150,657,Fahrrad
11100206,650,Fahrrad
3400722,800,Mountainbike
2500729,600,Herrenfahrrad
11100206,300,Damenfahrrad
12601133,494,Fahrrad
11100206,1,Damenfahrrad
4300416,600,Damenfahrrad
2100106,1000,Herrenfahrrad
4500937,500,Herrenfahrrad
1200520,594,Damenfahrrad
1300730,150,Damenfahrrad
2400624,600,Fahrrad
3601139,3500,Damenfahrrad
3601243,910,Damenfahrrad
8200623,519,Herrenfahrrad
8100419,534,Fahrrad
11400930,359,Herrenfahrrad
2200207,450,Damenfahrrad
9100203,836,Herrenfahrrad
4501147,1096,Damenfahrrad
2200208,50,Damenfahrrad
3701658,3366,Damenfahrrad
3601346,750,Herrenfahrrad
4501147,1000,Damenfahrrad
3400724,400,Herrenfahrrad
3100103,250,Herrenfahrrad
4501152,2200,Herrenfahrrad
12100102,500,Herrenfahrrad
8100206,700,Herrenfahrrad
2100106,329,Damenfahrrad
3601243,800,Herrenfahrrad
3400830,350,Kinderfahrrad
2500832,170,Kinderfahrrad
1100309,105,divers
3400826,400,Herrenfahrrad
6100102,848,Herrenfahrrad
4300622,1899,Fahrrad
3200310,549,Damenfahrrad
10300734,579,Damenfahrrad
8301037,800,Herrenfahrrad
4500937,330,Herrenfahrrad
3200310,649,Herrenfahrrad
3601243,1420,Herrenfahrrad
2100101,600,Herrenfahrrad
8100416,550,Herrenfahrrad
7100102,399,Damenfahrrad
12200309,280,Damenfahrrad
3701660,450,Fahrrad
11300620,201,Kinderfahrrad
2500836,1203,Damenfahrrad
4300621,1,Fahrrad
9200614,700,Fahrrad
7200307,499,Herrenfahrrad
2100104,488,Damenfahrrad
10400938,750,Fahrrad
9501939,430,Damenfahrrad
11300620,201,Kinderfahrrad
11200513,80,Fahrrad
8100415,400,Damenfahrrad
9300923,1500,Fahrrad
1100103,679,Fahrrad
7200413,500,Fahrrad
1300732,629,Herrenfahrrad
3601245,1066,Herrenfahrrad
12400722,500,Herrenfahrrad
11501238,948,Herrenfahrrad
3701555,899,Herrenfahrrad
5200527,100,Damenfahrrad
12400722,1000,Fahrrad
7400720,270,Damenfahrrad
2400624,1490,Damenfahrrad
10300734,2399,Herrenfahrrad
6400842,950,Herrenfahrrad
3400721,410,Damenfahrrad
9300920,160,Kinderfahrrad
9200715,800,Herrenfahrrad
4300416,2420,Fahrrad
7300517,500,Damenfahrrad
12500824,400,Damenfahrrad
1100103,900,Damenfahrrad
9301024,570,Herrenfahrrad
9200715,600,Herrenfahrrad
5100103,3150,Herrenfahrrad
12200412,521,Herrenfahrrad
1100309,100,Herrenfahrrad
9502043,749,Herrenfahrrad
3400826,500,Kinderfahrrad
11100206,650,Fahrrad
7100206,300,Herrenfahrrad
3601449,0,Herrenfahrrad
9502043,1500,Fahrrad
3601139,150,Fahrrad
1300730,530,divers
2500726,800,Herrenfahrrad
4501043,190,Damenfahrrad
4300517,0,Herrenfahrrad
1100313,1108,Herrenfahrrad
9100409,0,Herrenfahrrad
9100409,0,Kinderfahrrad
9100101,2509,Lastenfahrrad
6200423,250,Herrenfahrrad
1100310,448,Fahrrad
3400828,999,Herrenfahrrad
8100310,485,Herrenfahrrad
2300419,399,Kinderfahrrad
6100103,599,Kinderfahrrad
4300517,350,Fahrrad
3601243,2099,Herrenfahrrad
1401049,1049,Herrenfahrrad
6200313,50,Damenfahrrad
12200309,250,Damenfahrrad
2300315,950,Mountainbike
1401047,1035,Herrenfahrrad
2500832,350,Herrenfahrrad
2300314,362,Herrenfahrrad
9501736,270,Damenfahrrad
8100311,1999,Herrenfahrrad
4200308,5866,divers
7100204,431,Fahrrad
4200308,599,Damenfahrrad
4501146,340,Herrenfahrrad
4400835,250,Damenfahrrad
9200614,499,Damenfahrrad
6100101,800,Herrenfahrrad
3601452,1250,Herrenfahrrad
7400927,499,Herrenfahrrad
7400927,1000,Damenfahrrad
12100103,453,Damenfahrrad
2300419,480,Fahrrad
2300314,500,Fahrrad
11401034,500,Damenfahrrad
2300314,1260,Fahrrad
3601245,600,Mountainbike
1300836,900,Damenfahrrad
3400619,300,Damenfahrrad
7200410,450,Kinderfahrrad
3701658,448,Herrenfahrrad
4300416,3042,Fahrrad
3400827,1573,Herrenfahrrad
3400826,550,Damenfahrrad
7400822,200,Fahrrad
4300518,800,Herrenfahrrad
2300419,850,Herrenfahrrad
4300518,400,Damenfahrrad
9200614,599,Damenfahrrad
10300733,857,Fahrrad
12400722,673,Herrenfahrrad
7300516,625,Damenfahrrad
7100102,7565,divers
3601245,425,Herrenfahrrad
3100101,100,Damenfahrrad
4400830,3194,Damenfahrrad
1200517,7000,Fahrrad
3601348,576,Herrenfahrrad
10400836,490,Herrenfahrrad
4300517,800,Herrenfahrrad
6400737,463,Damenfahrrad
1100312,400,Herrenfahrrad
10200417,349,Damenfahrrad
3200206,1280,Herrenfahrrad
10200524,2530,Rennrad
3601452,300,Rennrad
8100416,939,Damenfahrrad
11300826,3000,Herrenfahrrad
10200629,260,Herrenfahrrad
4501151,519,Damenfahrrad
9300920,1,Damenfahrrad
4300518,884,Damenfahrrad
1100312,2500,Fahrrad
2300314,1004,Herrenfahrrad
12200413,1600,Damenfahrrad
3400619,510,Damenfahrrad
1100313,528,Herrenfahrrad
4300518,320,Kinderfahrrad
4300518,290,Herrenfahrrad
7300517,440,Damenfahrrad
4501045,5747,divers
4300518,900,Herrenfahrrad
3701659,584,Herrenfahrrad
4300414,1800,Herrenfahrrad
1100101,500,Fahrrad
2300316,270,Mountainbike
1100102,1334,Mountainbike
3400725,200,Herrenfahrrad
5200528,150,Kinderfahrrad
4300414,300,Damenfahrrad
3601140,1300,Herrenfahrrad
11501341,440,Damenfahrrad
10400836,500,Damenfahrrad
2200210,870,Herrenfahrrad
2500834,400,Herrenfahrrad
4501042,999,Herrenfahrrad
3601451,1100,Herrenfahrrad
9100101,180,Kinderfahrrad
3701658,1387,Herrenfahrrad
2200210,500,Damenfahrrad
12200515,800,Damenfahrrad
7200307,200,Herrenfahrrad
2200209,399,Herrenfahrrad
9100101,1300,Damenfahrrad
9501737,699,Herrenfahrrad
10100210,1400,Herrenfahrrad
4300416,524,Herrenfahrrad
2400625,1159,Herrenfahrrad
9401329,900,Fahrrad
7601442,500,Mountainbike
3701657,500,Kinderfahrrad
3601347,1265,Herrenfahrrad
3100102,750,Herrenfahrrad
6400737,679,Herrenfahrrad
3400830,2669,Herrenfahrrad
4300623,2000,Herrenfahrrad
7100204,840,Herrenfahrrad
9200512,1533,Herrenfahrrad
4400727,480,Herrenfahrrad
6100101,799,Mountainbike
11401034,333,Kinderfahrrad
9100408,2930,Damenfahrrad
9100407,360,Damenfahrrad
4300621,552,Damenfahrrad
9100408,4399,Herrenfahrrad
3601142,1100,Herrenfahrrad
3400723,438,Damenfahrrad
2300315,499,Damenfahrrad
8100208,998,Damenfahrrad
1100416,150,Herrenfahrrad
2400624,1075,Herrenfahrrad
10400940,650,Damenfahrrad
4200309,367,Damenfahrrad
10400940,959,Herrenfahrrad
9100409,150,Kinderfahrrad
7400720,800,Damenfahrrad
2400624,100,Herrenfahrrad
1100415,400,Damenfahrrad
8100417,900,Herrenfahrrad
1200522,339,Kinderfahrrad
11501339,859,Damenfahrrad
4300517,1000,divers
4300623,850,Herrenfahrrad
2100106,500,Herrenfahrrad
3601142,799,Herrenfahrrad
1200520,860,Herrenfahrrad
2300419,479,Damenfahrrad
1401046,424,Fahrrad
4300414,700,Herrenfahrrad
2400623,679,Herrenfahrrad
9100101,839,Herrenfahrrad
1400940,585,Mountainbike
1200624,200,Damenfahrrad
12100205,2650,Herrenfahrrad
2200207,300,Herrenfahrrad
1200519,450,Herrenfahrrad
12200310,600,Damenfahrrad
7300619,787,Damenfahrrad
11501341,580,Damenfahrrad
6300526,580,Damenfahrrad
3400826,20,Damenfahrrad
1100416,1500,Herrenfahrrad
9100305,100,Damenfahrrad
6100204,700,Herrenfahrrad
6300526,599,Herrenfahrrad
2300417,1100,Herrenfahrrad
1300834,979,Herrenfahrrad
1300733,620,Rennrad
8100206,1000,Herrenfahrrad
8100101,1257,Herrenfahrrad
4300414,500,Mountainbike
5100316,759,Damenfahrrad
1100104,460,Herrenfahrrad
1200522,1499,Herrenfahrrad
2400522,480,Herrenfahrrad
12100204,900,Fahrrad
1100416,500,Damenfahrrad
3400826,500,Fahrrad
8200729,115,Kinderfahrrad
9100101,429,Kinderfahrrad
8100102,354,Herrenfahrrad
12100102,399,Herrenfahrrad
4300622,400,divers
4500939,2599,Damenfahrrad
2200209,522,Herrenfahrrad
9501939,3566,divers
1400942,400,Herrenfahrrad
2400623,3259,Damenfahrrad
11400930,300,Mountainbike
11400930,800,Mountainbike
2100102,699,Mountainbike
3701555,1895,Fahrrad
2400623,3399,Herrenfahrrad
7400720,200,Herrenfahrrad
6400839,402,Damenfahrrad
6300528,771,Herrenfahrrad
4500939,717,Herrenfahrrad
2300314,773,Herrenfahrrad
10400938,1955,Herrenfahrrad
9200819,1500,Damenfahrrad
2500727,962,Herrenfahrrad
3400725,1084,Herrenfahrrad
11401032,1999,Herrenfahrrad
3500936,960,Fahrrad
2300316,792,Herrenfahrrad
2300316,688,Kinderfahrrad
6200421,1099,Herrenfahrrad
2100104,1183,Herrenfahrrad
11401034,2474,Mountainbike
8301036,297,Damenfahrrad
1300733,740,Herrenfahrrad
1100308,1400,Damenfahrrad
9300920,1568,Herrenfahrrad
8100208,599,Herrenfahrrad
7100206,3999,Damenfahrrad
1100104,385,Herrenfahrrad
1200625,670,divers
11401135,799,Damenfahrrad
7100204,2499,Fahrrad
1200520,1399,Herrenfahrrad
3701555,1170,Damenfahrrad
9401433,700,Damenfahrrad
3400830,330,Fahrrad
4501147,629,Herrenfahrrad
9100101,399,Fahrrad
2300419,1200,Herrenfahrrad
9502043,600,Herrenfahrrad
7400823,2076,Mountainbike
9301126,1299,Herrenfahrrad
3200309,629,Herrenfahrrad
3601451,350,Damenfahrrad
4200309,530,Damenfahrrad
9501737,499,Damenfahrrad
6400735,200,Damenfahrrad
1100313,876,Herrenfahrrad
3701555,421,Herrenfahrrad
6200420,649,Kinderfahrrad
3701555,1195,Herrenfahrrad
9502043,400,Mountainbike
5200629,200,Mountainbike
1100103,599,Herrenfahrrad
4500939,963,Herrenfahrrad
1100415,300,Fahrrad
12200515,450,Mountainbike
9200715,731,Herrenfahrrad
9401534,999,Herrenfahrrad
3701659,499,Rennrad
1100415,619,Fahrrad
3601140,899,Herrenfahrrad
5100209,300,Damenfahrrad
1200519,300,Herrenfahrrad
5100316,639,Herrenfahrrad
1200519,1000,Herrenfahrrad
1200629,1000,Damenfahrrad
8100206,1300,Herrenfahrrad
12400723,670,Herrenfahrrad
4400726,3000,Herrenfahrrad
4500936,1699,Herrenfahrrad
10300732,1273,divers
1400938,1700,Herrenfahrrad
2500833,1150,Herrenfahrrad
5200634,3800,divers
7100103,189,Herrenfahrrad
8100418,699,Herrenfahrrad
11300722,1200,Herrenfahrrad
1200629,183,Damenfahrrad
3601141,400,Damenfahrrad
4100101,329,Herrenfahrrad
1200519,645,Herrenfahrrad
7501134,200,Fahrrad
1200624,1181,Herrenfahrrad
11300619,210,Herrenfahrrad
2100102,400,Damenfahrrad
11300619,280,Fahrrad
4300622,900,Fahrrad
3601243,450,Kinderfahrrad
2400623,1950,Herrenfahrrad
3601452,398,Herrenfahrrad
4501045,420,Damenfahrrad
3601140,950,Herrenfahrrad
11200514,400,Fahrrad
9401433,500,Herrenfahrrad
4300414,2500,Damenfahrrad
11501339,530,Kinderfahrrad
2400624,2199,Herrenfahrrad
3400723,549,Herrenfahrrad
2100104,1200,Herrenfahrrad
7300517,300,Fahrrad
4501149,1000,Damenfahrrad
4300414,1210,Damenfahrrad
7200412,440,Herrenfahrrad
4300517,599,Damenfahrrad
11100203,699,Damenfahrrad
9100101,500,Damenfahrrad
3601139,150,Herrenfahrrad
3200207,316,Herrenfahrrad
3701660,620,Fahrrad
2300419,1149,Herrenfahrrad
7400721,450,Damenfahrrad
9200717,1000,Herrenfahrrad
4300624,450,Herrenfahrrad
11400931,907,Herrenfahrrad
3400828,735,Herrenfahrrad
8200623,415,Damenfahrrad
4200207,300,Fahrrad
10200524,500,Rennrad
2400623,400,Herrenfahrrad
3500936,394,Herrenfahrrad
7100102,1396,Damenfahrrad
3400721,518,Kinderfahrrad
9100203,1695,Herrenfahrrad
3400826,448,Herrenfahrrad
2500729,390,Herrenfahrrad
3400723,332,Damenfahrrad
9200715,400,Herrenfahrrad
4300622,949,Herrenfahrrad
3601243,1800,Fahrrad
4300414,400,Herrenfahrrad
1401046,988,Herrenfahrrad
4200309,610,Kinderfahrrad
2300419,460,Herrenfahrrad
8100417,460,Herrenfahrrad
9100304,1492,Fahrrad
4200308,1079,Herrenfahrrad
9200613,150,Fahrrad
2300314,170,Kinderfahrrad
11100204,2469,Damenfahrrad
8100418,898,Fahrrad
1100311,349,Herrenfahrrad
5200423,200,Damenfahrrad
2300316,600,Damenfahrrad
1100415,619,Rennrad
1300834,150,Mountainbike
1200629,359,Damenfahrrad
5100317,440,Herrenfahrrad
10200629,650,Damenfahrrad
4300624,1738,Herrenfahrrad
3400830,1471,Herrenfahrrad
3601347,1450,Herrenfahrrad
2200212,150,Damenfahrrad
9200717,4000,Fahrrad
4300623,700,Herrenfahrrad
7200409,843,Herrenfahrrad
3400723,424,Herrenfahrrad
3300516,400,Herrenfahrrad
3100101,899,Damenfahrrad
3200206,985,Herrenfahrrad
5100316,500,Damenfahrrad
9200613,439,Damenfahrrad
4300414,800,Fahrrad
4501148,201,Damenfahrrad
7400720,370,Herrenfahrrad
3601141,289,Kinderfahrrad
6300526,1300,Herrenfahrrad
1100308,1178,divers
3601142,1119,Herrenfahrrad
10200418,250,Kinderfahrrad
3601140,440,Kinderfahrrad
1401044,2187,divers
3400620,5078,Fahrrad
9100304,600,Damenfahrrad
3400827,2237,Herrenfahrrad
2200209,1183,Herrenfahrrad
4200311,1047,Fahrrad
1100102,550,Herrenfahrrad
4200311,917,Damenfahrrad
5100314,2090,Damenfahrrad
2300316,784,Fahrrad
1200519,1158,Herrenfahrrad
7601237,200,Damenfahrrad
10100102,620,Herrenfahrrad
2500726,600,Damenfahrrad
7100102,264,Herrenfahrrad
1300733,949,Fahrrad
11100308,600,Damenfahrrad
2200213,718,Damenfahrrad
11300724,350,Damenfahrrad
9100202,150,Damenfahrrad
2300316,2800,Damenfahrrad
8100207,3000,Damenfahrrad
11300722,2067,Fahrrad
7501031,1500,Herrenfahrrad
4501044,1799,Mountainbike
11401137,599,Damenfahrrad
3601451,300,Herrenfahrrad
3701659,400,Herrenfahrrad
4200308,1148,Damenfahrrad
9300923,1000,Mountainbike
7200307,539,Herrenfahrrad
4300416,350,Herrenfahrrad
4300416,1000,Herrenfahrrad
3400722,600,Damenfahrrad
1100416,558,Mountainbike
3400827,400,Damenfahrrad
7400822,200,Damenfahrrad
4501045,960,Damenfahrrad
2500831,1540,Herrenfahrrad
1300836,600,Damenfahrrad
1100207,2700,Herrenfahrrad
11501341,2059,Damenfahrrad
11501341,750,Herrenfahrrad
10400939,499,Herrenfahrrad
1300730,650,Fahrrad
7200413,401,Damenfahrrad
7200409,3699,Damenfahrrad
2300418,350,Herrenfahrrad
11501238,200,Herrenfahrrad
1100313,900,Herrenfahrrad
7100102,1350,Herrenfahrrad
3400725,200,Herrenfahrrad
6300634,300,Damenfahrrad
1100207,999,Herrenfahrrad
3601348,1000,Herrenfahrrad
4100102,1700,Damenfahrrad
4300413,511,Herrenfahrrad
4300413,1076,Herrenfahrrad
2400623,421,Herrenfahrrad
2200211,50,Mountainbike
4300622,899,Herrenfahrrad
4501149,860,Damenfahrrad
3601449,220,Herrenfahrrad
2400623,820,Herrenfahrrad
6400736,370,Kinderfahrrad
1400938,500,Herrenfahrrad
1100309,1200,Herrenfahrrad
4500936,500,Herrenfahrrad
4500936,800,Mountainbike
9100202,1800,Herrenfahrrad
2300417,560,Herrenfahrrad
3601243,700,Herrenfahrrad
3601244,999,Herrenfahrrad
8100207,1220,Herrenfahrrad
3300412,1000,Herrenfahrrad
6200316,899,Herrenfahrrad
1200520,1229,Damenfahrrad
6100103,594,Herrenfahrrad
3300514,400,Damenfahrrad
5300839,544,Damenfahrrad
9501939,800,Damenfahrrad
2200211,728,Damenfahrrad
9200510,642,Damenfahrrad
3300514,936,Herrenfahrrad
3601140,886,Damenfahrrad
1401049,500,Damenfahrrad
6300634,639,Damenfahrrad
2100104,349,Herrenfahrrad
7501134,2399,Herrenfahrrad
7100102,699,Herrenfahrrad
4200207,1100,Damenfahrrad
2200209,2138,Herrenfahrrad
2500831,260,Herrenfahrrad
3701555,3761,Fahrrad
7100103,929,Herrenfahrrad
2200207,565,Herrenfahrrad
2200208,1000,Herrenfahrrad
3601141,342,Kinderfahrrad
3601347,438,Kinderfahrrad
11400931,470,Damenfahrrad
4300621,2000,Herrenfahrrad
2200210,699,Damenfahrrad
3400723,550,Herrenfahrrad
3701657,318,Herrenfahrrad
12400720,300,Herrenfahrrad
4501042,250,Damenfahrrad
6400838,499,Herrenfahrrad
7300515,500,Mountainbike
3601244,6890,Fahrrad
1200520,559,Herrenfahrrad
2500834,1006,Herrenfahrrad
6300526,1899,Fahrrad
3400618,500,Fahrrad
7100101,1200,Damenfahrrad
3601244,700,Herrenfahrrad
2500728,4200,Fahrrad
7100101,330,Rennrad
4501044,120,Herrenfahrrad
7300618,1413,Herrenfahrrad
9301024,4069,Damenfahrrad
3200205,950,Herrenfahrrad
3200205,1100,Herrenfahrrad
1100309,600,Herrenfahrrad
3501037,210,Herrenfahrrad
1100207,809,Damenfahrrad
4400727,500,Damenfahrrad
3400618,1200,Damenfahrrad
8200832,2706,Damenfahrrad
3601451,200,Damenfahrrad
4501152,900,Herrenfahrrad
4501041,2141,Herrenfahrrad
3601449,550,Herrenfahrrad
3701658,500,Herrenfahrrad
11300721,436,Damenfahrrad
4300414,729,Damenfahrrad
6100102,939,Damenfahrrad
3601451,494,Kinderfahrrad
11300721,900,Herrenfahrrad
3100103,908,Herrenfahrrad
4200310,1400,Herrenfahrrad
3601141,924,Damenfahrrad
1200626,846,Fahrrad
9301126,200,Herrenfahrrad
5100316,550,Fahrrad
2300314,2505,Herrenfahrrad
2400520,978,Damenfahrrad
7200307,450,Damenfahrrad
3601451,599,Damenfahrrad
4400834,265,Damenfahrrad
3601142,299,Herrenfahrrad
7601238,450,Herrenfahrrad
2300418,550,Herrenfahrrad
2200210,440,Mountainbike
3601451,275,Damenfahrrad
4501040,1300,Herrenfahrrad
7200412,400,Herrenfahrrad
6400737,1033,Herrenfahrrad
1100312,1129,Fahrrad
1300733,2374,Fahrrad
4300416,700,Damenfahrrad
6400841,749,Herrenfahrrad
4501152,3000,Herrenfahrrad
4501152,2000,Herrenfahrrad
1300836,450,Herrenfahrrad
3100103,500,Damenfahrrad
1200520,1552,Herrenfahrrad
1100308,939,Herrenfahrrad
11501341,3000,Herrenfahrrad
11400930,864,Mountainbike
1200628,750,Damenfahrrad
4501041,449,Damenfahrrad
8100418,850,Damenfahrrad
1200518,677,Damenfahrrad
11100205,300,Mountainbike
1100308,1500,Mountainbike
9100101,1499,Damenfahrrad
2200208,954,Mountainbike
7300516,500,Damenfahrrad
8100101,700,Herrenfahrrad
1300733,100,Herrenfahrrad
2300417,510,Herrenfahrrad
9100306,999,Herrenfahrrad
9100306,3000,divers
8100417,1000,Fahrrad
2200213,1200,Herrenfahrrad
4100102,2100,Herrenfahrrad
4300414,550,Herrenfahrrad
4501043,1820,Damenfahrrad
4300623,530,Damenfahrrad
11300616,444,Herrenfahrrad
11300724,200,Herrenfahrrad
2300419,650,Kinderfahrrad
3601347,450,Rennrad
3400723,459,Kinderfahrrad
4100101,2299,Herrenfahrrad
2200213,1098,Damenfahrrad
9401431,1099,Damenfahrrad
1100311,986,Herrenfahrrad
4400834,599,Damenfahrrad
1100310,987,Herrenfahrrad
4300416,599,Herrenfahrrad
4501045,1145,Herrenfahrrad
12400720,860,Herrenfahrrad
4501147,200,Herrenfahrrad
4501152,950,Damenfahrrad
1100415,880,Damenfahrrad
2400520,899,Damenfahrrad
4300623,200,Herrenfahrrad
12601134,100,Herrenfahrrad
5200629,750,Rennrad
12100205,250,Damenfahrrad
11200513,650,Herrenfahrrad
1401048,1207,Herrenfahrrad
11401136,361,Herrenfahrrad
11300722,399,Mountainbike
7100102,2,divers
2400521,600,Herrenfahrrad
1100308,650,Herrenfahrrad
1100416,400,Kinderfahrrad
2100106,1400,Rennrad
12601134,250,Fahrrad
9200613,699,Herrenfahrrad
12500927,1755,Herrenfahrrad
3701555,1600,Herrenfahrrad
11401032,545,Mountainbike
4500936,150,Fahrrad
1100313,500,Damenfahrrad
3100103,642,Herrenfahrrad
6100102,790,Herrenfahrrad
3601141,600,Damenfahrrad
2400624,300,Fahrrad
1200624,1320,Damenfahrrad
11300722,500,Damenfahrrad
10400836,988,Damenfahrrad
6300633,550,Herrenfahrrad
2200212,932,Herrenfahrrad
2200211,3000,Mountainbike
4400727,849,Damenfahrrad
3601245,460,Damenfahrrad
8100102,500,Damenfahrrad
1100313,333,Herrenfahrrad
1100313,200,Herrenfahrrad
1200625,480,Herrenfahrrad
11200411,554,Fahrrad
3601347,150,Herrenfahrrad
1401047,400,Herrenfahrrad
7400720,644,Damenfahrrad
3601245,1039,Herrenfahrrad
7100101,950,Herrenfahrrad
9501736,799,Damenfahrrad
2200213,1099,Damenfahrrad
7200308,600,Herrenfahrrad
4501146,340,Damenfahrrad
4501042,800,Damenfahrrad
7300618,1048,Herrenfahrrad
3200207,599,Damenfahrrad
4501146,1000,Mountainbike
12200309,350,Damenfahrrad
4501147,850,Herrenfahrrad
3701659,430,Damenfahrrad
11501340,599,Herrenfahrrad
9200511,1333,Herrenfahrrad
7400720,420,divers
8100103,650,Herrenfahrrad
10100314,5100,divers
3400830,347,Fahrrad
4100102,550,divers
8300935,460,Mountainbike
8100310,230,Herrenfahrrad
7100206,1163,Herrenfahrrad
4300624,399,Damenfahrrad
11200512,449,Damenfahrrad
4300624,722,Damenfahrrad
5300840,399,Damenfahrrad
5200629,300,Damenfahrrad
9200510,548,Damenfahrrad
2100101,999,Herrenfahrrad
3601142,500,Herrenfahrrad
3400723,549,Fahrrad
4300623,299,Herrenfahrrad
3400830,649,Herrenfahrrad
2500834,1300,Herrenfahrrad
9200613,450,Fahrrad
9100101,399,Herrenfahrrad
4300621,750,Damenfahrrad
3601244,545,Herrenfahrrad
2500835,1800,Fahrrad
3300412,4300,Fahrrad
3701659,500,Rennrad
8100206,600,Fahrrad
3701660,240,Kinderfahrrad
11300725,249,Damenfahrrad
3400826,1235,Herrenfahrrad
7200308,250,Herrenfahrrad
9100101,300,Fahrrad
2200211,200,Damenfahrrad
4501042,940,Herrenfahrrad
3701554,1008,Herrenfahrrad
9200818,0,Lastenfahrrad
8100206,400,Herrenfahrrad
3601243,600,Herrenfahrrad
1401045,600,Damenfahrrad
3701658,519,Herrenfahrrad
1100308,1284,Fahrrad
2100106,200,Fahrrad
5300839,600,Herrenfahrrad
8100105,400,Herrenfahrrad
5100316,399,Damenfahrrad
7200409,700,Herrenfahrrad
1200517,350,Herrenfahrrad
4300518,1466,Herrenfahrrad
6100103,2998,Damenfahrrad
9301126,1233,Herrenfahrrad
11400927,1200,Herrenfahrrad
4200207,948,Herrenfahrrad
8100206,765,Herrenfahrrad
2100104,190,Herrenfahrrad
10400941,450,Herrenfahrrad
4501147,1310,Herrenfahrrad
8100209,900,Herrenfahrrad
12100102,230,Herrenfahrrad
4300622,3000,Fahrrad
11400929,222,Fahrrad
12400720,498,Herrenfahrrad
2200207,749,Herrenfahrrad
6400839,342,Herrenfahrrad
12200515,1800,Rennrad
9100304,2899,Damenfahrrad
6400840,200,Damenfahrrad
8100418,400,Damenfahrrad
1200626,118,Herrenfahrrad
7601237,400,Herrenfahrrad
1200629,2379,Herrenfahrrad
1100312,640,Damenfahrrad
4501148,4570,Herrenfahrrad
2200210,1200,Herrenfahrrad
4400727,700,Damenfahrrad
8200832,970,Fahrrad
9401534,640,Damenfahrrad
11300620,430,Herrenfahrrad
2400624,300,Damenfahrrad
4400835,401,Herrenfahrrad
1100313,1120,Herrenfahrrad
1100312,269,Damenfahrrad
8100314,670,Damenfahrrad
1200522,800,Herrenfahrrad
6200421,500,Damenfahrrad
3300514,599,Damenfahrrad
3701554,968,Damenfahrrad
7100204,950,Herrenfahrrad
4500938,478,Herrenfahrrad
7200307,309,Damenfahrrad
4501044,400,Fahrrad
10200630,1520,Herrenfahrrad
1100415,532,Fahrrad
6400843,712,Damenfahrrad
11401137,333,Damenfahrrad
1300835,1000,Herrenfahrrad
4300623,248,Fahrrad
2500836,729,divers
2500836,350,Damenfahrrad
6400842,798,Damenfahrrad
7300618,469,Herrenfahrrad
7100206,700,Damenfahrrad
2500835,500,Damenfahrrad
12400723,1000,Fahrrad
4501153,0,Herrenfahrrad
3200207,373,Damenfahrrad
7501133,1710,Herrenfahrrad
2400520,900,Herrenfahrrad
1200623,605,Damenfahrrad
10300733,498,Herrenfahrrad
10300733,600,Herrenfahrrad
8301037,715,Damenfahrrad
1200627,594,Herrenfahrrad
11501238,750,Fahrrad
5200527,1,divers
6100207,710,Herrenfahrrad
4501149,1200,Herrenfahrrad
4501149,848,Herrenfahrrad
1200519,600,Herrenfahrrad
1300733,299,Damenfahrrad
8100101,20,Fahrrad
10300731,580,Fahrrad
12400721,450,divers
4501148,1656,Herrenfahrrad
4300621,601,Herrenfahrrad
7200307,333,Herrenfahrrad
9200715,339,Damenfahrrad
11401135,349,Damenfahrrad
3601142,940,Mountainbike
8100415,400,Rennrad
4300624,1400,Herrenfahrrad
6200422,600,Damenfahrrad
4501043,3200,Fahrrad
8100415,669,Damenfahrrad
3300411,420,Herrenfahrrad
9401431,450,Herrenfahrrad
7400824,350,Damenfahrrad
10200420,299,Damenfahrrad
3701658,1238,divers
3400620,700,Herrenfahrrad
7100206,649,Damenfahrrad
2200209,1760,Herrenfahrrad
12400722,280,Kinderfahrrad
1100309,1089,Damenfahrrad
1200520,899,Herrenfahrrad
4300517,690,Damenfahrrad
11501238,250,Damenfahrrad
8301036,300,Damenfahrrad
11200512,299,Damenfahrrad
12500824,2000,Damenfahrrad
5100102,260,Mountainbike
5200631,900,divers
2200207,400,Herrenfahrrad
3400619,2249,Fahrrad
7601442,20,Damenfahrrad
7400928,2200,Herrenfahrrad
4300416,600,Rennrad
11300616,199,Damenfahrrad
8100208,805,Herrenfahrrad
11400929,742,Herrenfahrrad
1401044,1495,Damenfahrrad
2200209,450,Herrenfahrrad
9501838,2399,Damenfahrrad
3701658,595,Herrenfahrrad
3400620,400,Damenfahrrad
4200207,699,Herrenfahrrad
1200521,1770,Herrenfahrrad
3601245,400,Fahrrad
1100309,220,Damenfahrrad
10200420,500,Herrenfahrrad
2300314,460,Fahrrad
10200418,100,Damenfahrrad
12200515,526,Herrenfahrrad
6400844,610,Damenfahrrad
3400725,948,Herrenfahrrad
5300841,441,Herrenfahrrad
4300624,1390,Herrenfahrrad
12400723,676,Herrenfahrrad
4300622,748,Fahrrad
5100316,565,Damenfahrrad
2300418,589,Herrenfahrrad
3601141,500,Damenfahrrad
12601235,630,Herrenfahrrad
10200627,250,Damenfahrrad
2400624,1200,Herrenfahrrad
3601347,529,Herrenfahrrad
2300418,970,Herrenfahrrad
2200209,500,Damenfahrrad
4501045,2500,Herrenfahrrad
3500936,340,Damenfahrrad
4300414,850,Fahrrad
11400927,1599,Herrenfahrrad
3601245,299,Damenfahrrad
1100309,1067,Herrenfahrrad
8100418,500,Fahrrad
2200209,800,Herrenfahrrad
2500833,1070,Fahrrad
2200208,600,Fahrrad
3400723,900,Herrenfahrrad
10400939,1500,Herrenfahrrad
6300526,319,Fahrrad
4501147,379,Damenfahrrad
4400830,320,Kinderfahrrad
1401043,190,Kinderfahrrad
7300619,1999,Fahrrad
1100101,680,Herrenfahrrad
11501238,390,Damenfahrrad
2300315,250,Fahrrad
1200517,150,Damenfahrrad
1400937,600,Damenfahrrad
1200520,1631,Herrenfahrrad
3200207,600,Kinderfahrrad
3701555,490,Herrenfahrrad
11300725,700,Damenfahrrad
4300619,700,Herrenfahrrad
2200209,459,Fahrrad
1100102,1072,Herrenfahrrad
1300730,150,Damenfahrrad
1200518,629,Herrenfahrrad
5100316,900,Damenfahrrad
8100520,280,Herrenfahrrad
6100207,1520,Herrenfahrrad
1100309,1700,Herrenfahrrad
7100206,50,Herrenfahrrad
6300630,2000,Herrenfahrrad
2300418,200,Herrenfahrrad
1100313,4000,Herrenfahrrad
12400720,700,Fahrrad
4400835,300,Herrenfahrrad
9301126,80,Herrenfahrrad
3400721,658,Damenfahrrad
10100103,219,Mountainbike
2100105,1130,Herrenfahrrad
3701660,497,Fahrrad
2300314,1000,Damenfahrrad
4300622,849,Herrenfahrrad
11401137,299,Damenfahrrad
10400836,800,Herrenfahrrad
2500831,1249,Damenfahrrad
4501041,900,Fahrrad
1100312,193,Herrenfahrrad
7300517,428,Damenfahrrad
2200210,537,Herrenfahrrad
9100304,229,Kinderfahrrad
3400618,2300,Herrenfahrrad
1401047,599,Herrenfahrrad
1100309,250,Damenfahrrad
8200727,660,Fahrrad
3400721,2055,Damenfahrrad
3601453,490,Damenfahrrad
10400939,449,Herrenfahrrad
7300619,819,Damenfahrrad
7400823,634,Damenfahrrad
2500834,85,Fahrrad
1100206,689,Mountainbike
9200715,536,Herrenfahrrad
6400735,880,Herrenfahrrad
1100104,200,Fahrrad
3400721,708,Herrenfahrrad
2300314,1644,Damenfahrrad
3601140,240,Damenfahrrad
11400931,150,Damenfahrrad
3100102,1532,Mountainbike
9501737,2800,Herrenfahrrad
7100206,200,Damenfahrrad
1200520,2588,Fahrrad
1200520,632,Damenfahrrad
2500726,500,Mountainbike
1300733,450,Herrenfahrrad
5100314,1511,Fahrrad
4400727,498,Kinderfahrrad
1100308,1168,Fahrrad
11300725,600,Herrenfahrrad
8100419,429,Damenfahrrad
1100416,999,Herrenfahrrad
6200422,2000,Fahrrad
9100101,2000,Herrenfahrrad
1100415,165,Damenfahrrad
12100204,200,Mountainbike
3601243,800,Herrenfahrrad
3400725,3427,Herrenfahrrad
3701556,260,Rennrad
12400723,520,Herrenfahrrad
2200211,650,Damenfahrrad
8100311,1099,Rennrad
7100204,700,Rennrad
3200308,465,Herrenfahrrad
9200511,2033,Herrenfahrrad
1200520,447,Herrenfahrrad
1401044,800,Herrenfahrrad
7100103,740,Mountainbike
2500729,555,Damenfahrrad
2300419,1000,Damenfahrrad
2500727,70,Herrenfahrrad
5200629,525,Damenfahrrad
8100415,450,Damenfahrrad
3701556,3628,Fahrrad
3601348,1097,Herrenfahrrad
3400721,1310,Herrenfahrrad
4300622,540,Herrenfahrrad
9100101,711,Herrenfahrrad
8100314,450,Fahrrad
2100106,877,Damenfahrrad
2300419,200,Fahrrad
4501045,999,Herrenfahrrad
4300416,1,Damenfahrrad
4300412,1461,Herrenfahrrad
1100310,1000,Herrenfahrrad
7200307,350,Herrenfahrrad
3500933,350,Damenfahrrad
8100312,529,Herrenfahrrad
4300414,640,Damenfahrrad
8200833,848,Herrenfahrrad
8200833,701,Damenfahrrad
10100101,260,Herrenfahrrad
7501032,40,Kinderfahrrad
1100207,750,Damenfahrrad
11501341,1500,Damenfahrrad
8401244,480,Fahrrad
9301228,499,Damenfahrrad
3500935,1790,Damenfahrrad
2200209,429,Damenfahrrad
3601452,700,Herrenfahrrad
4501148,1799,Herrenfahrrad
4300413,870,Herrenfahrrad
3601451,1050,Fahrrad
8100312,335,Herrenfahrrad
4501151,2999,Damenfahrrad
9200511,1800,Herrenfahrrad
2200211,2181,Herrenfahrrad
2400623,999,Herrenfahrrad
3601449,200,Damenfahrrad
2100105,700,Herrenfahrrad
6300633,519,Herrenfahrrad
11300619,300,Herrenfahrrad
2500832,800,divers
2100105,738,Damenfahrrad
9401431,139,Kinderfahrrad
2300419,500,Damenfahrrad
7100206,130,Herrenfahrrad
8100310,450,Kinderfahrrad
8100314,1974,Herrenfahrrad
11501339,800,Fahrrad
2100102,900,Fahrrad
8300934,563,Damenfahrrad
4300416,300,Damenfahrrad
8100314,315,Herrenfahrrad
2400623,950,Herrenfahrrad
11400928,480,Herrenfahrrad
11300724,2639,Herrenfahrrad
2500835,1400,Mountainbike
9200715,200,Herrenfahrrad
4300622,486,Herrenfahrrad
3500935,550,Herrenfahrrad
5300840,700,Damenfahrrad
1100416,1020,Rennrad
2400625,4479,Herrenfahrrad
9200613,550,Herrenfahrrad
7400927,800,Damenfahrrad
2500835,300,Herrenfahrrad
2500835,3200,Fahrrad
1200623,1000,Fahrrad
4500936,300,Damenfahrrad
8100310,400,Herrenfahrrad
3601347,400,Damenfahrrad
3601348,475,Fahrrad
11300826,200,Kinderfahrrad
9501736,458,Damenfahrrad
2500831,250,Herrenfahrrad
9401329,460,Kinderfahrrad
4200207,500,Herrenfahrrad
6200422,600,Herrenfahrrad
11300722,684,Damenfahrrad
3601453,700,Fahrrad
2500726,563,Damenfahrrad
1100312,250,Herrenfahrrad
11401034,2442,Damenfahrrad
4400727,1083,Mountainbike
5100210,250,divers
3200205,550,Fahrrad
6100208,646,Herrenfahrrad
9501939,3300,Herrenfahrrad
3200207,200,Herrenfahrrad
5100208,200,Kinderfahrrad
9200715,1349,Fahrrad
4400726,2500,divers
2500830,297,Kinderfahrrad
8200726,335,Fahrrad
9200819,1299,Herrenfahrrad
9501737,500,Herrenfahrrad
4300416,1500,divers
9200511,1300,Mountainbike
7200307,1600,Damenfahrrad
4501040,794,Herrenfahrrad
11401034,1199,Herrenfahrrad
4501045,150,Herrenfahrrad
2200210,500,Fahrrad
4400834,650,Damenfahrrad
1100102,600,Damenfahrrad
8200624,400,Damenfahrrad
1200625,150,Fahrrad
11501341,620,Herrenfahrrad
1100102,550,Herrenfahrrad
4200311,599,Herrenfahrrad
4200311,2077,Fahrrad
3400721,515,Herrenfahrrad
3400721,450,Herrenfahrrad
3400721,745,Herrenfahrrad
3100103,150,Damenfahrrad
9301228,1250,Damenfahrrad
7400927,499,Damenfahrrad
3400721,828,Herrenfahrrad
1200623,920,Fahrrad
1100415,832,Herrenfahrrad
11501238,2800,Herrenfahrrad
6300633,339,Kinderfahrrad
3400827,100,Damenfahrrad
3400721,1584,Fahrrad
3400721,720,Damenfahrrad
3400721,720,Herrenfahrrad
1200519,1279,Herrenfahrrad
9502043,330,Herrenfahrrad
1200626,780,Fahrrad
2300316,500,Herrenfahrrad
6400737,599,Herrenfahrrad
1400942,400,Herrenfahrrad
7200414,375,Damenfahrrad
6400737,1623,Herrenfahrrad
1100415,1400,Fahrrad
4200309,715,Herrenfahrrad
8100419,377,Damenfahrrad
11100307,603,Herrenfahrrad
1300732,380,Kinderfahrrad
8100312,499,Herrenfahrrad
1100205,300,Fahrrad
3601142,110,Mountainbike
1100309,573,Fahrrad
2100106,650,Fahrrad
1200623,2499,Fahrrad
1300732,800,Damenfahrrad
2500833,449,Damenfahrrad
8100419,430,Herrenfahrrad
9401431,867,Herrenfahrrad
4300623,799,Damenfahrrad
1100414,260,Herrenfahrrad
10400938,269,Kinderfahrrad
12500928,1315,Herrenfahrrad
2400623,229,Herrenfahrrad
2500831,1022,Herrenfahrrad
8100416,1637,Herrenfahrrad
4300414,1199,Fahrrad
9401431,4690,Herrenfahrrad
10400836,500,Damenfahrrad
6100210,200,Damenfahrrad
3400722,457,Kinderfahrrad
1100415,929,Kinderfahrrad
9401431,4690,Herrenfahrrad
8100208,30,Damenfahrrad
2400623,796,Herrenfahrrad
4400727,800,Fahrrad
6400843,1200,divers
9100202,649,Damenfahrrad
9100202,1070,Herrenfahrrad
7200308,200,Herrenfahrrad
4501153,1184,Herrenfahrrad
2200210,360,Damenfahrrad
11401034,2193,Herrenfahrrad
9301126,599,Herrenfahrrad
4501152,800,Herrenfahrrad
1401048,599,Herrenfahrrad
11501341,569,Fahrrad
6400735,391,Damenfahrrad
1100102,2352,Herrenfahrrad
2100102,400,Damenfahrrad
2500834,209,Damenfahrrad
3400828,300,Mountainbike
6400735,600,Fahrrad
8100207,300,Damenfahrrad
3500934,290,Damenfahrrad
2200210,700,Fahrrad
6300528,500,Mountainbike
2200208,999,Herrenfahrrad
8100312,1000,Herrenfahrrad
6400735,500,Herrenfahrrad
3400830,229,Damenfahrrad
9501736,327,Herrenfahrrad
1100415,699,Damenfahrrad
6100205,773,Damenfahrrad
4501042,1619,Damenfahrrad
2200211,369,Herrenfahrrad
9100101,1375,Herrenfahrrad
3400721,348,Kinderfahrrad
8100314,158,Damenfahrrad
8100310,745,Herrenfahrrad
3400826,1163,Damenfahrrad
10300734,415,Herrenfahrrad
12400721,499,Kinderfahrrad
10200629,399,Damenfahrrad
11300722,1419,Herrenfahrrad
4501150,300,Herrenfahrrad
7100102,1290,Herrenfahrrad
6200420,619,Damenfahrrad
1100311,1500,Herrenfahrrad
7200411,650,Damenfahrrad
2200212,1224,Damenfahrrad
1100102,1180,Herrenfahrrad
11501341,1000,Herrenfahrrad
10100316,700,Damenfahrrad
11501341,599,Kinderfahrrad
1300836,400,divers
2100102,169,Kinderfahrrad
3300411,379,Herrenfahrrad
1401047,899,Damenfahrrad
3300411,300,Mountainbike
7400720,3150,Herrenfahrrad
1100312,999,Herrenfahrrad
12500928,3979,Herrenfahrrad
2300419,1603,Herrenfahrrad
7601546,400,Damenfahrrad
7100103,1050,Damenfahrrad
6400735,700,Herrenfahrrad
2200210,250,Fahrrad
11200514,488,Damenfahrrad
9501737,180,Damenfahrrad
4501045,544,Herrenfahrrad
7100101,1355,Herrenfahrrad
3701660,250,Mountainbike
4501043,289,Herrenfahrrad
3400826,1259,Herrenfahrrad
6400735,459,Kinderfahrrad
3500932,549,Kinderfahrrad
3601141,100,Herrenfahrrad
3601347,849,Damenfahrrad
7501030,270,Damenfahrrad
3500932,650,Damenfahrrad
6400839,499,Kinderfahrrad
2100101,700,Fahrrad
7300517,500,Fahrrad
7100204,590,Mountainbike
8100103,699,Herrenfahrrad
4501151,524,Fahrrad
1300836,350,Fahrrad
9301126,700,Herrenfahrrad
7100204,1050,Damenfahrrad
11501341,899,Herrenfahrrad
2200208,500,Herrenfahrrad
9401534,300,Mountainbike
3601453,800,Herrenfahrrad
1100313,400,Herrenfahrrad
3300412,486,Damenfahrrad
7100101,548,Herrenfahrrad
4501146,2631,Damenfahrrad
12500926,380,Herrenfahrrad
12500928,2000,Herrenfahrrad
2300314,250,Herrenfahrrad
11200411,685,divers
5300841,620,Herrenfahrrad
2200208,847,Damenfahrrad
3400724,700,Damenfahrrad
2100102,420,Herrenfahrrad
8200727,2150,Herrenfahrrad
10200419,280,Kinderfahrrad
1300732,749,Damenfahrrad
8100312,500,Kinderfahrrad
2300314,400,Herrenfahrrad
5200524,289,Herrenfahrrad
1300836,150,Herrenfahrrad
4300416,472,Herrenfahrrad
6100209,418,Damenfahrrad
6400842,464,Damenfahrrad
11300722,650,Fahrrad
2100102,499,Herrenfahrrad
10200418,349,Damenfahrrad
1200522,599,Damenfahrrad
9100203,320,Herrenfahrrad
10200627,1150,Herrenfahrrad
10100311,788,Herrenfahrrad
1401047,750,Fahrrad
3601451,1798,divers
8100312,175,Fahrrad
12100204,1200,Mountainbike
7100204,777,Mountainbike
3701554,1900,Herrenfahrrad
2500834,2654,Herrenfahrrad
1100308,2399,Herrenfahrrad
1100416,550,Damenfahrrad
10100311,878,Damenfahrrad
4300416,3500,Herrenfahrrad
3200310,900,Damenfahrrad
1100309,1479,Herrenfahrrad
4300623,1000,Herrenfahrrad
3701657,229,Herrenfahrrad
4501045,435,Herrenfahrrad
3400826,210,Kinderfahrrad
11300725,549,Herrenfahrrad
5200527,100,divers
6400736,648,Damenfahrrad
3701659,1277,Herrenfahrrad
9100202,500,Damenfahrrad
1300836,320,Herrenfahrrad
2100106,850,Herrenfahrrad
9200715,1231,Mountainbike
12601236,400,Damenfahrrad
4501042,1599,Herrenfahrrad
3701556,180,Kinderfahrrad
7200412,650,Fahrrad
12601235,500,Damenfahrrad
8100206,589,Fahrrad
1401043,720,Damenfahrrad
1200624,575,Herrenfahrrad
3701658,1643,Herrenfahrrad
6300633,500,Fahrrad
7200409,699,Damenfahrrad
8100206,155,Damenfahrrad
1100416,1649,Herrenfahrrad
7400822,399,Herrenfahrrad
4200309,399,Herrenfahrrad
1100102,700,Damenfahrrad
6200317,1200,Damenfahrrad
4200309,417,Damenfahrrad
2300419,600,Herrenfahrrad
6100204,845,Herrenfahrrad
3701556,800,Herrenfahrrad
3601244,499,Kinderfahrrad
9200819,2000,divers
2500834,400,Herrenfahrrad
2500835,484,Herrenfahrrad
12400722,399,Damenfahrrad
6400842,940,Mountainbike
3701554,1520,Fahrrad
2300417,635,Herrenfahrrad
3701556,1200,Damenfahrrad
2300419,320,Herrenfahrrad
7200409,300,Fahrrad
9501736,680,Damenfahrrad
11100307,270,Herrenfahrrad
6300634,429,Damenfahrrad
3500932,500,Damenfahrrad
7200307,860,Damenfahrrad
8100314,800,Rennrad
6200311,388,Fahrrad
9301126,599,Herrenfahrrad
7100204,1019,Herrenfahrrad
1300733,526,Mountainbike
9200716,500,Damenfahrrad
10100314,213,Damenfahrrad
1100311,460,Mountainbike
3701555,1884,Fahrrad
11401034,700,Herrenfahrrad
1100310,683,Damenfahrrad
2100105,1350,Fahrrad
6200313,499,Herrenfahrrad
12601236,474,Damenfahrrad
11200410,3023,Damenfahrrad
8100103,500,Damenfahrrad
8100207,1628,Damenfahrrad
2200211,700,Damenfahrrad
1401049,180,Damenfahrrad
3501037,1081,Herrenfahrrad
1100102,280,Herrenfahrrad
8100102,1420,Herrenfahrrad
4400835,1035,Damenfahrrad
7200412,290,Mountainbike
1300731,318,Damenfahrrad
1100206,670,Herrenfahrrad
3701554,960,Herrenfahrrad
2500726,560,Mountainbike
9301126,300,Herrenfahrrad
11501238,2520,Herrenfahrrad
5100313,2500,divers
7100206,600,Damenfahrrad
7200411,432,Herrenfahrrad
9200717,120,Fahrrad
8100418,949,Herrenfahrrad
6100103,288,Herrenfahrrad
1300834,541,Damenfahrrad
9200717,180,Damenfahrrad
7200413,1019,Damenfahrrad
3601245,500,Herrenfahrrad
11200512,150,Fahrrad
1200519,231,Damenfahrrad
6400737,397,Herrenfahrrad
2200211,716,Damenfahrrad
5100210,300,Mountainbike
4300624,650,Herrenfahrrad
5200524,528,Herrenfahrrad
12100103,800,Herrenfahrrad
3400830,630,Herrenfahrrad
2100106,400,Herrenfahrrad
2500836,400,Herrenfahrrad
1200623,700,Herrenfahrrad
9200511,800,Herrenfahrrad
3701554,348,Herrenfahrrad
9501838,479,Fahrrad
7100103,80,Herrenfahrrad
3601142,749,Herrenfahrrad
9200511,1549,Herrenfahrrad
3601453,540,Herrenfahrrad
3601453,530,Herrenfahrrad
8100314,439,Damenfahrrad
3300514,700,Herrenfahrrad
2200210,999,Herrenfahrrad
1100206,750,Damenfahrrad
2400522,799,Herrenfahrrad
5200629,700,Herrenfahrrad
9200715,481,Damenfahrrad
11401136,400,Damenfahrrad
4501149,160,Fahrrad
4501152,299,Damenfahrrad
10100312,209,Damenfahrrad
2100103,4600,divers
3601452,1619,Herrenfahrrad
1401046,950,divers
3400724,860,Herrenfahrrad
3501037,350,Damenfahrrad
2200209,365,Damenfahrrad
11300620,371,Fahrrad
11300619,713,Damenfahrrad
12500824,400,Rennrad
6300527,578,Herrenfahrrad
7400721,599,Herrenfahrrad
9100101,2000,Herrenfahrrad
9401433,2060,Herrenfahrrad
1100415,435,Damenfahrrad
7100102,789,Fahrrad
9100304,654,Damenfahrrad
11400930,200,Herrenfahrrad
7400721,676,Herrenfahrrad
9100101,1079,Herrenfahrrad
1100309,499,Herrenfahrrad
2200208,829,Herrenfahrrad
12100205,445,Damenfahrrad
4501045,1080,Herrenfahrrad
2400522,1,Mountainbike
9502042,1220,Herrenfahrrad
3400827,608,Damenfahrrad
10200417,600,Herrenfahrrad
7200414,600,Fahrrad
4300619,1500,Herrenfahrrad
9200511,599,Herrenfahrrad
3601452,350,Herrenfahrrad
1200519,600,Herrenfahrrad
8100206,1,Damenfahrrad
12400720,500,Fahrrad
3701657,760,Damenfahrrad
8100416,880,Herrenfahrrad
9501838,669,Herrenfahrrad
6400735,300,Herrenfahrrad
3701660,1012,Damenfahrrad
4501043,1399,Herrenfahrrad
3701556,400,Damenfahrrad
9100101,300,Damenfahrrad
8100416,200,Herrenfahrrad
1300834,600,Damenfahrrad
8100207,900,Damenfahrrad
8100207,4100,Fahrrad
2100105,480,Herrenfahrrad
2200210,230,Fahrrad
4300414,1144,Damenfahrrad
7501032,350,Herrenfahrrad
2400522,1950,divers
2400522,1400,divers
4501151,769,Damenfahrrad
4501042,1661,Herrenfahrrad
7400822,399,Damenfahrrad
12400720,559,Herrenfahrrad
4300412,1157,Rennrad
1300733,400,Damenfahrrad
9100101,1573,Herrenfahrrad
1200520,580,Herrenfahrrad
4300624,694,Damenfahrrad
5100312,898,divers
1401046,3500,Damenfahrrad
4200309,399,Herrenfahrrad
9100304,520,Herrenfahrrad
9301228,780,Herrenfahrrad
12400720,823,Herrenfahrrad
12500926,830,Mountainbike
2400623,250,Mountainbike
9301126,1120,Damenfahrrad
2400522,720,Herrenfahrrad
7100101,350,Herrenfahrrad
2300418,400,Damenfahrrad
11100102,270,Fahrrad
4501045,1000,Herrenfahrrad
1200627,699,Herrenfahrrad
4500937,928,Damenfahrrad
3601346,694,Mountainbike
12200515,739,Herrenfahrrad
1300836,900,Fahrrad
8100418,560,Kinderfahrrad
3400826,449,Kinderfahrrad
4300624,699,Damenfahrrad
2200212,1100,Damenfahrrad
1200522,250,Herrenfahrrad
8100101,150,Kinderfahrrad
4500936,640,Damenfahrrad
2500835,848,Fahrrad
9200512,450,Damenfahrrad
9401329,220,Herrenfahrrad
1100207,428,Damenfahrrad
2200207,1595,Herrenfahrrad
4500936,589,Damenfahrrad
2500833,1400,Herrenfahrrad
7501032,750,Herrenfahrrad
6300634,684,Herrenfahrrad
3400725,600,Damenfahrrad
2200212,229,Kinderfahrrad
8200832,250,Damenfahrrad
9501941,200,Damenfahrrad
1401048,700,Damenfahrrad
3601450,843,Damenfahrrad
8100418,500,Herrenfahrrad
2300419,380,Damenfahrrad
1200625,1083,Damenfahrrad
6300634,890,Damenfahrrad
11200513,649,Herrenfahrrad
6100205,300,Damenfahrrad
6300629,140,Kinderfahrrad
8100312,595,Damenfahrrad
12601134,264,Damenfahrrad
1200629,529,Herrenfahrrad
3601347,550,Fahrrad
6100103,1687,divers
2500835,300,Herrenfahrrad
1100312,999,Herrenfahrrad
1100416,1200,Herrenfahrrad
7501133,300,Damenfahrrad
7200413,1307,Damenfahrrad
3701659,2599,Damenfahrrad
4501043,868,Herrenfahrrad
4300623,80,Herrenfahrrad
4300416,300,Herrenfahrrad
8100310,950,Herrenfahrrad
7200409,700,Damenfahrrad
1400938,300,Damenfahrrad
8100313,2000,Herrenfahrrad
3601142,1048,Herrenfahrrad
4200309,209,Damenfahrrad
9100304,920,Herrenfahrrad
3601142,3920,Herrenfahrrad
4501153,1059,Herrenfahrrad
6100101,229,Damenfahrrad
1200520,549,Damenfahrrad
7200409,1084,Damenfahrrad
6300633,590,Damenfahrrad
9100101,140,Herrenfahrrad
4501153,1050,Damenfahrrad
3601449,497,Fahrrad
3601451,500,Herrenfahrrad
1200623,899,Herrenfahrrad
4501153,515,Herrenfahrrad
6200316,400,Herrenfahrrad
3300516,400,Kinderfahrrad
12400720,699,Herrenfahrrad
3400827,330,Fahrrad
9200511,1384,Damenfahrrad
8100314,270,Herrenfahrrad
3601452,1003,Herrenfahrrad
8100311,250,Herrenfahrrad
1401047,100,Herrenfahrrad
7100205,319,Damenfahrrad
1100416,470,Herrenfahrrad
3701556,299,Herrenfahrrad
2400522,987,Fahrrad
7100204,500,Herrenfahrrad
8100310,620,Damenfahrrad
12200515,1200,Damenfahrrad
9200716,879,Herrenfahrrad
2500834,837,Damenfahrrad
6400844,796,Herrenfahrrad
2500835,1296,Herrenfahrrad
4300621,629,Damenfahrrad
4300621,750,Herrenfahrrad
1300836,100,Kinderfahrrad
1300836,500,Damenfahrrad
8100415,1000,Herrenfahrrad
2300419,180,Kinderfahrrad
4100102,548,Damenfahrrad
8100415,349,Damenfahrrad
12500930,610,Herrenfahrrad
4500937,850,Herrenfahrrad
3601139,649,Damenfahrrad
7200410,744,Damenfahrrad
7400721,800,Damenfahrrad
1200628,396,Fahrrad
4501045,900,Herrenfahrrad
8100312,580,Damenfahrrad
2200211,450,Herrenfahrrad
9501939,530,Damenfahrrad
7100102,200,Damenfahrrad
12500927,750,Herrenfahrrad
7100101,600,Herrenfahrrad
2300417,200,Damenfahrrad
4501043,1300,Fahrrad
9100407,600,Mountainbike
1100416,1184,Herrenfahrrad
9100101,250,Herrenfahrrad
8100311,150,Fahrrad
6300631,599,Damenfahrrad
2300418,380,Herrenfahrrad
6400840,400,Herrenfahrrad
3601449,150,Fahrrad
9502043,1000,divers
3200309,499,Damenfahrrad
3400830,600,Damenfahrrad
3601347,1150,Herrenfahrrad
3601243,800,Damenfahrrad
3601142,600,Herrenfahrrad
8100310,850,Herrenfahrrad
6400737,999,Herrenfahrrad
1200624,250,Rennrad
1401047,150,Herrenfahrrad
3200207,420,Damenfahrrad
9200613,299,Damenfahrrad
1100309,1990,divers
9501736,500,Damenfahrrad
4300412,240,Herrenfahrrad
8200730,2330,Damenfahrrad
1100104,1170,Herrenfahrrad
9501939,1000,Damenfahrrad
2500836,390,Damenfahrrad
4300624,600,Damenfahrrad
9401534,699,Fahrrad
6400843,590,Herrenfahrrad
7100204,608,Herrenfahrrad
3300412,300,Herrenfahrrad
1200520,1200,Herrenfahrrad
3701556,1175,Herrenfahrrad
6400838,971,Fahrrad
3500932,804,Damenfahrrad
2400522,5500,Fahrrad
4300621,255,Damenfahrrad
4501043,1431,Damenfahrrad
2100104,800,Damenfahrrad
9100407,757,Herrenfahrrad
7200307,1499,Damenfahrrad
1100206,2700,Herrenfahrrad
1401046,750,Herrenfahrrad
11501341,1048,divers
2200210,1000,Herrenfahrrad
6300527,200,Damenfahrrad
2400521,1720,Herrenfahrrad
4501044,1338,Damenfahrrad
2500832,1199,Herrenfahrrad
2500836,650,Herrenfahrrad
6400844,949,Herrenfahrrad
6300526,475,Damenfahrrad
4501152,2800,Fahrrad
9200512,2999,Herrenfahrrad
3500936,2024,Herrenfahrrad
7100102,999,Herrenfahrrad
1401046,999,Damenfahrrad
4501153,800,Herrenfahrrad
1200519,1100,Herrenfahrrad
11100102,1015,Herrenfahrrad
11200512,795,Damenfahrrad
2200212,679,Damenfahrrad
11501341,754,Kinderfahrrad
2500728,2000,Fahrrad
1100103,322,Fahrrad
2500833,1199,Herrenfahrrad
11501341,696,Damenfahrrad
1100102,700,Fahrrad
3200205,449,Herrenfahrrad
3400724,600,Damenfahrrad
6100101,999,Damenfahrrad
9200613,900,Herrenfahrrad
9100407,1450,Herrenfahrrad
1300836,900,Herrenfahrrad
1200517,960,Herrenfahrrad
3100101,450,Damenfahrrad
10200420,439,Damenfahrrad
1100207,1863,Damenfahrrad
4300517,2040,Damenfahrrad
9401534,589,Damenfahrrad
4501043,1861,Herrenfahrrad
6400735,460,Herrenfahrrad
8100310,960,Herrenfahrrad
2400623,350,Damenfahrrad
11300618,593,Damenfahrrad
1100103,250,Herrenfahrrad
11200512,1414,Herrenfahrrad
9501838,1008,Herrenfahrrad
9401534,3470,Damenfahrrad
9401534,466,Damenfahrrad
2100101,983,Herrenfahrrad
3601243,1100,Herrenfahrrad
2500727,1600,Herrenfahrrad
3400828,750,Fahrrad
11501340,599,Herrenfahrrad
1100313,430,Herrenfahrrad
1100101,1500,Damenfahrrad
4300621,399,Damenfahrrad
1100101,1023,Herrenfahrrad
1100313,719,Herrenfahrrad
4501149,799,Damenfahrrad
3601139,1350,Damenfahrrad
3300514,520,Damenfahrrad
6400839,323,Herrenfahrrad
3400828,1049,Herrenfahrrad
2200212,707,Damenfahrrad
9100407,399,Damenfahrrad
9401329,614,Fahrrad
3300514,500,Damenfahrrad
7100102,260,Fahrrad
1100309,1160,Herrenfahrrad
9200715,1157,Herrenfahrrad
8100101,600,Herrenfahrrad
1300730,450,Herrenfahrrad
9200613,876,Mountainbike
3601451,280,Herrenfahrrad
9200613,499,Herrenfahrrad
1100102,996,Damenfahrrad
2300418,275,Herrenfahrrad
7501133,950,Herrenfahrrad
3501038,761,Damenfahrrad
4300623,700,divers
11400929,1800,Herrenfahrrad
1300732,578,Damenfahrrad
1100207,999,Fahrrad
9501838,2730,Damenfahrrad
6100101,1200,Damenfahrrad
5300839,449,Damenfahrrad
12100205,478,Herrenfahrrad
10300731,952,Damenfahrrad
2500835,3000,Herrenfahrrad
7100204,600,Damenfahrrad
4100101,1370,Fahrrad
8100418,700,Damenfahrrad
8100105,872,Herrenfahrrad
6400839,1050,Herrenfahrrad
2200210,449,Kinderfahrrad
3601347,569,Damenfahrrad
5200629,552,Damenfahrrad
12500927,629,Herrenfahrrad
11300826,200,Mountainbike
9501736,530,Damenfahrrad
11501341,398,Herrenfahrrad
7100102,918,Damenfahrrad
10300734,300,Damenfahrrad
9100101,1070,Fahrrad
9300922,508,Herrenfahrrad
9100304,650,Damenfahrrad
11501341,535,Damenfahrrad
11100308,612,Herrenfahrrad
6200313,260,Herrenfahrrad
10300731,233,Herrenfahrrad
1401046,200,Damenfahrrad
1100416,570,Herrenfahrrad
2500835,1999,Herrenfahrrad
1200522,3199,Damenfahrrad
7400720,600,Kinderfahrrad
1400937,478,Herrenfahrrad
7100102,1200,Mountainbike
2100106,359,Kinderfahrrad
7200413,1398,Herrenfahrrad
6400735,1587,Herrenfahrrad
4300413,400,Herrenfahrrad
2500831,333,Damenfahrrad
1100313,1580,Damenfahrrad
11100206,389,Damenfahrrad
9401534,3200,Damenfahrrad
4300623,340,Herrenfahrrad
10300733,2539,Herrenfahrrad
2500728,800,Herrenfahrrad
7100101,696,Herrenfahrrad
2400624,1139,Damenfahrrad
7200410,867,Damenfahrrad
11501341,520,Herrenfahrrad
12601235,1,Fahrrad
6100103,524,Herrenfahrrad
1100416,1200,Herrenfahrrad
2200212,1300,Fahrrad
4300624,3500,Herrenfahrrad
12400723,650,Herrenfahrrad
8100416,467,Kinderfahrrad
7200409,1300,Herrenfahrrad
8100417,650,Damenfahrrad
2100106,400,Rennrad
5100316,350,Herrenfahrrad
11200513,399,Damenfahrrad
3400828,554,Kinderfahrrad
7501031,773,Fahrrad
1200625,850,Fahrrad
1300836,1186,Damenfahrrad
2400624,499,Herrenfahrrad
10100311,500,Fahrrad
7200413,799,Damenfahrrad
2100106,900,Damenfahrrad
4501044,550,Damenfahrrad
6400842,3000,Herrenfahrrad
1100414,480,Herrenfahrrad
4100101,3473,Herrenfahrrad
4501147,1124,Herrenfahrrad
9100101,450,Damenfahrrad
3500932,320,Kinderfahrrad
9200511,99,Herrenfahrrad
9501838,1000,Herrenfahrrad
1200520,2100,Damenfahrrad
3400721,1265,Herrenfahrrad
3500932,230,Herrenfahrrad
1401049,3656,Fahrrad
4200308,1330,Damenfahrrad
3601450,1800,Damenfahrrad
1100207,1249,Herrenfahrrad
7400720,667,Herrenfahrrad
7200308,568,Damenfahrrad
3500932,600,Fahrrad
2200212,489,Kinderfahrrad
8100207,479,Herrenfahrrad
6300632,399,Kinderfahrrad
9401534,499,Damenfahrrad
8100415,750,Damenfahrrad
6300634,500,Herrenfahrrad
1300732,450,Fahrrad
7100102,200,Fahrrad
6100204,1032,Herrenfahrrad
5100316,750,Herrenfahrrad
4200308,0,Herrenfahrrad
4300518,1563,Herrenfahrrad
4400830,2224,Herrenfahrrad
11501340,259,Damenfahrrad
7100102,600,Herrenfahrrad
10300732,150,Damenfahrrad
3500936,170,Damenfahrrad
8200730,317,Damenfahrrad
11501339,1000,Herrenfahrrad
2400521,321,Damenfahrrad
2500833,600,Herrenfahrrad
3400724,500,Damenfahrrad
3300516,275,Damenfahrrad
6300633,900,Herrenfahrrad
2100106,894,Fahrrad
11200513,120,Damenfahrrad
3601346,100,Fahrrad
2200211,800,Herrenfahrrad
2400624,700,Herrenfahrrad
2200213,230,Damenfahrrad
11100101,526,Mountainbike
8200833,250,Herrenfahrrad
3701658,450,Damenfahrrad
1300835,1099,Herrenfahrrad
1401049,3422,divers
3400723,500,Damenfahrrad
5100313,900,Damenfahrrad
9200715,706,Herrenfahrrad
10400837,400,Herrenfahrrad
12500825,2800,Herrenfahrrad
6200422,1099,Herrenfahrrad
2400521,200,Mountainbike
8401245,220,Damenfahrrad
3400722,599,Damenfahrrad
4501146,599,Herrenfahrrad
9501737,749,Kinderfahrrad
4400834,950,Damenfahrrad
3400721,429,Kinderfahrrad
8100418,390,Herrenfahrrad
12400723,582,Herrenfahrrad
3300412,999,Damenfahrrad
11400929,100,Herrenfahrrad
9401635,519,Herrenfahrrad
2100106,939,Damenfahrrad
3601243,500,Herrenfahrrad
3400723,450,Damenfahrrad
2300419,2800,Damenfahrrad
9300920,500,Herrenfahrrad
11400929,1199,Herrenfahrrad
2300419,2800,Herrenfahrrad
3601139,650,Herrenfahrrad
9200613,1200,Fahrrad
3400827,761,Herrenfahrrad
3400722,678,Herrenfahrrad
3501037,179,Kinderfahrrad
6400838,1083,Mountainbike
1200520,250,Herrenfahrrad
7100204,1100,Damenfahrrad
3601142,600,Herrenfahrrad
11300724,249,Damenfahrrad
3701555,1200,Damenfahrrad
4300414,320,Fahrrad
12500926,380,Herrenfahrrad
12200515,1550,Herrenfahrrad
4300622,800,Herrenfahrrad
3200310,159,Fahrrad
7601443,700,Mountainbike
12400618,619,Herrenfahrrad
5300840,1349,Herrenfahrrad
8100314,215,Herrenfahrrad
2300314,307,Kinderfahrrad
8100206,1500,Fahrrad
4300622,150,Mountainbike
11300620,575,Mountainbike
9200613,399,Herrenfahrrad
4300414,1450,Herrenfahrrad
7100204,2500,Herrenfahrrad
1100310,3169,Herrenfahrrad
8200730,1022,Damenfahrrad
6400737,978,Damenfahrrad
2400522,1319,Damenfahrrad
9100202,1101,Mountainbike
11401137,1500,Fahrrad
7100206,509,Kinderfahrrad
1200623,200,Herrenfahrrad
11401137,1300,Fahrrad
3701658,222,Herrenfahrrad
4300414,530,Damenfahrrad
9200613,600,Damenfahrrad
5300840,1349,Herrenfahrrad
9401329,762,Herrenfahrrad
1200626,599,Damenfahrrad
4200308,600,Kinderfahrrad
8100209,400,Herrenfahrrad
9200613,700,Damenfahrrad
4300624,386,Herrenfahrrad
2200208,299,Kinderfahrrad
3701657,700,Damenfahrrad
2500834,780,Fahrrad
6400842,1000,Fahrrad
4300623,580,divers
7100101,1600,Herrenfahrrad
10100104,340,Damenfahrrad
1401046,800,Herrenfahrrad
10400835,849,Herrenfahrrad
9100408,200,Herrenfahrrad
9100304,1750,Damenfahrrad
1100206,1250,Herrenfahrrad
1200628,400,Herrenfahrrad
8100416,1223,Damenfahrrad
11200513,2029,Damenfahrrad
3601141,925,Damenfahrrad
3501038,348,Kinderfahrrad
1200625,377,Kinderfahrrad
4300623,1500,divers
4200311,400,Damenfahrrad
7100204,857,Fahrrad
1300733,294,Herrenfahrrad
9100202,1150,Damenfahrrad
9100306,1507,Herrenfahrrad
1200518,678,Fahrrad
3601142,299,Damenfahrrad
1401047,577,Herrenfahrrad
5300839,3259,Herrenfahrrad
10400836,700,Fahrrad
6100204,400,Damenfahrrad
1100102,840,Fahrrad
1200629,500,Herrenfahrrad
8100415,699,Damenfahrrad
1100308,470,Herrenfahrrad
8100208,654,Herrenfahrrad
2500728,610,Herrenfahrrad
5400943,500,Herrenfahrrad
11200410,400,Damenfahrrad
9200818,549,Damenfahrrad
1200628,500,Fahrrad
8100417,489,Fahrrad
1100309,250,Fahrrad
3701556,489,Herrenfahrrad
5100316,2399,Herrenfahrrad
8100208,450,Herrenfahrrad
11200514,372,Damenfahrrad
2400623,400,Mountainbike
6100206,390,Herrenfahrrad
3200206,2148,Herrenfahrrad
2100101,869,Damenfahrrad
1400942,200,Damenfahrrad
7100102,1050,Herrenfahrrad
3200310,330,Herrenfahrrad
3501038,389,Kinderfahrrad
1200522,407,Damenfahrrad
7300619,450,Herrenfahrrad
9100101,600,Herrenfahrrad
2300419,379,Herrenfahrrad
9501737,749,Herrenfahrrad
3701554,3805,Herrenfahrrad
6100208,999,Damenfahrrad
8100104,500,Damenfahrrad
11501339,200,Herrenfahrrad
11400927,529,Fahrrad
2400521,200,Damenfahrrad
6400737,1000,Damenfahrrad
8100416,250,Herrenfahrrad
4200308,508,Kinderfahrrad
10400836,850,Damenfahrrad
1100104,1192,Herrenfahrrad
8100418,750,Herrenfahrrad
3601140,1766,Fahrrad
4501042,333,Kinderfahrrad
3601142,1149,Herrenfahrrad
4400835,2559,Fahrrad
3400619,377,Damenfahrrad
9100203,599,Damenfahrrad
8200831,670,Fahrrad
1401048,700,Herrenfahrrad
3601449,3500,Mountainbike
1200628,250,Herrenfahrrad
1401048,519,Herrenfahrrad
6400838,399,Damenfahrrad
4300623,1300,Herrenfahrrad
8401244,730,Damenfahrrad
6400735,522,Damenfahrrad
9200716,3000,Damenfahrrad
9200613,388,Herrenfahrrad
11300725,1199,Herrenfahrrad
12100102,800,Herrenfahrrad
2200210,800,Herrenfahrrad
7200409,350,Herrenfahrrad
3501038,280,Damenfahrrad
3701555,1200,Herrenfahrrad
2400625,878,Damenfahrrad
7100102,470,Herrenfahrrad
3501038,236,Damenfahrrad
12400721,449,Herrenfahrrad
2400625,300,Herrenfahrrad
12500930,920,Fahrrad
3200207,519,Herrenfahrrad
7200413,250,Damenfahrrad
4501147,700,Damenfahrrad
6100102,700,Damenfahrrad
11300725,900,Herrenfahrrad
4300624,538,Herrenfahrrad
4300414,1600,Herrenfahrrad
6400838,612,Herrenfahrrad
11200512,1113,Fahrrad
3701556,897,Damenfahrrad
3400620,800,Herrenfahrrad
2400521,3000,Herrenfahrrad
12500824,348,Kinderfahrrad
1200517,2098,Damenfahrrad
8100417,300,Damenfahrrad
2200213,850,Damenfahrrad
9301025,1,Fahrrad
12400723,1008,Herrenfahrrad
3400724,289,Kinderfahrrad
3601139,479,Damenfahrrad
3601347,199,Herrenfahrrad
4200308,682,Damenfahrrad
2100106,777,Herrenfahrrad
8100417,3184,Fahrrad
2500830,1500,Fahrrad
1100309,250,Damenfahrrad
3601347,400,Herrenfahrrad
7100102,800,Herrenfahrrad
10400836,700,Damenfahrrad
9100101,929,Damenfahrrad
8300934,350,Herrenfahrrad
7100206,350,Kinderfahrrad
6300526,400,Herrenfahrrad
4300414,388,Damenfahrrad
8100416,788,Herrenfahrrad
4200311,740,Herrenfahrrad
12100102,720,Herrenfahrrad
7400824,250,Damenfahrrad
9100101,400,Herrenfahrrad
1100416,1150,Herrenfahrrad
6200421,2180,Fahrrad
8100209,300,Herrenfahrrad
6100103,1364,Damenfahrrad
9501838,1485,Damenfahrrad
1100104,300,Rennrad
7200413,1419,Herrenfahrrad
9401431,1499,Herrenfahrrad
3601140,629,Fahrrad
8100416,1071,Herrenfahrrad
3701556,2653,Damenfahrrad
9301024,550,Herrenfahrrad
5100209,499,Herrenfahrrad
7501134,747,Damenfahrrad
7100102,3574,Fahrrad
1401046,200,Damenfahrrad
2100105,428,Damenfahrrad
6400737,200,Fahrrad
1200627,400,Damenfahrrad
7100206,3098,Herrenfahrrad
4501044,710,Damenfahrrad
11200411,222,Herrenfahrrad
8100101,469,Herrenfahrrad
1100103,450,Herrenfahrrad
3701554,350,Herrenfahrrad
1401048,862,Damenfahrrad
7100204,150,Fahrrad
12100102,250,Damenfahrrad
4300412,419,Herrenfahrrad
3601245,379,Fahrrad
10100208,300,Herrenfahrrad
8100312,250,Damenfahrrad
12500930,559,Kinderfahrrad
7200409,370,Damenfahrrad
12500824,565,Herrenfahrrad
3601244,805,Damenfahrrad
1100310,214,Herrenfahrrad
2300419,1598,Herrenfahrrad
11200512,526,Herrenfahrrad
8200730,1000,Fahrrad
6100101,1785,Herrenfahrrad
12100101,576,Damenfahrrad
11400927,615,Damenfahrrad
7200412,400,Herrenfahrrad
3601142,880,Damenfahrrad
4300622,439,Damenfahrrad
11501339,150,Damenfahrrad
4501149,200,Herrenfahrrad
2100106,999,Fahrrad
3701556,612,Herrenfahrrad
8100206,450,Herrenfahrrad
9100101,1889,Damenfahrrad
2300417,1414,Herrenfahrrad
6100103,3155,Damenfahrrad
7200307,531,Fahrrad
4400834,400,Fahrrad
1300730,319,Fahrrad
6200421,450,divers
3400721,305,Kinderfahrrad
10400938,630,Damenfahrrad
3701554,350,Herrenfahrrad
2500833,505,Herrenfahrrad
3300412,690,Herrenfahrrad
3300412,590,Herrenfahrrad
11501340,1100,Damenfahrrad
3400721,319,Damenfahrrad
3701554,1199,Herrenfahrrad
2200212,600,Damenfahrrad
1100415,1189,Herrenfahrrad
2300419,540,Kinderfahrrad
6100101,888,Damenfahrrad
6100101,863,Herrenfahrrad
9100101,0,Fahrrad
3601244,680,Damenfahrrad
4501044,710,Damenfahrrad
9301025,424,Damenfahrrad
1200625,1160,Damenfahrrad
11300721,150,Herrenfahrrad
3701554,2300,Herrenfahrrad
1100313,750,Kinderfahrrad
1300835,2396,Fahrrad
10300733,500,Damenfahrrad
1401043,209,Herrenfahrrad
1100313,100,Damenfahrrad
3601450,1980,Damenfahrrad
7400721,1400,Herrenfahrrad
4400835,705,Kinderfahrrad
9200715,1400,Damenfahrrad
4501146,1266,Herrenfahrrad
7601544,215,Herrenfahrrad
9301024,280,Mountainbike
4300414,1600,Herrenfahrrad
8100208,1,Damenfahrrad
2100102,588,Damenfahrrad
4300622,474,Herrenfahrrad
6400844,305,Damenfahrrad
3300411,299,Herrenfahrrad
2300419,150,Herrenfahrrad
8100417,767,Damenfahrrad
3100101,200,Kinderfahrrad
4501151,1800,Damenfahrrad
4200311,600,Damenfahrrad
3100103,200,Damenfahrrad
6400844,505,Kinderfahrrad
4501045,398,Herrenfahrrad
6400844,523,Kinderfahrrad
4300413,1000,Herrenfahrrad
1100415,1428,Herrenfahrrad
2200209,800,Damenfahrrad
8100416,4974,Fahrrad
9200512,250,Damenfahrrad
4501041,1500,Herrenfahrrad
9200715,2199,Damenfahrrad
6100102,482,Fahrrad
5100315,694,Herrenfahrrad
4200310,309,Herrenfahrrad
6400838,350,Damenfahrrad
9401534,579,Herrenfahrrad
10400836,500,Damenfahrrad
7100101,1499,Damenfahrrad
4300620,0,Herrenfahrrad
1100415,600,Herrenfahrrad
3400827,269,Herrenfahrrad
9200511,4300,Fahrrad
3601245,2028,Lastenfahrrad
8300934,740,Damenfahrrad
7200308,2800,Fahrrad
4400726,500,Damenfahrrad
1100310,1867,Herrenfahrrad
9100101,545,Herrenfahrrad
5100316,626,Damenfahrrad
1100104,400,Damenfahrrad
5100315,580,Damenfahrrad
5100315,1600,Fahrrad
8100312,714,Herrenfahrrad
9100407,836,Damenfahrrad
12100204,450,Herrenfahrrad
4300623,6000,Herrenfahrrad
1100312,500,Fahrrad
7501133,200,Damenfahrrad
1100312,225,Damenfahrrad
5200629,350,Herrenfahrrad
5300736,799,Damenfahrrad
1100309,1799,Rennrad
4501043,1000,Herrenfahrrad
3701554,1955,Herrenfahrrad
3601140,1000,divers
5100103,1599,Herrenfahrrad
3601142,790,Damenfahrrad
2400521,572,Herrenfahrrad
11400927,150,Damenfahrrad
5200629,169,Damenfahrrad
1100416,1599,Herrenfahrrad
3300412,950,Damenfahrrad
4300624,2909,Herrenfahrrad
7501133,699,Damenfahrrad
4300624,200,Mountainbike
2300314,300,Damenfahrrad
1401045,699,Damenfahrrad
7100102,1752,Herrenfahrrad
6100103,1299,Damenfahrrad
2500830,249,Herrenfahrrad
8401241,740,Kinderfahrrad
3601348,180,Damenfahrrad
3100103,549,Fahrrad
11300722,584,Herrenfahrrad
12100205,600,Herrenfahrrad
2500834,500,Mountainbike
11501238,299,Herrenfahrrad
2500728,0,Fahrrad
1100308,999,Herrenfahrrad
7300517,1700,Herrenfahrrad
4300412,3000,divers
3601449,1100,Damenfahrrad
2300419,429,Herrenfahrrad
4300416,414,Damenfahrrad
6400737,200,Damenfahrrad
2300315,350,Herrenfahrrad
11501238,350,Damenfahrrad
2500727,375,Rennrad
2100104,300,Rennrad
3200204,280,Damenfahrrad
2200213,200,Damenfahrrad
8100418,1264,Herrenfahrrad
9200715,598,Herrenfahrrad
2500729,1350,Damenfahrrad
3601245,684,Fahrrad
2100101,600,Damenfahrrad
2300419,289,Fahrrad
2500832,759,Damenfahrrad
4400835,524,Herrenfahrrad
7501133,433,Herrenfahrrad
7501031,80,Damenfahrrad
5100313,699,Herrenfahrrad
11401033,199,Damenfahrrad
3500936,2000,Herrenfahrrad
1400941,200,Rennrad
7300517,300,Damenfahrrad
4501146,635,Mountainbike
3400723,250,Kinderfahrrad
3701660,279,Herrenfahrrad
3400721,893,Damenfahrrad
1400941,299,Fahrrad
3400723,1500,Herrenfahrrad
12400723,250,Damenfahrrad
12601134,200,Kinderfahrrad
1100308,1380,Damenfahrrad
7100205,3560,Herrenfahrrad
3200207,495,Herrenfahrrad
8100208,679,Damenfahrrad
3601139,200,Damenfahrrad
8100102,2700,Fahrrad
3601450,298,Kinderfahrrad
3601346,899,Fahrrad
7400721,1934,Damenfahrrad
8100105,1672,Mountainbike
11300826,600,Damenfahrrad
2400624,1755,Fahrrad
7100205,600,Mountainbike
11401033,100,Damenfahrrad
2300419,389,Herrenfahrrad
9100408,499,Damenfahrrad
10200627,2116,Damenfahrrad
9100408,220,Herrenfahrrad
7300618,550,Damenfahrrad
5200525,200,Fahrrad
3400827,530,Herrenfahrrad
3601451,500,Herrenfahrrad
12200412,1000,Herrenfahrrad
9200613,500,Herrenfahrrad
2300419,1140,Herrenfahrrad
3400721,450,Damenfahrrad
9100304,1250,Damenfahrrad
1100309,1198,Damenfahrrad
3601243,500,Herrenfahrrad
8100418,220,Herrenfahrrad
3601245,926,Damenfahrrad
12200309,550,Damenfahrrad
2300315,450,Kinderfahrrad
2300418,428,Damenfahrrad
8100415,120,Damenfahrrad
5100210,600,Herrenfahrrad
5100210,150,Fahrrad
3601141,419,Herrenfahrrad
9300923,270,Damenfahrrad
4300416,900,Damenfahrrad
3601245,810,Damenfahrrad
6400839,499,Fahrrad
9200613,1331,Herrenfahrrad
2100103,838,Damenfahrrad
12100206,399,Damenfahrrad
4501041,420,Herrenfahrrad
2200212,678,Fahrrad
10300732,199,Damenfahrrad
8100314,363,Damenfahrrad
3501037,368,Damenfahrrad
7100206,471,Fahrrad
4501148,538,Damenfahrrad
2500830,390,Herrenfahrrad
9300923,250,Damenfahrrad
4200311,1100,Damenfahrrad
2500833,599,Damenfahrrad
4501042,1399,Herrenfahrrad
3300514,499,Damenfahrrad
3601243,50,Herrenfahrrad
3601243,50,Damenfahrrad
3601245,200,Damenfahrrad
8100418,800,Fahrrad
3500934,1850,Rennrad
2500727,1148,Rennrad
1300834,209,Herrenfahrrad
4300619,420,Herrenfahrrad
8100103,1000,Rennrad
11300725,699,Herrenfahrrad
3701660,499,Damenfahrrad
9200613,80,Damenfahrrad
4300624,369,Damenfahrrad
2500728,899,Herrenfahrrad
4400830,334,Damenfahrrad
10300731,495,Kinderfahrrad
2400624,200,Damenfahrrad
8100521,273,Herrenfahrrad
3701659,1460,Herrenfahrrad
11501341,299,Herrenfahrrad
1200522,598,Herrenfahrrad
1100309,1750,Fahrrad
11300620,50,Fahrrad
3601347,1049,Herrenfahrrad
4501151,526,Herrenfahrrad
7200409,373,Herrenfahrrad
7400720,1079,Damenfahrrad
4501043,2200,Herrenfahrrad
1401046,400,Damenfahrrad
1200629,159,Herrenfahrrad
3100101,200,Herrenfahrrad
1300835,500,Herrenfahrrad
3501037,584,Herrenfahrrad
12400722,950,Herrenfahrrad
7200307,250,Kinderfahrrad
1100416,1150,Fahrrad
5100313,150,Herrenfahrrad
10400939,749,Herrenfahrrad
11501341,2500,divers
1100206,3939,Fahrrad
1100206,799,Damenfahrrad
7200307,1369,Fahrrad
9501838,500,Herrenfahrrad
12100205,250,Herrenfahrrad
3400723,200,Kinderfahrrad
8100102,1163,Herrenfahrrad
4300413,923,Herrenfahrrad
8100206,1020,Herrenfahrrad
9100304,330,Herrenfahrrad
9100304,220,Herrenfahrrad
2500835,1609,Fahrrad
4400727,320,Damenfahrrad
12200413,788,Damenfahrrad
12200413,788,Mountainbike
5200630,500,Herrenfahrrad
7200412,300,Fahrrad
8100207,445,Herrenfahrrad
9100407,650,Fahrrad
12500928,945,Herrenfahrrad
6400735,2098,Damenfahrrad
2300315,1150,Herrenfahrrad
2100103,275,Herrenfahrrad
3400722,724,Herrenfahrrad
4200310,500,Fahrrad
3400725,747,Damenfahrrad
2200213,299,Herrenfahrrad
8100207,840,Damenfahrrad
7100102,500,Damenfahrrad
4300623,700,Herrenfahrrad
10400939,398,Fahrrad
4501147,527,Fahrrad
6100210,448,Fahrrad
5200527,300,Damenfahrrad
9100101,1699,Herrenfahrrad
11501238,861,Damenfahrrad
8100102,300,Damenfahrrad
6300526,585,Herrenfahrrad
9200613,950,Mountainbike
2100104,1750,Fahrrad
5100103,550,Herrenfahrrad
1200624,670,Herrenfahrrad
7400823,799,Herrenfahrrad
1401044,449,Herrenfahrrad
6400840,1712,Damenfahrrad
11501339,150,Kinderfahrrad
12100103,273,Damenfahrrad
2500835,649,Herrenfahrrad
3701554,722,Herrenfahrrad
4300624,700,Herrenfahrrad
2400520,417,Damenfahrrad
3400830,1100,Herrenfahrrad
6100101,900,Herrenfahrrad
7601544,1000,Fahrrad
1100308,600,Fahrrad
2100102,50,Herrenfahrrad
7200411,1035,Herrenfahrrad
10100103,220,Kinderfahrrad
7100102,580,Mountainbike
6200422,400,Damenfahrrad
8100415,105,Damenfahrrad
7601339,728,Damenfahrrad
4400832,650,Damenfahrrad
8100206,955,Herrenfahrrad
7200308,849,Fahrrad
12200308,600,Herrenfahrrad
8200624,150,Damenfahrrad
5100210,100,Damenfahrrad
3100101,548,Herrenfahrrad
4300623,350,Damenfahrrad
7200411,500,Herrenfahrrad
11200513,319,Herrenfahrrad
1100308,500,Herrenfahrrad
2300316,640,Damenfahrrad
4200310,615,divers
9200717,250,Damenfahrrad
7200308,499,Damenfahrrad
7200410,300,Fahrrad
4200207,350,Herrenfahrrad
5200629,350,Damenfahrrad
11300826,199,Damenfahrrad
2500832,404,Fahrrad
2500833,520,Damenfahrrad
2300315,950,Herrenfahrrad
2300315,395,Herrenfahrrad
3200207,499,Herrenfahrrad
6400839,485,Herrenfahrrad
3701555,150,Damenfahrrad
12200309,1850,divers
6200422,250,Herrenfahrrad
2300419,302,Kinderfahrrad
4501146,498,Kinderfahrrad
10100314,750,Damenfahrrad
2100106,2548,Damenfahrrad
6100101,989,Herrenfahrrad
3200207,138,Kinderfahrrad
7200409,634,Herrenfahrrad
3601245,478,Damenfahrrad
1300835,2200,Damenfahrrad
3701660,815,Herrenfahrrad
11300617,508,Damenfahrrad
4400831,699,Damenfahrrad
7200307,567,Herrenfahrrad
2200208,2239,Herrenfahrrad
4501149,1400,Herrenfahrrad
7200414,1000,Rennrad
7300517,660,Damenfahrrad
2100106,2200,Fahrrad
4300623,497,Mountainbike
9100408,498,Damenfahrrad
2500831,3079,Fahrrad
10100316,600,Damenfahrrad
3400827,3315,Fahrrad
12200309,585,Herrenfahrrad
7100204,747,Herrenfahrrad
1100206,1565,Herrenfahrrad
1200626,650,Damenfahrrad
4300622,458,Herrenfahrrad
5400943,70,Herrenfahrrad
11400928,600,Herrenfahrrad
3701660,399,Kinderfahrrad
1100207,1337,Damenfahrrad
2200207,445,Herrenfahrrad
6200420,700,Fahrrad
3601142,90,Herrenfahrrad
7100206,930,Damenfahrrad
4501041,1569,Herrenfahrrad
2300419,548,Herrenfahrrad
3601346,100,Herrenfahrrad
4501147,2000,Fahrrad
3601245,739,Damenfahrrad
9100101,649,Damenfahrrad
2300316,1070,Fahrrad
6200420,2000,Herrenfahrrad
5100209,170,Damenfahrrad
6300633,1255,Damenfahrrad
6400838,400,Herrenfahrrad
8200831,3657,Herrenfahrrad
3701554,250,Herrenfahrrad
4300416,1200,divers
9100304,400,Fahrrad
7200307,1260,Herrenfahrrad
3400721,550,Damenfahrrad
9200511,650,Herrenfahrrad
6100103,2000,Herrenfahrrad
10100101,450,Damenfahrrad
10400939,450,Damenfahrrad
5300841,470,Damenfahrrad
9301126,500,Damenfahrrad
1300733,800,Herrenfahrrad
3701554,499,Herrenfahrrad
4100101,598,divers
4300414,500,Herrenfahrrad
4300413,565,Kinderfahrrad
4500939,1299,Herrenfahrrad
4100101,15,Damenfahrrad
1400937,659,Damenfahrrad
1401047,1200,Herrenfahrrad
2200210,800,Damenfahrrad
3601346,299,Damenfahrrad
7100205,668,Damenfahrrad
1300834,30,Damenfahrrad
12601134,600,Herrenfahrrad
2400624,799,Herrenfahrrad
2200210,3400,Herrenfahrrad
3400829,250,Herrenfahrrad
5300736,576,Herrenfahrrad
1200520,200,Herrenfahrrad
2300419,400,Kinderfahrrad
7300619,620,Herrenfahrrad
4300622,1500,Herrenfahrrad
12601134,600,Herrenfahrrad
4501042,1,Damenfahrrad
10400836,402,Damenfahrrad
12500928,1850,Damenfahrrad
9200715,400,Damenfahrrad
8100102,300,Herrenfahrrad
2300314,300,Fahrrad
12500824,200,Fahrrad
7501030,523,Damenfahrrad
1100102,836,Herrenfahrrad
4501149,1200,Damenfahrrad
11200513,199,Herrenfahrrad
4300623,700,Herrenfahrrad
1401048,399,Herrenfahrrad
7400824,350,Fahrrad
11100204,250,Damenfahrrad
11300620,500,Mountainbike
2500834,1418,Herrenfahrrad
5100208,980,Herrenfahrrad
9401433,715,Herrenfahrrad
6100208,1200,Herrenfahrrad
1100308,749,Damenfahrrad
7300517,320,Herrenfahrrad
7400823,300,Damenfahrrad
10200418,200,Kinderfahrrad
4400726,587,Mountainbike
1100415,130,Mountainbike
1100415,278,Kinderfahrrad
3400830,2120,divers
5100105,150,Herrenfahrrad
8100310,5804,Fahrrad
7100101,999,Herrenfahrrad
3601451,400,Damenfahrrad
4500936,1048,Herrenfahrrad
8100101,700,Herrenfahrrad
7100103,250,Damenfahrrad
9200717,580,Mountainbike
9200717,600,Mountainbike
3601243,500,Herrenfahrrad
3701555,857,Fahrrad
9100306,1020,Damenfahrrad
1300731,200,Damenfahrrad
8100312,1300,Damenfahrrad
2400624,349,Damenfahrrad
1400942,1600,Herrenfahrrad
4300624,500,Fahrrad
7100101,850,Herrenfahrrad
9401431,730,Herrenfahrrad
8100206,475,Kinderfahrrad
7200411,500,Herrenfahrrad
6300631,441,Damenfahrrad
4500936,500,Damenfahrrad
9401432,800,Mountainbike
2300314,151,Herrenfahrrad
7200307,450,Rennrad
3601347,660,Herrenfahrrad
11200513,1000,Fahrrad
4500936,1883,Mountainbike
3601141,2675,Herrenfahrrad
3601140,559,Herrenfahrrad
4300623,427,Damenfahrrad
2500835,250,Herrenfahrrad
8100417,120,Herrenfahrrad
5100104,190,Kinderfahrrad
5200629,520,Herrenfahrrad
3701658,900,Damenfahrrad
3601348,398,Herrenfahrrad
7200307,350,Herrenfahrrad
6400842,550,Damenfahrrad
8100206,399,Herrenfahrrad
6200313,559,Damenfahrrad
8100310,350,Rennrad
6300629,6299,Herrenfahrrad
1200625,1099,Damenfahrrad
6400838,780,Fahrrad
7601341,700,Damenfahrrad
7400721,50,Kinderfahrrad
7400721,505,Herrenfahrrad
5200423,120,Damenfahrrad
3400826,280,Damenfahrrad
4300623,899,Herrenfahrrad
6100102,599,Damenfahrrad
3601243,400,Mountainbike
7400720,200,Fahrrad
1300835,399,Damenfahrrad
4500939,1500,Herrenfahrrad
9502042,1128,divers
3601453,2889,Herrenfahrrad
1300835,70,Herrenfahrrad
3701658,650,Herrenfahrrad
7400720,666,Herrenfahrrad
9501939,850,Herrenfahrrad
7300516,963,Herrenfahrrad
11100206,212,Damenfahrrad
2300315,500,Herrenfahrrad
5100209,800,Herrenfahrrad
2300418,859,Fahrrad
7100204,480,Damenfahrrad
3300412,400,Damenfahrrad
1300834,1200,Herrenfahrrad
3701554,1400,Damenfahrrad
9401433,299,Herrenfahrrad
3601142,556,Herrenfahrrad
8100415,1054,Damenfahrrad
6300527,500,Damenfahrrad
11501341,379,Damenfahrrad
2500727,4196,Herrenfahrrad
9100203,300,Damenfahrrad
1300835,200,Damenfahrrad
7300515,385,Fahrrad
4400830,628,Damenfahrrad
9200716,799,Fahrrad
7100102,623,Damenfahrrad
7300516,565,Herrenfahrrad
12500825,460,Herrenfahrrad
6300527,400,Damenfahrrad
2300315,1000,Herrenfahrrad
5100104,499,Damenfahrrad
12601032,1197,Damenfahrrad
3601451,893,Herrenfahrrad
1100309,1712,Herrenfahrrad
9300923,500,Fahrrad
2300314,382,Kinderfahrrad
6100209,555,Damenfahrrad
1200519,942,Damenfahrrad
6300527,878,Herrenfahrrad
2300315,400,Fahrrad
9200717,556,Damenfahrrad
1100311,900,Herrenfahrrad
3701659,659,Damenfahrrad
3400722,300,Herrenfahrrad
4501045,900,Damenfahrrad
1200517,2531,Herrenfahrrad
4501041,350,Damenfahrrad
5200418,478,Herrenfahrrad
10300734,384,Damenfahrrad
3601348,1500,Herrenfahrrad
4300415,440,Damenfahrrad
10100315,450,Damenfahrrad
5200629,598,Damenfahrrad
4501043,380,Kinderfahrrad
7501030,300,Damenfahrrad
10100315,488,Damenfahrrad
10400836,800,Damenfahrrad
9200512,200,Damenfahrrad
2300419,570,Kinderfahrrad
12601031,450,Mountainbike
4300622,895,Herrenfahrrad
1300836,400,Herrenfahrrad
1200624,700,Damenfahrrad
12100206,571,Herrenfahrrad
7601544,953,Herrenfahrrad
4200308,649,Herrenfahrrad
3601348,934,Damenfahrrad
2400624,300,Herrenfahrrad
6200312,580,Fahrrad
4400726,938,Herrenfahrrad
4300517,3500,Damenfahrrad
11100308,600,Mountainbike
7400927,766,Damenfahrrad
3601346,630,Herrenfahrrad
7200307,300,Herrenfahrrad
3701554,500,Mountainbike
6300527,449,Herrenfahrrad
1100309,1714,Herrenfahrrad
1100308,429,Fahrrad
2200211,1800,Herrenfahrrad
6200422,3000,Herrenfahrrad
2200209,857,Herrenfahrrad
3601347,900,Herrenfahrrad
3601453,500,Herrenfahrrad
4300619,1780,Fahrrad
9401534,425,Damenfahrrad
7601442,1350,Herrenfahrrad
9502043,451,Herrenfahrrad
8200622,550,Damenfahrrad
3100102,1049,Fahrrad
2200207,400,Damenfahrrad
3601347,1650,Rennrad
1100310,899,Mountainbike
4501041,2899,Fahrrad
4300621,3599,Mountainbike
7601238,299,Herrenfahrrad
4400832,695,Herrenfahrrad
3500935,699,Herrenfahrrad
3601245,300,Herrenfahrrad
8100103,380,Herrenfahrrad
5100102,400,Herrenfahrrad
2500835,1690,Damenfahrrad
2200213,100,Damenfahrrad
9501736,714,Herrenfahrrad
8100103,1118,Herrenfahrrad
5200631,277,Herrenfahrrad
1200628,464,Damenfahrrad
7300515,385,Fahrrad
3400826,499,Herrenfahrrad
3601139,350,Damenfahrrad
6300528,1149,Herrenfahrrad
7400720,999,Herrenfahrrad
3601453,715,Herrenfahrrad
4501042,288,Fahrrad
2400624,3000,Herrenfahrrad
1100310,1420,Herrenfahrrad
1100101,867,Damenfahrrad
1100101,500,Herrenfahrrad
1100102,445,Damenfahrrad
1300835,235,Fahrrad
4200310,650,Herrenfahrrad
4501043,348,Kinderfahrrad
5200631,560,Herrenfahrrad
11200513,600,Fahrrad
5400942,728,Fahrrad
4501148,1290,Herrenfahrrad
1300733,400,Damenfahrrad
4300622,799,Damenfahrrad
4300622,999,Herrenfahrrad
12200307,430,divers
9200715,329,Kinderfahrrad
11200513,500,Damenfahrrad
7300618,544,Damenfahrrad
2300314,350,Damenfahrrad
2300418,350,Herrenfahrrad
4500936,350,Mountainbike
2500729,474,Damenfahrrad
7400825,379,Damenfahrrad
2500833,1000,Damenfahrrad
2300418,999,Herrenfahrrad
12500825,249,Damenfahrrad
12200515,446,Herrenfahrrad
4500936,1000,Herrenfahrrad
6200313,395,Herrenfahrrad
4300623,808,Damenfahrrad
12601031,462,Herrenfahrrad
8100314,270,Herrenfahrrad
12400720,500,Herrenfahrrad
3601348,3588,Herrenfahrrad
9100101,675,Herrenfahrrad
10100101,320,Fahrrad
3400618,699,Damenfahrrad
8200624,80,Kinderfahrrad
3501037,600,Herrenfahrrad
3601245,2399,Damenfahrrad
6100102,1199,Herrenfahrrad
11501339,710,Herrenfahrrad
3400831,888,Damenfahrrad
12500825,700,Damenfahrrad
1401044,499,Herrenfahrrad
8100209,1510,Damenfahrrad
2100104,999,Herrenfahrrad
1300836,259,Herrenfahrrad
2300419,715,Herrenfahrrad
3601453,105,Damenfahrrad
4300413,1500,Damenfahrrad
3100103,599,Damenfahrrad
8100207,500,Fahrrad
5100210,3600,divers
1200623,789,Kinderfahrrad
11400931,550,Damenfahrrad
2500830,690,Herrenfahrrad
2200210,200,Herrenfahrrad
7100102,1279,Fahrrad
3400724,200,Herrenfahrrad
5300737,300,Mountainbike
8200623,1217,Herrenfahrrad
2500726,874,Herrenfahrrad
4300413,827,Damenfahrrad
3701660,100,Damenfahrrad
2200209,950,Fahrrad
3701555,455,Kinderfahrrad
3500935,2300,Herrenfahrrad
8100418,750,Mountainbike
8100207,2899,Damenfahrrad
1401046,3586,Herrenfahrrad
4300414,740,Herrenfahrrad
4300413,988,Damenfahrrad
11300616,499,Damenfahrrad
3501038,550,Herrenfahrrad
4400727,1,Fahrrad
2200212,200,Herrenfahrrad
3601244,230,Fahrrad
3400829,999,Herrenfahrrad
7501030,400,Fahrrad
11300724,400,Damenfahrrad
3701659,720,Damenfahrrad
7100206,786,Damenfahrrad
2500834,442,Damenfahrrad
3601244,2898,divers
1100416,499,Herrenfahrrad
5100209,3500,divers
2100104,701,Herrenfahrrad
3701658,749,Damenfahrrad
2300417,1,Fahrrad
8401243,498,Damenfahrrad
6400735,500,Herrenfahrrad
4501044,1815,Herrenfahrrad
3400826,280,Herrenfahrrad
7100206,440,Fahrrad
4300416,1540,Damenfahrrad
11400927,100,Herrenfahrrad
7100205,598,Kinderfahrrad
7400721,499,Herrenfahrrad
2500835,100,Herrenfahrrad
4400726,3000,Herrenfahrrad
8300935,204,Herrenfahrrad
1100415,750,Herrenfahrrad
1100312,809,Herrenfahrrad
1401046,260,Herrenfahrrad
4501151,715,Fahrrad
3601244,599,Herrenfahrrad
12200515,600,Fahrrad
4200310,455,Fahrrad
8100311,150,Herrenfahrrad
8401244,369,Herrenfahrrad
4300623,2600,Damenfahrrad
2300418,580,Damenfahrrad
9501940,700,Damenfahrrad
8100311,323,Damenfahrrad
4300623,680,Herrenfahrrad
12400721,1000,Herrenfahrrad
4300620,1362,Damenfahrrad
4501153,450,Damenfahrrad
2500835,499,Herrenfahrrad
9100408,734,Herrenfahrrad
7300517,80,Herrenfahrrad
1100205,214,Herrenfahrrad
12500927,200,Damenfahrrad
3601139,500,Herrenfahrrad
4200310,1316,divers
2500835,2310,Fahrrad
7100101,559,Herrenfahrrad
4500937,555,Damenfahrrad
1401047,351,Herrenfahrrad
10200526,300,Herrenfahrrad
1100415,500,Damenfahrrad
8100418,882,Damenfahrrad
1200626,599,Damenfahrrad
1401043,395,Fahrrad
8100415,200,Kinderfahrrad
1100102,3344,Herrenfahrrad
9100305,0,Herrenfahrrad
4100101,498,Damenfahrrad
9200613,800,Herrenfahrrad
6300526,1078,Herrenfahrrad
1200626,312,Herrenfahrrad
3400827,700,Damenfahrrad
9200614,670,Herrenfahrrad
3601139,429,Damenfahrrad
11100307,2888,Damenfahrrad
9200613,500,Herrenfahrrad
3601141,279,Herrenfahrrad
4501042,3500,Damenfahrrad
1100102,3344,Damenfahrrad
4500939,640,Mountainbike
1200626,288,Herrenfahrrad
6300524,1400,Herrenfahrrad
2400521,448,Fahrrad
11300722,499,Herrenfahrrad
10300734,424,Herrenfahrrad
6100102,590,Herrenfahrrad
8100310,490,Herrenfahrrad
9200613,300,Herrenfahrrad
3400619,3000,Herrenfahrrad
2400522,669,Kinderfahrrad
3400618,1119,Herrenfahrrad
2200207,570,Herrenfahrrad
2500729,642,Herrenfahrrad
8100206,250,Herrenfahrrad
7400826,300,Damenfahrrad
12100205,300,Damenfahrrad
7200308,800,Damenfahrrad
3501037,449,Damenfahrrad
2200207,3299,Herrenfahrrad
5200630,339,Damenfahrrad
8200622,800,Herrenfahrrad
12601134,449,Mountainbike
12500824,622,Damenfahrrad
11400929,481,Herrenfahrrad
11100309,150,Damenfahrrad
3400723,4463,Fahrrad
7200412,499,Fahrrad
9100408,500,Herrenfahrrad
3400618,554,Herrenfahrrad
4501043,199,Herrenfahrrad
7300619,600,Herrenfahrrad
6400735,25,Damenfahrrad
12601235,299,Damenfahrrad
4501146,600,Herrenfahrrad
6400839,1349,Damenfahrrad
4501043,850,Herrenfahrrad
3500934,550,Damenfahrrad
3400619,406,Damenfahrrad
1100103,500,Herrenfahrrad
1300836,500,Herrenfahrrad
7200307,399,Herrenfahrrad
9100101,600,Herrenfahrrad
4501152,454,Damenfahrrad
12200515,4393,Herrenfahrrad
3701555,2200,Herrenfahrrad
1401046,179,Herrenfahrrad
3501038,273,Fahrrad
1100416,3517,Damenfahrrad
8100102,780,Fahrrad
2500835,646,Herrenfahrrad
7100101,400,Damenfahrrad
4400835,449,Damenfahrrad
10100103,329,Mountainbike
1100416,420,Herrenfahrrad
9100202,385,Kinderfahrrad
2100104,230,Herrenfahrrad
8100103,799,Damenfahrrad
1200521,500,Herrenfahrrad
4501045,440,Damenfahrrad
5100104,150,Herrenfahrrad
9100203,650,Herrenfahrrad
7601544,300,Fahrrad
7400720,500,Damenfahrrad
3701660,580,Herrenfahrrad
4100101,359,Herrenfahrrad
11401034,729,Herrenfahrrad
11501339,1750,Damenfahrrad
1100313,230,Herrenfahrrad
11200515,150,Mountainbike
9100304,400,Herrenfahrrad
3400826,693,Herrenfahrrad
8100521,300,Herrenfahrrad
3601453,1200,Herrenfahrrad
7100206,629,Damenfahrrad
2100101,717,Damenfahrrad
1401044,500,Herrenfahrrad
3400721,400,Herrenfahrrad
2500834,540,Herrenfahrrad
2100101,1085,Mountainbike
4200311,1250,Herrenfahrrad
6300526,1097,Fahrrad
12500926,300,Herrenfahrrad
3701660,886,Herrenfahrrad
4300624,800,Damenfahrrad
4100101,2700,Herrenfahrrad
8401246,259,Herrenfahrrad
8100101,400,Herrenfahrrad
11501339,744,Herrenfahrrad
3601142,1700,Herrenfahrrad
3601452,180,Kinderfahrrad
9501736,250,Herrenfahrrad
3200207,599,Herrenfahrrad
3601142,800,Damenfahrrad
6200422,1180,Herrenfahrrad
3200206,823,Herrenfahrrad
2300418,575,Herrenfahrrad
5300735,700,Herrenfahrrad
6300524,600,Herrenfahrrad
9501838,310,Herrenfahrrad
1401049,1200,Damenfahrrad
1300836,400,Herrenfahrrad
8100208,300,Herrenfahrrad
7200413,879,Herrenfahrrad
2300419,798,Herrenfahrrad
3601346,864,Damenfahrrad
7300619,1249,Damenfahrrad
1100415,1200,divers
2100102,5986,Fahrrad
9100202,5000,Mountainbike
9301025,400,Kinderfahrrad
5100316,399,Damenfahrrad
3701658,320,Damenfahrrad
12500928,475,Kinderfahrrad
9502043,560,Damenfahrrad
8300934,599,Damenfahrrad
4400832,200,Herrenfahrrad
3100102,2805,Damenfahrrad
3400830,1,Herrenfahrrad
9200715,1574,Herrenfahrrad
1401043,630,Damenfahrrad
3400826,450,Herrenfahrrad
3601346,1200,Damenfahrrad
7200409,350,Fahrrad
12100205,449,Mountainbike
4500936,389,Kinderfahrrad
12500824,358,Damenfahrrad
11200512,770,Damenfahrrad
11401136,150,Herrenfahrrad
4500937,340,Herrenfahrrad
11200514,350,Herrenfahrrad
1401043,279,Herrenfahrrad
2400623,788,Herrenfahrrad
3601346,643,Herrenfahrrad
3601346,400,Herrenfahrrad
8100419,280,Fahrrad
11400927,300,Fahrrad
12200307,599,Herrenfahrrad
8100417,1247,Damenfahrrad
2200212,600,Herrenfahrrad
3400721,400,Damenfahrrad
10400938,2386,divers
2400623,150,Damenfahrrad
3500935,2400,Damenfahrrad
12200310,1,Mountainbike
4300619,199,Damenfahrrad
2500726,695,Herrenfahrrad
1200626,928,Herrenfahrrad
1401046,2399,Fahrrad
9200613,400,Fahrrad
3400722,700,Damenfahrrad
3400723,579,Damenfahrrad
12601235,2019,Damenfahrrad
1401049,370,Mountainbike
2100106,665,Herrenfahrrad
3701658,750,Herrenfahrrad
3400831,200,Herrenfahrrad
1400938,510,divers
12200310,1,Mountainbike
6400737,500,Herrenfahrrad
7100206,499,Herrenfahrrad
4500936,889,Damenfahrrad
12500930,299,Damenfahrrad
1200522,500,Rennrad
1100415,1045,Fahrrad
10200526,450,Herrenfahrrad
3701554,475,Damenfahrrad
2500836,849,Fahrrad
1300733,430,Damenfahrrad
10200417,482,Herrenfahrrad
2100106,743,Damenfahrrad
11200514,295,Herrenfahrrad
8100311,388,Damenfahrrad
1100207,730,Herrenfahrrad
4501042,1380,Herrenfahrrad
1100206,5299,Herrenfahrrad
9200715,320,Herrenfahrrad
4400834,210,Fahrrad
8401138,515,Kinderfahrrad
3200207,1284,Herrenfahrrad
3701657,400,Fahrrad
4300414,1700,Herrenfahrrad
7100103,444,Herrenfahrrad
9200715,450,Herrenfahrrad
3200207,1119,Damenfahrrad
3701659,763,Damenfahrrad
9100407,894,Damenfahrrad
3601243,939,Herrenfahrrad
2300314,899,Damenfahrrad
3400828,4400,Herrenfahrrad
12100102,699,Herrenfahrrad
9100101,2588,Damenfahrrad
11300826,600,Herrenfahrrad
9100202,664,Damenfahrrad
1400942,400,Herrenfahrrad
1200629,499,Damenfahrrad
10100311,352,Damenfahrrad
9100408,700,Damenfahrrad
5200528,1350,Herrenfahrrad
6200422,999,divers
7300516,319,Herrenfahrrad
8100101,3499,Fahrrad
8100314,299,Herrenfahrrad
4200310,545,Herrenfahrrad
2300417,150,Damenfahrrad
9401329,928,Herrenfahrrad
2200212,350,Kinderfahrrad
3601245,350,Damenfahrrad
9100409,199,Herrenfahrrad
3400826,472,Rennrad
1300836,200,Herrenfahrrad
2500835,458,Fahrrad
9100202,300,Damenfahrrad
1300733,1039,Fahrrad
2500834,1380,Fahrrad
7400928,1940,Fahrrad
3400830,710,Herrenfahrrad
3601348,600,Herrenfahrrad
1300733,212,Herrenfahrrad
1401048,1400,Herrenfahrrad
6100101,850,Damenfahrrad
3400724,449,Kinderfahrrad
4200311,720,Herrenfahrrad
3300516,599,Herrenfahrrad
1401043,535,Herrenfahrrad
7501031,500,Herrenfahrrad
2200211,752,Damenfahrrad
7501029,599,Damenfahrrad
2100104,517,Herrenfahrrad
6400736,350,Damenfahrrad
11501238,170,Fahrrad
1100313,2500,Damenfahrrad
2300417,800,Mountainbike
11100309,949,Herrenfahrrad
1300730,257,Damenfahrrad
8100311,1037,Rennrad
4501151,560,Damenfahrrad
6100103,550,Kinderfahrrad
2200210,325,Mountainbike
2300316,350,Mountainbike
2300417,800,Herrenfahrrad
12200515,499,Damenfahrrad
6300634,748,Fahrrad
8100105,800,Herrenfahrrad
9200511,60,Kinderfahrrad
7200308,1200,Mountainbike
5100316,290,Damenfahrrad
9501736,4155,Fahrrad
9300922,579,Damenfahrrad
6300630,749,Damenfahrrad
9200511,530,Herrenfahrrad
3400827,399,Herrenfahrrad
6100102,525,Herrenfahrrad
8300934,499,Herrenfahrrad
2500728,10,Fahrrad
3601451,450,Herrenfahrrad
6300526,502,Herrenfahrrad
2300417,500,Herrenfahrrad
4501152,1119,Damenfahrrad
3601139,250,Herrenfahrrad
1100205,438,Damenfahrrad
6400737,50,Herrenfahrrad
7100101,999,Damenfahrrad
6400736,864,Damenfahrrad
1200625,500,Herrenfahrrad
1300834,958,Herrenfahrrad
6400838,483,Fahrrad
5100314,0,Mountainbike
12400723,660,Herrenfahrrad
3400723,330,Herrenfahrrad
1100415,255,Herrenfahrrad
2100104,420,Mountainbike
8100311,313,Herrenfahrrad
1401049,400,divers
9502043,734,Herrenfahrrad
9200715,499,Herrenfahrrad
1200626,630,Herrenfahrrad
2400623,999,Damenfahrrad
6300634,571,Damenfahrrad
9200613,399,Damenfahrrad
8100419,300,Herrenfahrrad
12500928,1200,Herrenfahrrad
3200207,958,Herrenfahrrad
3400724,239,Herrenfahrrad
8100102,150,Fahrrad
4300416,311,Damenfahrrad
3200207,790,Damenfahrrad
3200207,599,Damenfahrrad
8200623,442,Damenfahrrad
10100208,600,Mountainbike
3400826,530,Herrenfahrrad
1401044,499,Damenfahrrad
11401032,700,Herrenfahrrad
11400929,722,Damenfahrrad
11300722,4565,Fahrrad
2500726,750,Herrenfahrrad
2400522,499,Herrenfahrrad
8401139,875,Damenfahrrad
3601347,415,Damenfahrrad
1400941,2800,Herrenfahrrad
6200422,600,Damenfahrrad
8100104,400,Damenfahrrad
11300826,250,Damenfahrrad
6300526,480,Damenfahrrad
3400829,399,Herrenfahrrad
8401245,304,Damenfahrrad
11401032,429,Damenfahrrad
9100101,800,Herrenfahrrad
9401534,115,Damenfahrrad
1300835,100,Fahrrad
7501133,1380,divers
7300618,400,Herrenfahrrad
1200522,849,Damenfahrrad
11200513,399,Fahrrad
9501736,578,Rennrad
3400827,399,Herrenfahrrad
4501044,307,Herrenfahrrad
9300923,850,Herrenfahrrad
5100105,338,Kinderfahrrad
4200310,499,Damenfahrrad
4400727,382,Kinderfahrrad
9401330,519,Herrenfahrrad
6100101,537,Damenfahrrad
4501040,420,Kinderfahrrad
1100313,999,Damenfahrrad
8401139,679,Damenfahrrad
11300725,690,Fahrrad
1100309,288,Herrenfahrrad
8100418,1286,Fahrrad
5400943,1,Mountainbike
8200730,1678,divers
2300419,652,Herrenfahrrad
7601544,335,Herrenfahrrad
2200212,150,Damenfahrrad
2200212,100,Herrenfahrrad
4300623,495,Damenfahrrad
3601451,270,Damenfahrrad
3601347,300,Herrenfahrrad
11400927,500,Herrenfahrrad
8100417,800,Damenfahrrad
3601348,588,Herrenfahrrad
5200527,1500,Fahrrad
6100102,929,Damenfahrrad
9301024,1400,Herrenfahrrad
7300515,775,Damenfahrrad
8100416,867,Damenfahrrad
8100417,1314,Damenfahrrad
9501737,429,Damenfahrrad
2500833,250,Rennrad
2300418,1842,Herrenfahrrad
8100418,1200,Herrenfahrrad
12400723,729,Herrenfahrrad
7100103,410,Herrenfahrrad
1300834,200,Damenfahrrad
7200409,469,Herrenfahrrad
2400624,978,Herrenfahrrad
1100312,1100,Damenfahrrad
7300516,300,Kinderfahrrad
8401246,716,Damenfahrrad
1401044,149,Kinderfahrrad
3400725,0,Herrenfahrrad
4300624,300,Kinderfahrrad
1200519,450,Damenfahrrad
7501032,399,Herrenfahrrad
4400727,385,Mountainbike
3601450,120,Damenfahrrad
2400623,1000,Fahrrad
9300920,150,Kinderfahrrad
3601347,1000,Herrenfahrrad
8100312,904,Damenfahrrad
3200207,599,Herrenfahrrad
9501737,1365,Herrenfahrrad
2400624,2938,Fahrrad
9200613,619,Damenfahrrad
1200627,533,Herrenfahrrad
1100414,1928,Herrenfahrrad
5100316,1820,Damenfahrrad
4300413,650,Herrenfahrrad
5100105,380,Herrenfahrrad
6400838,1499,Herrenfahrrad
2400625,200,Damenfahrrad
2400624,445,Damenfahrrad
8300935,429,Damenfahrrad
10300733,2059,Herrenfahrrad
8100312,350,Damenfahrrad
3601245,649,Damenfahrrad
9401329,899,Mountainbike
4100102,150,Damenfahrrad
9200717,848,Herrenfahrrad
6300526,400,Herrenfahrrad
8100417,2000,Fahrrad
3400830,558,Damenfahrrad
4300413,503,Damenfahrrad
9301024,633,Herrenfahrrad
1200522,1440,Herrenfahrrad
7200307,424,Herrenfahrrad
4300416,200,Herrenfahrrad
7200409,2536,Fahrrad
11300722,400,Damenfahrrad
6400735,10,Damenfahrrad
9100101,1599,Herrenfahrrad
11100307,1652,Damenfahrrad
3701555,1500,Herrenfahrrad
7100103,280,Herrenfahrrad
12200412,499,Herrenfahrrad
11401032,3,divers
9100101,300,Damenfahrrad
7300516,3000,divers
2400522,1300,Herrenfahrrad
8100103,637,Damenfahrrad
5100316,394,Damenfahrrad
1100308,300,Herrenfahrrad
1200519,555,Damenfahrrad
9301024,350,Herrenfahrrad
11300620,1174,Herrenfahrrad
9200510,784,Herrenfahrrad
4300620,338,Herrenfahrrad
3400830,574,Herrenfahrrad
4300415,1000,Herrenfahrrad
12601236,480,Fahrrad
7100101,600,Herrenfahrrad
3701554,500,Rennrad
7100102,1630,Damenfahrrad
4300416,200,Damenfahrrad
2200208,200,Herrenfahrrad
2300315,314,Kinderfahrrad
2500830,1800,Herrenfahrrad
7300619,498,Herrenfahrrad
8100103,450,Herrenfahrrad
2200209,999,Herrenfahrrad
8100206,300,Herrenfahrrad
1100309,200,Damenfahrrad
3701556,250,Herrenfahrrad
1100310,100,Damenfahrrad
5100315,422,Herrenfahrrad
1300835,400,divers
5200630,0,divers
3701554,200,Damenfahrrad
9100101,650,Damenfahrrad
1200624,388,Damenfahrrad
3701659,242,Damenfahrrad
3500934,1000,Herrenfahrrad
4300414,130,Damenfahrrad
9100305,310,Herrenfahrrad
3701659,180,Damenfahrrad
6100207,250,Damenfahrrad
9501940,500,Herrenfahrrad
7100101,3478,Herrenfahrrad
8100103,160,Damenfahrrad
7200413,350,Damenfahrrad
1300834,550,Fahrrad
1100415,499,Damenfahrrad
7300517,450,Damenfahrrad
8100312,700,Damenfahrrad
3601347,700,Damenfahrrad
4300415,263,Damenfahrrad
3701555,1600,Herrenfahrrad
2500727,699,Damenfahrrad
8100311,400,Damenfahrrad
9200511,521,Herrenfahrrad
3601142,300,Herrenfahrrad
9401329,299,Damenfahrrad
3500936,1300,Herrenfahrrad
8100102,300,Damenfahrrad
7100102,200,Herrenfahrrad
4400726,412,Kinderfahrrad
10100104,330,Damenfahrrad
11200512,260,Herrenfahrrad
4501041,508,Damenfahrrad
11100206,2059,Damenfahrrad
8100101,200,Mountainbike
1300834,300,Kinderfahrrad
3601449,90,Mountainbike
7100101,630,Damenfahrrad
3701660,800,Herrenfahrrad
1100310,298,Damenfahrrad
10200627,499,Damenfahrrad
3601142,635,Herrenfahrrad
8301037,850,Fahrrad
5200629,428,Kinderfahrrad
5100209,400,Herrenfahrrad
9301126,650,Herrenfahrrad
1100309,1379,Fahrrad
4400729,525,Herrenfahrrad
4501042,3000,Herrenfahrrad
3601451,385,Damenfahrrad
2500833,480,Damenfahrrad
1400940,259,Herrenfahrrad
4400832,600,Herrenfahrrad
1100206,400,Herrenfahrrad
1401044,150,Fahrrad
1100416,1600,Fahrrad
8100208,839,Fahrrad
8100417,380,Mountainbike
8100208,280,Damenfahrrad
10100314,222,Damenfahrrad
6300527,399,Damenfahrrad
4300623,350,Kinderfahrrad
9501737,2599,Herrenfahrrad
8401243,500,Damenfahrrad
4300622,1050,Herrenfahrrad
3501037,100,Damenfahrrad
3400619,780,Fahrrad
4501151,599,Herrenfahrrad
1400942,420,Herrenfahrrad
3400619,588,Herrenfahrrad
7300517,350,Fahrrad
6400838,444,Herrenfahrrad
9200819,300,Herrenfahrrad
9301024,1008,Herrenfahrrad
4300619,1177,divers
1400940,200,Damenfahrrad
5100105,439,Kinderfahrrad
10100206,399,Damenfahrrad
7501029,1,Mountainbike
2300419,400,Herrenfahrrad
10100209,899,Herrenfahrrad
3601348,1106,Damenfahrrad
6300525,500,Herrenfahrrad
6300630,265,Herrenfahrrad
4501150,399,Damenfahrrad
8401139,1199,Herrenfahrrad
4300414,300,Damenfahrrad
9200512,999,Herrenfahrrad
1100206,488,Herrenfahrrad
8100415,650,Herrenfahrrad
4300413,700,Damenfahrrad
2100103,220,Herrenfahrrad
2300314,643,Herrenfahrrad
4501040,2000,Herrenfahrrad
12100205,363,Herrenfahrrad
4501147,500,Herrenfahrrad
9100305,1200,Herrenfahrrad
8100313,748,Damenfahrrad
8100105,340,Herrenfahrrad
1300835,460,Herrenfahrrad
1200628,2400,Herrenfahrrad
9100101,475,Herrenfahrrad
3500936,1100,Damenfahrrad
2200210,239,Damenfahrrad
4300623,398,Kinderfahrrad
7300618,759,Damenfahrrad
1100415,699,Herrenfahrrad
1401046,0,Fahrrad
1300730,400,Mountainbike
1200623,799,Herrenfahrrad
8100103,200,Mountainbike
6100102,1110,Herrenfahrrad
4300623,1099,Herrenfahrrad
6100210,300,Herrenfahrrad
2200210,498,Damenfahrrad
9501737,700,Herrenfahrrad
1401043,200,Fahrrad
2200211,738,Damenfahrrad
4300624,350,Herrenfahrrad
11200514,490,Fahrrad
6300527,719,Damenfahrrad
12400720,450,Damenfahrrad
1401046,299,Damenfahrrad
2200213,380,Kinderfahrrad
10200630,100,Damenfahrrad
5100208,150,Herrenfahrrad
9100101,195,Herrenfahrrad
4501152,969,Damenfahrrad
7400823,1000,Herrenfahrrad
3701555,650,Kinderfahrrad
11401034,863,Herrenfahrrad
5100315,350,Herrenfahrrad
2200211,680,Damenfahrrad
4300620,1206,Herrenfahrrad
4501148,399,Damenfahrrad
7300516,215,Fahrrad
7100204,485,Damenfahrrad
6300633,2500,Herrenfahrrad
8100206,300,Herrenfahrrad
9200613,484,Damenfahrrad
8100102,1399,Herrenfahrrad
7100205,250,Fahrrad
10400836,350,Herrenfahrrad
10100101,498,Damenfahrrad
9501737,260,Herrenfahrrad
3701658,470,Herrenfahrrad
2400623,850,Mountainbike
8100103,60,Damenfahrrad
7100204,150,Herrenfahrrad
3100103,299,Herrenfahrrad
11200512,340,Damenfahrrad
1100308,557,Fahrrad
4501153,600,Damenfahrrad
4400729,399,Damenfahrrad
1100309,420,Herrenfahrrad
2500835,479,Herrenfahrrad
12601133,200,Fahrrad
4400833,550,Fahrrad
4200311,499,Damenfahrrad
4300621,1210,Herrenfahrrad
4300621,486,Damenfahrrad
3601244,440,Damenfahrrad
3400725,1850,Mountainbike
8100314,820,Herrenfahrrad
4501043,719,Herrenfahrrad
8100103,250,Herrenfahrrad
10100312,205,Herrenfahrrad
4400726,250,Herrenfahrrad
1200519,904,Damenfahrrad
2500832,100,Herrenfahrrad
11300826,192,Kinderfahrrad
10100205,900,Herrenfahrrad
4300414,150,Herrenfahrrad
4200309,1249,Damenfahrrad
10100101,398,Damenfahrrad
2500832,1434,Herrenfahrrad
6300631,1550,Herrenfahrrad
5200528,60,Kinderfahrrad
2300316,500,Herrenfahrrad
6400840,495,Herrenfahrrad
2500833,1350,Herrenfahrrad
5200629,90,Herrenfahrrad
4200206,140,Damenfahrrad
5100206,449,Damenfahrrad
2400624,800,Herrenfahrrad
3601347,800,Herrenfahrrad
7100206,2499,Rennrad
3701554,1000,Herrenfahrrad
9301025,410,Damenfahrrad
2400623,488,Herrenfahrrad
10100104,498,Herrenfahrrad
2300419,550,Herrenfahrrad
3400831,992,Herrenfahrrad
11401032,250,Damenfahrrad
1400940,550,Herrenfahrrad
4200310,800,Herrenfahrrad
12500824,397,Damenfahrrad
10100208,80,Herrenfahrrad
1401044,160,Fahrrad
12601031,500,Damenfahrrad
12601235,55,Kinderfahrrad
4501045,644,Herrenfahrrad
2400623,260,Fahrrad
2400522,629,Herrenfahrrad
8100312,120,Damenfahrrad
3701659,560,Herrenfahrrad
2400623,199,Fahrrad
3400723,545,Herrenfahrrad
1100415,550,Herrenfahrrad
4400835,649,Damenfahrrad
4300623,3000,Herrenfahrrad
8200622,260,Damenfahrrad
3400826,503,Herrenfahrrad
3701659,285,Herrenfahrrad
4300622,570,Mountainbike
1401045,100,Herrenfahrrad
1100313,299,Damenfahrrad
3601141,734,Fahrrad
2400521,900,Herrenfahrrad
2500727,1268,Fahrrad
1200628,1599,Herrenfahrrad
3701659,600,Herrenfahrrad
1100415,300,Herrenfahrrad
8100103,624,Damenfahrrad
3601346,333,Damenfahrrad
5100316,716,Herrenfahrrad
4300517,299,Damenfahrrad
4501041,552,Herrenfahrrad
1401043,250,Damenfahrrad
11300617,1500,divers
5100316,250,Herrenfahrrad
3501037,249,Damenfahrrad
5100312,1,Mountainbike
5100312,1,Mountainbike
5100314,499,Herrenfahrrad
11401032,450,Fahrrad
3601142,400,Damenfahrrad
8100418,60,Rennrad
2400624,600,divers
4300623,500,Damenfahrrad
3400722,350,Herrenfahrrad
1200521,520,Mountainbike
2100102,200,Damenfahrrad
11400931,550,Damenfahrrad
7100101,2074,Herrenfahrrad
4300620,699,Herrenfahrrad
9501939,300,Herrenfahrrad
9100202,671,Herrenfahrrad
5100315,180,Damenfahrrad
1100309,800,Herrenfahrrad
7300618,1562,divers
3100101,430,Damenfahrrad
2300314,1020,Fahrrad
2400522,60,Herrenfahrrad
11400929,909,Herrenfahrrad
2200211,780,Damenfahrrad
11400931,650,Herrenfahrrad
11300722,850,Herrenfahrrad
12500927,680,Damenfahrrad
1100104,1134,Herrenfahrrad
8200624,594,Damenfahrrad
9200715,350,Herrenfahrrad
9100101,644,Herrenfahrrad
8100419,749,Damenfahrrad
5200527,150,Herrenfahrrad
6400736,799,Herrenfahrrad
3100103,150,Damenfahrrad
3500934,800,Fahrrad
8100206,900,Herrenfahrrad
9200613,299,Mountainbike
7400825,1800,Herrenfahrrad
5100313,500,Damenfahrrad
3601243,350,Fahrrad
8401244,549,Damenfahrrad
9200510,1199,Herrenfahrrad
4501153,70,Herrenfahrrad
5200631,1580,divers
12100205,460,Herrenfahrrad
3701658,699,Damenfahrrad
6200314,880,Herrenfahrrad
4500939,400,divers
3400827,1057,Damenfahrrad
9100101,880,Herrenfahrrad
7200411,250,Herrenfahrrad
2400624,1100,Fahrrad
11100206,350,Herrenfahrrad
5100315,300,Fahrrad
2200213,590,Damenfahrrad
2300419,170,Kinderfahrrad
5200629,333,Herrenfahrrad
9200715,774,Herrenfahrrad
1200522,250,Herrenfahrrad
3601452,350,Kinderfahrrad
8100102,444,divers
10100209,319,Herrenfahrrad
10200417,549,Herrenfahrrad
1100416,600,Damenfahrrad
2100106,620,Damenfahrrad
3400619,560,Herrenfahrrad
7501030,599,Damenfahrrad
8300934,600,Herrenfahrrad
10300733,499,Damenfahrrad
9200717,650,Herrenfahrrad
2400521,875,Herrenfahrrad
1100103,450,Damenfahrrad
3701554,600,Herrenfahrrad
2200212,100,Herrenfahrrad
3500933,488,Herrenfahrrad
3500936,415,Herrenfahrrad
2300417,545,Herrenfahrrad
3701658,699,Herrenfahrrad
8100209,1350,Fahrrad
3601243,1049,Rennrad
8100310,1100,Damenfahrrad
5100315,500,Herrenfahrrad
1100416,400,Rennrad
3400721,569,Herrenfahrrad
12200413,344,Damenfahrrad
11400928,1000,Herrenfahrrad
8100206,100,Damenfahrrad
11200512,450,Damenfahrrad
1300732,100,Herrenfahrrad
2500729,329,Fahrrad
6100103,594,Herrenfahrrad
7200411,699,Damenfahrrad
11200514,200,Fahrrad
2100104,300,Herrenfahrrad
11100308,150,Mountainbike
5100316,799,Damenfahrrad
3300412,699,Herrenfahrrad
4100101,5300,Fahrrad
11300725,800,Fahrrad
8100312,450,Fahrrad
2500831,230,Herrenfahrrad
8100103,207,Herrenfahrrad
8100416,1398,divers
5300839,599,Herrenfahrrad
8100206,230,Herrenfahrrad
9100407,553,Herrenfahrrad
4100101,815,Damenfahrrad
7200307,150,Damenfahrrad
8100416,2300,Rennrad
3400724,605,Damenfahrrad
3400722,1200,Herrenfahrrad
4300624,1028,Herrenfahrrad
1200520,1499,Herrenfahrrad
3601141,1000,Fahrrad
11200514,100,Damenfahrrad
3601243,500,Damenfahrrad
2300314,200,Mountainbike
2300316,369,Herrenfahrrad
4501148,1650,Mountainbike
12100103,450,Herrenfahrrad
12100103,399,Herrenfahrrad
11300722,2600,Fahrrad
7300618,300,Herrenfahrrad
11401137,237,Damenfahrrad
9501939,999,Herrenfahrrad
3500934,3050,Herrenfahrrad
3601141,1732,Damenfahrrad
2100103,300,Fahrrad
3400721,600,Herrenfahrrad
12400618,1300,Herrenfahrrad
8100419,200,Damenfahrrad
12100101,219,Rennrad
7400927,1104,Herrenfahrrad
2500726,750,Herrenfahrrad
6400838,1135,Herrenfahrrad
8100312,550,Damenfahrrad
2300418,1301,Herrenfahrrad
2200211,250,Damenfahrrad
2300314,300,Damenfahrrad
4300623,350,Damenfahrrad
1100310,513,Herrenfahrrad
1300835,399,Mountainbike
3400721,400,Herrenfahrrad
9200716,349,Damenfahrrad
5300737,2400,Herrenfahrrad
6300525,450,Herrenfahrrad
7601237,250,Damenfahrrad
12400721,419,Damenfahrrad
1401049,250,Kinderfahrrad
3601453,398,Kinderfahrrad
4300624,453,Fahrrad
1100207,600,Mountainbike
11501341,399,Herrenfahrrad
4300416,575,Damenfahrrad
2500835,2499,Herrenfahrrad
7400825,200,Damenfahrrad
2500835,320,Herrenfahrrad
1300836,1299,Herrenfahrrad
1100207,1199,Herrenfahrrad
6200420,729,Damenfahrrad
6300633,1299,Damenfahrrad
12400722,1000,Herrenfahrrad
7200410,2999,Herrenfahrrad
2300418,900,Fahrrad
5200629,540,Herrenfahrrad
7501029,300,Damenfahrrad
1100102,750,Damenfahrrad
3601451,910,Damenfahrrad
7200411,410,Herrenfahrrad
7400823,379,Fahrrad
1401044,900,Herrenfahrrad
4400830,400,Kinderfahrrad
3400723,858,Damenfahrrad
8100206,825,Herrenfahrrad
1300836,447,Damenfahrrad
9200511,1200,Herrenfahrrad
11200514,409,Herrenfahrrad
3400826,1800,Herrenfahrrad
5400943,450,Herrenfahrrad
12100103,790,Herrenfahrrad
4500939,1500,Herrenfahrrad
2300418,899,Herrenfahrrad
4501043,800,Herrenfahrrad
3601452,770,Herrenfahrrad
3200205,1300,Herrenfahrrad
4500938,1130,Herrenfahrrad
3200206,484,Kinderfahrrad
3601142,1200,Fahrrad
4300624,2940,Herrenfahrrad
9100101,700,Fahrrad
1200519,599,Damenfahrrad
12100204,350,Mountainbike
4500939,1080,Herrenfahrrad
9100304,1150,Rennrad
7400720,1096,divers
3601348,799,Herrenfahrrad
9200613,799,Herrenfahrrad
4300414,800,Herrenfahrrad
3601451,1115,Herrenfahrrad
9401534,2855,Damenfahrrad
3701556,1550,Damenfahrrad
5200629,2000,Fahrrad
3701660,600,Herrenfahrrad
11400931,750,Damenfahrrad
4500936,450,Damenfahrrad
4501043,1249,Damenfahrrad
1100206,1399,Herrenfahrrad
4300518,1000,Herrenfahrrad
11200513,500,Fahrrad
2200212,710,Rennrad
2200213,900,Damenfahrrad
7200409,1000,Herrenfahrrad
5300840,1121,Herrenfahrrad
1100310,630,Herrenfahrrad
7601546,1500,divers
4300518,605,Herrenfahrrad
9401432,2732,Herrenfahrrad
3500936,1038,Herrenfahrrad
8100206,489,Herrenfahrrad
6200315,849,Herrenfahrrad
8100417,300,Herrenfahrrad
8100104,1503,Fahrrad
4500936,2000,Rennrad
1200625,1007,Damenfahrrad
7501029,367,Mountainbike
8100310,300,Fahrrad
4100102,559,Damenfahrrad
2400623,900,Herrenfahrrad
5100316,699,Herrenfahrrad
3601346,500,Herrenfahrrad
8100310,350,Kinderfahrrad
3300412,239,Fahrrad
2400625,1347,Herrenfahrrad
3300411,3999,Herrenfahrrad
1200629,640,Herrenfahrrad
3601452,2731,Herrenfahrrad
2400520,569,Fahrrad
9200613,700,Damenfahrrad
4200309,498,Fahrrad
9300921,230,Mountainbike
1100309,3510,Herrenfahrrad
8100208,4999,Herrenfahrrad
11200410,500,Fahrrad
12200515,750,Mountainbike
4300517,350,Fahrrad
2400520,444,Herrenfahrrad
4300413,199,Herrenfahrrad
9200613,353,Herrenfahrrad
1100206,280,Damenfahrrad
9501939,637,Herrenfahrrad
6300629,300,Herrenfahrrad
4300415,534,Damenfahrrad
7100204,1261,Herrenfahrrad
11501339,620,Damenfahrrad
3601449,428,Damenfahrrad
3701659,589,Herrenfahrrad
6300527,450,Herrenfahrrad
3400721,321,Fahrrad
1100308,899,Herrenfahrrad
9501940,450,Herrenfahrrad
3400831,722,Fahrrad
9200716,450,Damenfahrrad
3601243,650,Damenfahrrad
6100102,203,Damenfahrrad
11300826,250,Mountainbike
9100101,666,Damenfahrrad
6100102,931,Damenfahrrad
3200207,494,Herrenfahrrad
11501341,444,Fahrrad
2400521,605,Fahrrad
3601245,2000,Fahrrad
9100203,1150,Herrenfahrrad
9502042,0,Damenfahrrad
4500939,405,Herrenfahrrad
2100101,450,Herrenfahrrad
1100308,1370,Damenfahrrad
10100210,700,Herrenfahrrad
5100102,2117,Herrenfahrrad
12400722,500,Damenfahrrad
1200624,658,Damenfahrrad
6100205,432,Herrenfahrrad
9100101,200,Herrenfahrrad
3400725,499,Mountainbike
3400721,298,Herrenfahrrad
4501147,150,Herrenfahrrad
8100415,300,Herrenfahrrad
1401044,849,Damenfahrrad
5200630,1104,Damenfahrrad
4400830,360,Damenfahrrad
2500726,780,Fahrrad
9200613,147,Damenfahrrad
4501042,1249,Herrenfahrrad
1100104,948,Herrenfahrrad
3701660,1410,Herrenfahrrad
3701657,200,Damenfahrrad
6300524,290,Herrenfahrrad
3400721,1800,Herrenfahrrad
3400722,195,Herrenfahrrad
12601134,350,Herrenfahrrad
6100206,794,Herrenfahrrad
10300732,1499,Herrenfahrrad
2500726,540,Damenfahrrad
10300731,156,Fahrrad
4501043,750,Damenfahrrad
4200308,1449,Damenfahrrad
1100312,590,Fahrrad
2400522,956,Herrenfahrrad
6200420,400,Herrenfahrrad
7400927,699,Damenfahrrad
1200518,575,Herrenfahrrad
9501737,600,Kinderfahrrad
12200308,550,Mountainbike
3501037,300,Herrenfahrrad
9200613,1000,Herrenfahrrad
1300836,499,Damenfahrrad
12400721,800,Herrenfahrrad
2400623,2999,Herrenfahrrad
3701660,699,Herrenfahrrad
3300412,239,Fahrrad
5100209,900,Herrenfahrrad
4501044,1625,Herrenfahrrad
1100205,1000,Fahrrad
5200630,730,Herrenfahrrad
7100101,1099,Herrenfahrrad
3601142,332,Mountainbike
7200413,900,Damenfahrrad
6400737,255,Fahrrad
6100207,500,Damenfahrrad
1100309,2000,Herrenfahrrad
9501737,488,Damenfahrrad
8301037,350,Damenfahrrad
2200210,500,Damenfahrrad
1100309,624,Herrenfahrrad
8401139,557,Damenfahrrad
2300419,785,Herrenfahrrad
8100105,900,Herrenfahrrad
2100103,1287,Herrenfahrrad
4300414,400,Herrenfahrrad
4300624,394,Herrenfahrrad
8100103,777,Damenfahrrad
4500937,1349,Damenfahrrad
8100311,1199,Fahrrad
12100205,268,Damenfahrrad
7100102,720,Damenfahrrad
2300419,380,Kinderfahrrad
8100206,700,Damenfahrrad
9501941,279,Herrenfahrrad
4300621,499,Damenfahrrad
2200211,505,Damenfahrrad
3601243,672,Damenfahrrad
4500936,847,Fahrrad
7400823,300,Herrenfahrrad
9200715,559,Fahrrad
7501134,199,Damenfahrrad
10200526,449,Herrenfahrrad
7300619,498,Damenfahrrad
1100207,540,Herrenfahrrad
6100209,550,Damenfahrrad
1100206,1500,Herrenfahrrad
7100204,800,Herrenfahrrad
1100310,180,Damenfahrrad
8100416,1000,Herrenfahrrad
12100101,458,Herrenfahrrad
5100313,200,Herrenfahrrad
1100310,1800,Herrenfahrrad
1400938,1750,Herrenfahrrad
11300724,449,Damenfahrrad
2400623,450,Herrenfahrrad
6300526,600,Fahrrad
2400522,1380,Herrenfahrrad
4501151,1100,Fahrrad
4200308,600,Damenfahrrad
9100203,200,Damenfahrrad
11401034,300,Damenfahrrad
3400828,600,Fahrrad
1100101,900,Herrenfahrrad
5100313,380,Herrenfahrrad
7300517,400,Damenfahrrad
8200730,1050,Herrenfahrrad
3400830,200,Damenfahrrad
3701658,800,Herrenfahrrad
8100313,105,Damenfahrrad
4501040,659,Damenfahrrad
3601142,394,Herrenfahrrad
11400929,333,Herrenfahrrad
4300623,535,Damenfahrrad
2200213,240,Damenfahrrad
3601453,999,Herrenfahrrad
11400927,2049,Herrenfahrrad
8100415,814,Herrenfahrrad
11401136,350,Damenfahrrad
11401136,490,Damenfahrrad
2100106,327,Herrenfahrrad
12601134,899,Herrenfahrrad
9100101,550,Mountainbike
3400618,600,Herrenfahrrad
1100415,250,Damenfahrrad
7400927,1000,Herrenfahrrad
4300620,1199,Herrenfahrrad
7200413,875,Fahrrad
9501737,250,Damenfahrrad
1300730,620,Damenfahrrad
4400728,792,Rennrad
4400728,499,Mountainbike
7100101,5402,Damenfahrrad
7200308,480,Damenfahrrad
8100209,1000,Rennrad
11200512,499,Damenfahrrad
12400618,401,Fahrrad
8100415,309,Herrenfahrrad
1300732,358,Damenfahrrad
2500835,549,Herrenfahrrad
12601134,300,Damenfahrrad
12400721,698,Herrenfahrrad
11100204,746,Damenfahrrad
2200209,1098,Herrenfahrrad
7300515,25,Kinderfahrrad
3701659,1199,Damenfahrrad
4500936,840,Damenfahrrad
4501152,2045,Herrenfahrrad
1200624,3850,Rennrad
9501939,1000,Herrenfahrrad
2100104,699,Herrenfahrrad
1100206,1077,Fahrrad
2400623,2000,Herrenfahrrad
4300517,1200,Fahrrad
2400623,500,Damenfahrrad
9501939,799,Damenfahrrad
7300515,1000,Herrenfahrrad
2200211,1662,Damenfahrrad
3400721,900,Rennrad
10100210,450,Damenfahrrad
1100206,1450,Herrenfahrrad
1200628,500,Herrenfahrrad
4501146,300,Fahrrad
9501737,700,Mountainbike
9100305,999,Herrenfahrrad
1200624,699,Damenfahrrad
4501149,417,Damenfahrrad
3400724,1149,Herrenfahrrad
12100206,1100,Damenfahrrad
2100101,400,Kinderfahrrad
3601244,579,Mountainbike
4500939,1250,Herrenfahrrad
3601450,1075,Damenfahrrad
2300418,540,Damenfahrrad
10100312,299,Damenfahrrad
1400938,400,Damenfahrrad
8100314,230,Fahrrad
3601347,1200,Herrenfahrrad
2300314,700,Herrenfahrrad
3601140,388,Kinderfahrrad
8100415,749,Herrenfahrrad
4200309,510,Herrenfahrrad
9502042,1000,Herrenfahrrad
4400727,548,Herrenfahrrad
11501341,500,divers
3601348,799,Herrenfahrrad
1200517,2349,Damenfahrrad
3701660,320,Damenfahrrad
9200511,599,Herrenfahrrad
9100101,1050,Herrenfahrrad
3701554,1799,Fahrrad
2400623,610,Fahrrad
5100314,474,Herrenfahrrad
3701660,1100,Herrenfahrrad
12400723,480,Damenfahrrad
1200629,900,Herrenfahrrad
9502042,725,Herrenfahrrad
4500937,1100,Fahrrad
6100103,637,Herrenfahrrad
9100101,499,Fahrrad
2200209,860,Herrenfahrrad
9301025,50,Herrenfahrrad
7400824,906,Damenfahrrad
1200625,450,Damenfahrrad
5100316,500,Kinderfahrrad
7400721,3692,Damenfahrrad
1401049,439,Fahrrad
8100418,1000,Herrenfahrrad
9501939,1028,Damenfahrrad
9100407,334,Herrenfahrrad
11501341,1387,Herrenfahrrad
4500937,3500,divers
3400721,200,Herrenfahrrad
3701554,851,Herrenfahrrad
6100103,2750,Herrenfahrrad
8100103,495,Mountainbike
2300417,30,Fahrrad
8100102,1399,Herrenfahrrad
10200418,900,Herrenfahrrad
2500835,549,Herrenfahrrad
3601347,100,Herrenfahrrad
11300722,555,Herrenfahrrad
6100207,1743,Rennrad
5300737,100,Herrenfahrrad
1100313,450,Fahrrad
2100103,498,Fahrrad
3200310,2180,Mountainbike
9100305,1000,Herrenfahrrad
1400942,314,Herrenfahrrad
10200417,400,Herrenfahrrad
2500833,250,Mountainbike
7400824,951,Herrenfahrrad
12400720,450,Kinderfahrrad
7300618,399,Damenfahrrad
7100101,320,Herrenfahrrad
7200411,300,Kinderfahrrad
2300419,550,Herrenfahrrad
2200207,229,Herrenfahrrad
2500729,800,Herrenfahrrad
3601348,1254,Herrenfahrrad
3601142,398,Kinderfahrrad
4501041,1250,Herrenfahrrad
8100416,750,Fahrrad
4501045,350,Herrenfahrrad
1300835,300,Damenfahrrad
4300517,600,Damenfahrrad
4400835,300,Damenfahrrad
6400737,200,Damenfahrrad
7601236,350,Kinderfahrrad
9100203,150,Damenfahrrad
12200515,399,Damenfahrrad
8100311,1004,Fahrrad
2300419,390,Fahrrad
6100103,399,Damenfahrrad
4501151,799,Damenfahrrad
10300732,1099,Mountainbike
5300841,299,Fahrrad
7300618,480,Damenfahrrad
7300618,1100,Herrenfahrrad
2200212,270,Fahrrad
4501042,1056,Damenfahrrad
9200614,2149,Mountainbike
4501043,1000,Damenfahrrad
1200624,150,Herrenfahrrad
7100204,250,Fahrrad
2500832,1,Herrenfahrrad
7400928,1500,divers
4501151,1284,Herrenfahrrad
10100104,300,Herrenfahrrad
5100315,150,divers
2300419,1400,Damenfahrrad
1100312,271,Herrenfahrrad
1100309,750,Herrenfahrrad
9501939,1066,Herrenfahrrad
9501941,250,Mountainbike
7100204,999,divers
11300725,1174,Rennrad
1100104,249,Damenfahrrad
9200716,499,Herrenfahrrad
4501151,649,Herrenfahrrad
5100316,625,Herrenfahrrad
3601452,1510,Herrenfahrrad
8300934,390,Mountainbike
8301037,275,Herrenfahrrad
8401244,450,Herrenfahrrad
2500834,1083,Mountainbike
11401135,400,Damenfahrrad
6200313,499,Herrenfahrrad
9501941,250,Herrenfahrrad
1300733,525,Herrenfahrrad
9301126,200,Herrenfahrrad
1401047,50,Herrenfahrrad
2300418,750,Damenfahrrad
3601453,1200,Herrenfahrrad
5200524,180,Damenfahrrad
1100309,1093,Fahrrad
6300524,799,Damenfahrrad
3400725,100,Damenfahrrad
6400735,550,Mountainbike
12601134,390,Kinderfahrrad
2400625,444,Damenfahrrad
4200207,2100,Herrenfahrrad
3400828,150,Damenfahrrad
4400835,649,Herrenfahrrad
8300935,150,Kinderfahrrad
4501152,623,Damenfahrrad
3300411,500,Damenfahrrad
7300618,449,Damenfahrrad
7300517,640,Herrenfahrrad
6400839,669,Herrenfahrrad
1200629,465,Herrenfahrrad
7400720,399,Damenfahrrad
10200423,170,Fahrrad
1401048,200,Herrenfahrrad
5200629,400,Damenfahrrad
11501341,879,Fahrrad
2400623,537,Damenfahrrad
7100101,399,Herrenfahrrad
1401044,699,Herrenfahrrad
5300735,400,Damenfahrrad
8200833,170,Kinderfahrrad
4501152,449,Herrenfahrrad
2300418,1600,Fahrrad
4300619,500,Damenfahrrad
7300619,1500,Damenfahrrad
1100207,1050,Herrenfahrrad
4501042,180,Mountainbike
3701660,699,Herrenfahrrad
2500832,887,Herrenfahrrad
1401048,50,Damenfahrrad
3501038,180,Kinderfahrrad
6100101,300,Damenfahrrad
2400623,1125,Herrenfahrrad
2100101,3750,Herrenfahrrad
3400722,2700,Damenfahrrad
6100209,500,Damenfahrrad
2500728,280,Herrenfahrrad
3400725,850,Herrenfahrrad
11501340,566,Herrenfahrrad
4200308,640,Damenfahrrad
1200522,3131,Herrenfahrrad
3601140,810,Damenfahrrad
1200518,1200,Herrenfahrrad
1100104,195,Damenfahrrad
1300733,830,Herrenfahrrad
1300733,580,Damenfahrrad
2300418,2245,Herrenfahrrad
2300418,2125,Fahrrad
2500834,1458,Herrenfahrrad
3400830,704,Damenfahrrad
3400830,1080,Damenfahrrad
1200518,1599,Herrenfahrrad
6300634,2499,Herrenfahrrad
10200524,130,Herrenfahrrad
3400829,600,Herrenfahrrad
9100101,499,Herrenfahrrad
1200624,650,Damenfahrrad
3601453,4121,Herrenfahrrad
1200521,1742,Herrenfahrrad
6300528,524,Herrenfahrrad
7200414,300,Damenfahrrad
1100309,1649,Fahrrad
2200212,2070,Damenfahrrad
9501941,607,Fahrrad
1100102,2000,Fahrrad
8401139,350,Damenfahrrad
9501736,800,Damenfahrrad
2200208,280,Herrenfahrrad
10400939,596,Herrenfahrrad
2200212,650,Damenfahrrad
4300624,700,Herrenfahrrad
3200206,650,Herrenfahrrad
1200520,35,Kinderfahrrad
1100310,1499,Herrenfahrrad
2400520,2490,Damenfahrrad
2500832,2800,Herrenfahrrad
11300725,600,Damenfahrrad
9200715,450,Herrenfahrrad
9200613,2500,Damenfahrrad
1200623,899,Herrenfahrrad
12200413,240,Herrenfahrrad
2200210,160,Herrenfahrrad
7300517,500,Damenfahrrad
9300923,699,Fahrrad
1300732,804,Damenfahrrad
11100204,901,Herrenfahrrad
4501149,450,Herrenfahrrad
2300418,170,Herrenfahrrad
6300526,750,Herrenfahrrad
10100101,50,Damenfahrrad
2100104,350,Rennrad
9200511,299,Kinderfahrrad
10200420,250,Mountainbike
4300624,998,Herrenfahrrad
4501042,400,Herrenfahrrad
3601244,499,Herrenfahrrad
10100315,692,Fahrrad
5100314,350,Herrenfahrrad
4501150,729,Damenfahrrad
2200208,517,Herrenfahrrad
7300619,630,Damenfahrrad
6400842,157,Kinderfahrrad
1200628,1175,Damenfahrrad
7400927,209,Herrenfahrrad
10100312,350,Damenfahrrad
11401136,150,Damenfahrrad
3601142,810,Kinderfahrrad
3601142,1085,Herrenfahrrad
8100521,400,Herrenfahrrad
9100203,333,Herrenfahrrad
6300632,300,Herrenfahrrad
7100101,1000,Herrenfahrrad
2500726,247,Damenfahrrad
11300616,400,Herrenfahrrad
3701554,990,Damenfahrrad
9301024,661,Damenfahrrad
3601347,900,Damenfahrrad
11300617,899,Herrenfahrrad
1100312,1310,Fahrrad
4200309,955,Damenfahrrad
3400724,130,divers
12500824,500,Damenfahrrad
7100205,1134,Herrenfahrrad
4500937,1684,Damenfahrrad
7400720,924,Damenfahrrad
3601245,50,Damenfahrrad
4300415,1405,Damenfahrrad
9100101,349,Damenfahrrad
12100103,600,Mountainbike
2400623,891,Damenfahrrad
8100310,300,Herrenfahrrad
5100209,1813,divers
12400722,900,Fahrrad
6100103,600,Damenfahrrad
9200614,1048,Damenfahrrad
4400726,399,Kinderfahrrad
1100206,999,Herrenfahrrad
11401137,999,Damenfahrrad
1100207,899,Herrenfahrrad
3400827,500,Damenfahrrad
4300416,1474,Damenfahrrad
1100309,1518,Herrenfahrrad
3400619,1000,Herrenfahrrad
1100310,2500,Fahrrad
8100311,1200,Herrenfahrrad
2400521,935,Fahrrad
12100101,394,Herrenfahrrad
2500834,80,Damenfahrrad
8100206,800,Damenfahrrad
2400625,600,Herrenfahrrad
2200213,881,Mountainbike
3400619,975,Damenfahrrad
3400619,990,Herrenfahrrad
7300516,330,Herrenfahrrad
4300415,900,Herrenfahrrad
2300418,900,Herrenfahrrad
9401433,180,Fahrrad
2200211,739,Herrenfahrrad
6200421,2799,Fahrrad
1300834,170,Herrenfahrrad
2200210,1299,Herrenfahrrad
4300415,700,Fahrrad
1100207,740,Herrenfahrrad
6300629,599,Damenfahrrad
1100104,973,Damenfahrrad
1401048,254,Herrenfahrrad
2300316,3599,Herrenfahrrad
11501339,1079,Damenfahrrad
11501341,696,Herrenfahrrad
1100312,1150,Herrenfahrrad
11400931,500,Damenfahrrad
12200412,1200,Lastenfahrrad
12100103,100,Mountainbike
3601348,320,Herrenfahrrad
3300412,300,Kinderfahrrad
4500938,218,Kinderfahrrad
7100205,2796,Herrenfahrrad
2200207,914,Herrenfahrrad
7100206,300,Herrenfahrrad
1100416,633,Damenfahrrad
1401048,999,Damenfahrrad
12100205,590,Damenfahrrad
8100208,1299,Herrenfahrrad
3400721,0,Fahrrad
7300515,884,Damenfahrrad
11100206,280,Damenfahrrad
8100313,775,Damenfahrrad
7501134,300,Mountainbike
1100206,850,Damenfahrrad
11400929,300,Herrenfahrrad
3200206,230,Fahrrad
3500933,749,Mountainbike
9501838,610,Herrenfahrrad
7200411,600,Herrenfahrrad
9501838,389,Damenfahrrad
3400724,1686,Herrenfahrrad
2500833,2800,Mountainbike
4300517,2500,Herrenfahrrad
1100207,499,Herrenfahrrad
3701660,224,Herrenfahrrad
1100309,3150,Herrenfahrrad
2200211,800,Herrenfahrrad
4501044,1499,Damenfahrrad
7100206,747,Herrenfahrrad
2100103,240,Kinderfahrrad
3400724,4900,Herrenfahrrad
12100103,590,Herrenfahrrad
4300621,50,Mountainbike
12100103,485,Damenfahrrad
3701556,180,Herrenfahrrad
8100208,530,Herrenfahrrad
3601243,398,Damenfahrrad
2300315,160,Kinderfahrrad
8401244,166,Damenfahrrad
3601244,1249,Herrenfahrrad
3701555,1499,Damenfahrrad
3601450,130,divers
6100209,500,Herrenfahrrad
1200629,1600,Herrenfahrrad
2500836,800,Herrenfahrrad
10100206,262,Damenfahrrad
11501341,150,Herrenfahrrad
3701554,1000,Fahrrad
4500937,516,Damenfahrrad
11501340,450,Rennrad
3500934,599,Herrenfahrrad
8100418,299,Herrenfahrrad
3601244,150,Herrenfahrrad
5200630,2700,Herrenfahrrad
3400722,400,Herrenfahrrad
3601347,955,Herrenfahrrad
4501153,160,Damenfahrrad
3400724,550,Damenfahrrad
1100309,200,Herrenfahrrad
12100103,480,Damenfahrrad
3500936,1,Herrenfahrrad
8401243,449,Herrenfahrrad
6200421,530,Damenfahrrad
3701556,150,Herrenfahrrad
8100418,507,Damenfahrrad
9401534,183,Damenfahrrad
7100102,320,Mountainbike
6100207,1579,Herrenfahrrad
3500934,700,Fahrrad
9501737,319,Herrenfahrrad
2500728,2200,Herrenfahrrad
3601140,349,Herrenfahrrad
1100206,1260,Herrenfahrrad
1300835,300,Herrenfahrrad
7300515,1262,Herrenfahrrad
11400929,800,Herrenfahrrad
11501340,1139,Herrenfahrrad
6200422,980,Damenfahrrad
5200631,830,Damenfahrrad
3400724,599,Damenfahrrad
9300920,4710,Damenfahrrad
6400737,300,Herrenfahrrad
3601452,899,Fahrrad
4200311,185,Damenfahrrad
3400725,719,Herrenfahrrad
8100415,298,Kinderfahrrad
3701555,200,Herrenfahrrad
3701554,666,Damenfahrrad
3200309,698,Damenfahrrad
8301036,175,Damenfahrrad
3601451,230,Herrenfahrrad
1200626,150,Herrenfahrrad
10300733,483,Damenfahrrad
7200413,999,Damenfahrrad
4501149,800,Herrenfahrrad
2200207,1100,Fahrrad
6100102,229,Herrenfahrrad
2200207,300,Damenfahrrad
3601452,50,Kinderfahrrad
8100310,200,Damenfahrrad
3701556,438,Herrenfahrrad
2500729,1100,Herrenfahrrad
2300418,1953,Herrenfahrrad
3400827,399,Kinderfahrrad
3400724,1600,Herrenfahrrad
9100101,800,Damenfahrrad
2100101,850,Damenfahrrad
12200515,400,Damenfahrrad
11300722,359,Damenfahrrad
4501043,1237,Herrenfahrrad
7300618,988,Herrenfahrrad
8100206,1649,Herrenfahrrad
8100417,1200,Damenfahrrad
11300722,260,Herrenfahrrad
2200213,659,Damenfahrrad
4500939,300,Herrenfahrrad
2200209,3000,Fahrrad
9401534,419,Damenfahrrad
3701554,1500,Rennrad
8300935,3800,Fahrrad
8100104,1134,Herrenfahrrad
3601451,750,Damenfahrrad
1300836,65,Fahrrad
4501043,259,Mountainbike
7100101,1000,Mountainbike
2100104,510,Herrenfahrrad
3400721,590,Mountainbike
7400720,330,Herrenfahrrad
8100206,1,Damenfahrrad
5200629,400,Herrenfahrrad
1100310,1800,Herrenfahrrad
1300731,180,Herrenfahrrad
10200525,450,Damenfahrrad
7200308,1,Herrenfahrrad
3400619,1309,Damenfahrrad
1100416,1000,Rennrad
10200525,125,Kinderfahrrad
9100101,2440,Herrenfahrrad
3300516,499,Herrenfahrrad
6100209,525,Damenfahrrad
8100311,799,Herrenfahrrad
2500728,214,Herrenfahrrad
9100101,629,Damenfahrrad
7400720,166,Damenfahrrad
3601453,298,Herrenfahrrad
7200307,410,Herrenfahrrad
4200309,371,Damenfahrrad
7501032,350,Mountainbike
5200528,870,Damenfahrrad
3601243,800,Herrenfahrrad
8100417,95,Kinderfahrrad
2500832,3500,Herrenfahrrad
6400735,1000,divers
2400521,1399,Herrenfahrrad
2500831,450,Herrenfahrrad
8100417,385,Mountainbike
1100207,1093,Fahrrad
12400721,444,Herrenfahrrad
9501939,389,Herrenfahrrad
5200629,545,Herrenfahrrad
7200413,599,Damenfahrrad
9200511,1000,Herrenfahrrad
1100416,1499,Herrenfahrrad
11501339,448,Fahrrad
1100311,1100,Herrenfahrrad
1400937,1199,Herrenfahrrad
1100310,3384,Herrenfahrrad
7300618,609,Damenfahrrad
1100207,999,Rennrad
4100102,935,Damenfahrrad
2400522,392,Herrenfahrrad
10100210,150,Herrenfahrrad
8200833,999,Herrenfahrrad
11200410,680,Fahrrad
2300419,369,Damenfahrrad
3601142,600,Damenfahrrad
5100211,769,Herrenfahrrad
3601449,100,Kinderfahrrad
10300733,2700,Fahrrad
7100101,1395,Fahrrad
1200520,1550,Herrenfahrrad
10100210,170,Damenfahrrad
3400723,309,Herrenfahrrad
3601243,850,Damenfahrrad
3601449,199,Damenfahrrad
7300618,683,Fahrrad
7200412,299,Herrenfahrrad
2500834,400,Herrenfahrrad
1300836,2350,Herrenfahrrad
1100313,999,Herrenfahrrad
3400827,500,Damenfahrrad
8100314,499,Damenfahrrad
11400929,2000,Fahrrad
4501151,799,Herrenfahrrad
1100101,1599,Damenfahrrad
4300623,150,Damenfahrrad
8200730,462,Mountainbike
11200513,300,Herrenfahrrad
4501151,480,Damenfahrrad
2500835,100,Damenfahrrad
3601140,799,Damenfahrrad
12601235,244,Herrenfahrrad
7300516,280,Kinderfahrrad
2500728,900,Herrenfahrrad
11400929,400,Fahrrad
12500928,1137,Damenfahrrad
3601451,500,Herrenfahrrad
3601139,750,Damenfahrrad
7100204,500,Herrenfahrrad
3601347,549,Herrenfahrrad
3400723,900,Damenfahrrad
4300623,180,Damenfahrrad
11400929,240,Herrenfahrrad
3701555,534,Herrenfahrrad
7100206,411,Herrenfahrrad
2500728,280,Damenfahrrad
9501737,450,Damenfahrrad
1200517,712,Herrenfahrrad
3601449,650,Fahrrad
4501147,999,Damenfahrrad
2400521,282,Damenfahrrad
5200629,336,Damenfahrrad
7400823,170,Damenfahrrad
4400830,200,Mountainbike
1100102,1400,Mountainbike
2200210,542,Herrenfahrrad
3500936,478,Herrenfahrrad
3601139,997,Herrenfahrrad
8100312,150,Damenfahrrad
3500936,700,Damenfahrrad
9501737,700,Damenfahrrad
7100102,250,Damenfahrrad
3601244,478,Herrenfahrrad
3300412,340,Damenfahrrad
1401047,277,Damenfahrrad
9501737,1469,Damenfahrrad
4300623,600,Damenfahrrad
5100103,350,Damenfahrrad
9200614,499,Herrenfahrrad
4300416,500,Damenfahrrad
12100103,499,Kinderfahrrad
4501151,1175,Herrenfahrrad
2300419,350,Fahrrad
3601347,550,divers
1200623,1499,Damenfahrrad
3601141,1200,Herrenfahrrad
1400942,500,Herrenfahrrad
8100102,488,Damenfahrrad
2300419,254,Herrenfahrrad
3701555,999,Damenfahrrad
4501148,350,Fahrrad
5100313,238,Herrenfahrrad
3400721,850,Damenfahrrad
1200629,1099,Herrenfahrrad
4501150,0,Herrenfahrrad
9100101,370,Damenfahrrad
1200629,400,Damenfahrrad
10400836,333,Damenfahrrad
8100416,400,Herrenfahrrad
7300516,351,Damenfahrrad
4501149,950,Damenfahrrad
2200208,839,Herrenfahrrad
10100209,350,Herrenfahrrad
9301126,1000,Fahrrad
12100204,149,Herrenfahrrad
10100209,120,Kinderfahrrad
3500935,199,Kinderfahrrad
1100310,899,Herrenfahrrad
7100103,872,Herrenfahrrad
3300411,618,Damenfahrrad
1400938,474,Kinderfahrrad
7200409,1139,Damenfahrrad
3601142,800,Damenfahrrad
9501939,250,Damenfahrrad
7200307,1600,Herrenfahrrad
4300621,999,Herrenfahrrad
10100312,397,Herrenfahrrad
7200308,1393,Herrenfahrrad
3300514,350,Herrenfahrrad
10100206,404,Damenfahrrad
2300419,875,Herrenfahrrad
4300412,489,Herrenfahrrad
1100309,699,Herrenfahrrad
11501339,450,Damenfahrrad
1200629,1100,Herrenfahrrad
3400826,304,Kinderfahrrad
9200613,500,Damenfahrrad
4300620,428,Herrenfahrrad
3400826,899,Herrenfahrrad
8100418,429,Herrenfahrrad
7100101,850,Damenfahrrad
9300922,299,Fahrrad
6300634,850,Damenfahrrad
3601142,499,Damenfahrrad
1100313,240,Fahrrad
2300315,805,Herrenfahrrad
7200409,449,Herrenfahrrad
8100101,500,Herrenfahrrad
4300414,800,Herrenfahrrad
8100208,550,Damenfahrrad
7100206,1068,Damenfahrrad
8100415,947,Fahrrad
3701660,269,Damenfahrrad
8300935,500,Damenfahrrad
12601236,289,Damenfahrrad
3200308,399,Damenfahrrad
7100101,400,Damenfahrrad
9100101,1149,Damenfahrrad
6100208,1800,Fahrrad
8100311,1300,Damenfahrrad
3400827,100,Fahrrad
5100313,100,Herrenfahrrad
8100314,200,Herrenfahrrad
4200310,712,Herrenfahrrad
3601451,400,Damenfahrrad
7100101,700,Herrenfahrrad
3200206,3900,Herrenfahrrad
3601139,387,Damenfahrrad
6100205,499,Herrenfahrrad
2200210,400,Damenfahrrad
10200628,669,Herrenfahrrad
1100207,548,Damenfahrrad
4300413,380,Herrenfahrrad
8100105,1262,Herrenfahrrad
7200410,1299,Herrenfahrrad
7200307,558,Damenfahrrad
2200209,1500,Herrenfahrrad
3601139,1130,Herrenfahrrad
8100312,2500,Herrenfahrrad
3601245,908,Damenfahrrad
1100310,650,Damenfahrrad
2100101,200,Herrenfahrrad
11300724,450,Herrenfahrrad
7200413,1165,Herrenfahrrad
2200212,590,Herrenfahrrad
1300834,450,Fahrrad
2100104,1200,Herrenfahrrad
4500938,750,Herrenfahrrad
7400720,399,Herrenfahrrad
8100314,1125,divers
12601133,700,divers
5100206,100,Herrenfahrrad
3400829,550,Damenfahrrad
8200726,600,Herrenfahrrad
8100313,899,Herrenfahrrad
1300836,500,Herrenfahrrad
1300834,884,Herrenfahrrad
4300622,1664,Damenfahrrad
10100316,400,Damenfahrrad
7100103,500,Herrenfahrrad
1100207,2850,Damenfahrrad
2400623,908,Damenfahrrad
3601140,273,Herrenfahrrad
10200421,1213,Fahrrad
7300618,2088,Herrenfahrrad
2200213,270,Herrenfahrrad
8100418,800,Herrenfahrrad
2200212,750,Fahrrad
8401138,400,Damenfahrrad
5100103,350,Damenfahrrad
10300731,400,Herrenfahrrad
3701658,600,Herrenfahrrad
3400723,390,Damenfahrrad
1100310,568,Herrenfahrrad
8100314,300,Herrenfahrrad
2400623,200,Damenfahrrad
9100101,900,Herrenfahrrad
4501152,715,divers
9100101,240,Damenfahrrad
7200414,499,Herrenfahrrad
4300416,500,Fahrrad
2300417,250,Damenfahrrad
11401137,2300,Damenfahrrad
4400727,400,Herrenfahrrad
1401048,522,Herrenfahrrad
9501940,1519,Herrenfahrrad
1100310,857,Herrenfahrrad
8100311,230,Herrenfahrrad
11401034,2100,Damenfahrrad
4501147,500,Fahrrad
8200624,280,Mountainbike
3200206,350,Fahrrad
4300416,1040,Damenfahrrad
7400720,498,Damenfahrrad
4501146,440,Herrenfahrrad
2100102,402,Kinderfahrrad
2200213,420,Herrenfahrrad
4400835,300,Herrenfahrrad
3701554,388,Kinderfahrrad
2200209,0,Herrenfahrrad
3701660,900,Herrenfahrrad
4501149,774,Herrenfahrrad
1100309,875,Herrenfahrrad
7501134,1359,Herrenfahrrad
1100415,444,Damenfahrrad
12400723,1289,Herrenfahrrad
4501043,229,Damenfahrrad
1100415,1480,Damenfahrrad
3400722,900,Damenfahrrad
4400830,879,Herrenfahrrad
9301024,199,Herrenfahrrad
7501134,150,Herrenfahrrad
3501037,613,Herrenfahrrad
3601141,180,Mountainbike
3601245,1800,Herrenfahrrad
8100417,220,Mountainbike
9100407,310,Herrenfahrrad
1100311,2000,Damenfahrrad
5200525,600,Herrenfahrrad
12100205,445,Herrenfahrrad
9200716,333,Damenfahrrad
7100101,1070,Fahrrad
5200525,488,Kinderfahrrad
4501041,1800,Herrenfahrrad
10400836,599,Damenfahrrad
2500831,2000,Herrenfahrrad
4501041,2500,Herrenfahrrad
4200309,399,Damenfahrrad
9200512,400,Kinderfahrrad
3400723,418,Damenfahrrad
4200309,904,Damenfahrrad
2300419,2800,Herrenfahrrad
2200209,685,Herrenfahrrad
3601243,498,Herrenfahrrad
7300618,358,Kinderfahrrad
4300413,1989,Herrenfahrrad
1100416,429,Damenfahrrad
4300416,424,Herrenfahrrad
4200203,200,Herrenfahrrad
2500728,600,Fahrrad
3601139,3476,Damenfahrrad
4200310,478,Damenfahrrad
9301024,299,Herrenfahrrad
1100309,799,Damenfahrrad
3400618,398,Fahrrad
9100304,350,Herrenfahrrad
10200417,250,Mountainbike
4500939,922,Herrenfahrrad
2500834,608,Kinderfahrrad
6400842,600,Fahrrad
3601142,440,Herrenfahrrad
4500936,450,Herrenfahrrad
4200311,405,Damenfahrrad
1100416,500,Damenfahrrad
12100205,400,divers
7100103,999,Herrenfahrrad
1100310,544,Herrenfahrrad
11300724,240,Damenfahrrad
4501045,399,Herrenfahrrad
2400625,1,Mountainbike
8100417,1000,Mountainbike
3601141,899,Fahrrad
2300418,270,Damenfahrrad
11300620,240,Kinderfahrrad
8100312,700,Herrenfahrrad
11300724,200,Damenfahrrad
8200623,100,Kinderfahrrad
3701660,700,Damenfahrrad
4300624,419,Damenfahrrad
9200715,2777,Herrenfahrrad
7300619,90,Herrenfahrrad
10100209,200,Herrenfahrrad
4300413,400,Damenfahrrad
3601244,400,Fahrrad
3400827,214,Herrenfahrrad
9200715,699,Herrenfahrrad
4300412,500,Herrenfahrrad
10300733,1258,Herrenfahrrad
3601142,584,Damenfahrrad
3601244,426,Kinderfahrrad
11100309,399,Damenfahrrad
9100407,888,Herrenfahrrad
3701555,300,Damenfahrrad
7100204,850,Fahrrad
1100308,550,Damenfahrrad
8100521,800,Mountainbike
11401135,350,Damenfahrrad
7100101,100,Damenfahrrad
3400826,1000,Damenfahrrad
2200209,398,Kinderfahrrad
7601443,828,Mountainbike
8100103,250,Herrenfahrrad
12100103,399,Fahrrad
9100101,280,Damenfahrrad
9200818,999,Herrenfahrrad
7601443,500,Herrenfahrrad
3601450,450,Herrenfahrrad
3601451,500,Herrenfahrrad
1100311,629,Herrenfahrrad
9401534,1299,Damenfahrrad
2300417,1150,Herrenfahrrad
3501037,1500,Damenfahrrad
3701556,1635,Damenfahrrad
7100103,150,Kinderfahrrad
12500926,2993,Fahrrad
4501152,839,Mountainbike
2200211,1,Kinderfahrrad
4501043,268,Damenfahrrad
11501340,100,Herrenfahrrad
1100415,1000,Mountainbike
2300418,1425,Damenfahrrad
2300418,979,Damenfahrrad
4501040,1300,Herrenfahrrad
9200510,573,Damenfahrrad
2300418,800,Herrenfahrrad
4400729,500,Herrenfahrrad
11501341,914,Damenfahrrad
2200213,1400,Damenfahrrad
4500936,636,Herrenfahrrad
9401534,0,Herrenfahrrad
8100102,579,Damenfahrrad
4501147,550,Fahrrad
2200209,614,Herrenfahrrad
2200213,1000,Herrenfahrrad
3100101,250,Damenfahrrad
2200209,450,Herrenfahrrad
2200210,580,Herrenfahrrad
7400927,600,Damenfahrrad
4300621,1100,Mountainbike
9200715,485,Damenfahrrad
10200418,399,Herrenfahrrad
3601141,250,Kinderfahrrad
11300620,498,Damenfahrrad
2500835,499,Herrenfahrrad
1100308,599,Damenfahrrad
6400838,400,Herrenfahrrad
10100311,444,Damenfahrrad
8100417,409,Herrenfahrrad
7100206,529,Damenfahrrad
1100102,799,Damenfahrrad
8100208,300,Herrenfahrrad
9100101,500,Damenfahrrad
9200511,309,Kinderfahrrad
7501031,480,Damenfahrrad
9100101,2000,Herrenfahrrad
1100206,1199,Herrenfahrrad
7100205,599,Herrenfahrrad
7501135,500,Damenfahrrad
7100204,1919,Herrenfahrrad
8100417,250,Damenfahrrad
3701554,398,Herrenfahrrad
9200715,250,Damenfahrrad
1401043,220,Fahrrad
12500825,450,Damenfahrrad
2200211,600,Herrenfahrrad
11400927,848,Damenfahrrad
11501339,1462,Herrenfahrrad
3400725,1549,Damenfahrrad
4501042,3038,Fahrrad
11501341,1786,Herrenfahrrad
7601340,928,Herrenfahrrad
2300314,100,Damenfahrrad
4400830,899,Damenfahrrad
7200410,759,Damenfahrrad
3601244,500,Damenfahrrad
4500938,1442,Herrenfahrrad
10100210,971,Fahrrad
9100101,577,Damenfahrrad
9401534,800,Herrenfahrrad
10200628,350,Damenfahrrad
3601347,760,Damenfahrrad
5200631,465,Herrenfahrrad
9501737,2300,Herrenfahrrad
2500835,500,Herrenfahrrad
3601243,489,Damenfahrrad
1200629,2000,Herrenfahrrad
6100102,2099,Herrenfahrrad
7100205,329,Fahrrad
8100312,1050,Damenfahrrad
3601245,850,Herrenfahrrad
4300622,750,Damenfahrrad
7200409,2800,Fahrrad
7501135,220,Herrenfahrrad
4400835,966,Herrenfahrrad
1400937,650,Herrenfahrrad
9501737,500,Herrenfahrrad
7100206,700,Herrenfahrrad
11501238,300,Fahrrad
3601139,357,Herrenfahrrad
1300733,1112,Herrenfahrrad
1100102,599,Damenfahrrad
11100308,497,Fahrrad
1100103,150,Mountainbike
2300418,200,Damenfahrrad
2300315,979,Fahrrad
10100316,317,Damenfahrrad
2200211,715,Damenfahrrad
9100409,1100,Herrenfahrrad
9200613,200,Fahrrad
2300417,514,Damenfahrrad
4300620,875,Herrenfahrrad
2300419,450,Damenfahrrad
1100308,1631,Herrenfahrrad
8100417,500,Herrenfahrrad
7100206,500,Damenfahrrad
3601346,396,Fahrrad
9100409,800,Fahrrad
11501339,984,Damenfahrrad
7100102,250,Mountainbike
8100313,447,Herrenfahrrad
9100101,600,Fahrrad
7200307,440,Herrenfahrrad
2100105,280,Damenfahrrad
3500936,1200,Herrenfahrrad
7400927,1015,Damenfahrrad
2100101,60,Mountainbike
3100101,275,Herrenfahrrad
4300621,1100,Mountainbike
2300419,649,Damenfahrrad
2400522,728,Herrenfahrrad
10100207,500,Herrenfahrrad
3601245,100,Herrenfahrrad
1100207,530,Herrenfahrrad
2500728,1200,Herrenfahrrad
3601139,1730,Herrenfahrrad
4400727,1175,Herrenfahrrad
9200613,4300,Herrenfahrrad
4300416,300,Herrenfahrrad
11400927,999,Herrenfahrrad
7400927,549,Damenfahrrad
2400522,1199,Fahrrad
2200207,400,Damenfahrrad
8100206,1074,Herrenfahrrad
8401244,1399,Herrenfahrrad
3100101,1247,Damenfahrrad
9501939,599,Rennrad
1200625,185,Fahrrad
2200211,684,Herrenfahrrad
4200309,598,Damenfahrrad
10100103,218,Herrenfahrrad
9100304,230,Herrenfahrrad
2300314,649,Herrenfahrrad
4300416,630,Herrenfahrrad
3400826,450,Herrenfahrrad
3400724,559,Fahrrad
8401140,225,Herrenfahrrad
1200629,100,Damenfahrrad
7400720,1090,Damenfahrrad
12400723,399,Herrenfahrrad
9200715,1114,Herrenfahrrad
5300737,608,Herrenfahrrad
7400823,200,Damenfahrrad
1300733,409,Damenfahrrad
9501737,386,Kinderfahrrad
10200524,1200,Mountainbike
2200213,100,Herrenfahrrad
2400522,800,Herrenfahrrad
2400522,561,Damenfahrrad
4200308,1996,Damenfahrrad
6300526,849,Damenfahrrad
1200629,700,Damenfahrrad
4300416,600,Herrenfahrrad
3601140,313,Fahrrad
1100206,1353,Damenfahrrad
2500834,310,Herrenfahrrad
1100416,422,Herrenfahrrad
6100103,4000,Damenfahrrad
6400737,500,Fahrrad
4501147,699,Damenfahrrad
2200213,200,Herrenfahrrad
8100312,2800,Damenfahrrad
7200409,1365,Fahrrad
9100101,820,Herrenfahrrad
1200624,400,Damenfahrrad
10400938,644,Damenfahrrad
1100310,750,Damenfahrrad
9200715,300,Herrenfahrrad
3601450,415,Herrenfahrrad
8100312,350,Herrenfahrrad
10100209,190,Herrenfahrrad
8100418,699,Herrenfahrrad
5100206,300,Damenfahrrad
11401137,1090,Herrenfahrrad
9100304,429,Fahrrad
7200409,900,Herrenfahrrad
2100106,639,Damenfahrrad
11200512,309,Herrenfahrrad
10300733,359,Kinderfahrrad
2100106,571,Herrenfahrrad
7300618,910,Damenfahrrad
4300624,499,Damenfahrrad
7100206,730,Damenfahrrad
8200624,120,Herrenfahrrad
2300315,3000,Herrenfahrrad
8100310,670,Herrenfahrrad
6200316,400,Damenfahrrad
6200313,750,Damenfahrrad
6200315,599,Damenfahrrad
9100101,1200,Herrenfahrrad
11401137,300,Damenfahrrad
8100418,440,Herrenfahrrad
9501940,649,Damenfahrrad
2500832,3246,Herrenfahrrad
2200210,120,Herrenfahrrad
8200727,600,Mountainbike
8300935,700,Herrenfahrrad
11400927,569,Kinderfahrrad
2500833,1408,Herrenfahrrad
11100309,2320,Fahrrad
3601347,2899,Fahrrad
2500831,1500,Damenfahrrad
2500831,1800,Herrenfahrrad
6100102,50,Herrenfahrrad
10300731,450,Kinderfahrrad
4300517,520,Damenfahrrad
7300515,3384,Herrenfahrrad
2400625,905,Fahrrad
3601245,420,Damenfahrrad
4300412,1831,Fahrrad
8100104,500,Herrenfahrrad
9301126,1425,Herrenfahrrad
2500728,459,Herrenfahrrad
2400624,300,Fahrrad
10100207,529,Herrenfahrrad
6400841,250,Damenfahrrad
4300415,1200,Herrenfahrrad
5100314,40,Damenfahrrad
6100209,1604,Herrenfahrrad
6100103,900,Herrenfahrrad
8301037,2099,Damenfahrrad
2300419,254,Damenfahrrad
3601142,909,Herrenfahrrad
8100310,300,Damenfahrrad
11100203,449,Mountainbike
3300413,200,Damenfahrrad
5200420,399,Damenfahrrad
3400723,800,Herrenfahrrad
3601347,528,Herrenfahrrad
12400721,550,Herrenfahrrad
1100414,355,Damenfahrrad
5100315,1053,Damenfahrrad
3701658,734,Damenfahrrad
11401137,580,Fahrrad
2100103,599,Damenfahrrad
7100204,365,Herrenfahrrad
3400828,250,Fahrrad
4501151,499,Damenfahrrad
4200309,459,Herrenfahrrad
11501238,350,Mountainbike
5100316,585,Damenfahrrad
6300527,350,Kinderfahrrad
9200613,1830,Damenfahrrad
4300622,265,Herrenfahrrad
12400723,159,Damenfahrrad
9200510,931,Herrenfahrrad
12400720,377,Damenfahrrad
7100102,557,Herrenfahrrad
7100206,350,Damenfahrrad
4501042,3200,Herrenfahrrad
8100207,299,Herrenfahrrad
3601346,590,Damenfahrrad
6100204,828,Herrenfahrrad
10200627,160,Herrenfahrrad
9200716,610,Damenfahrrad
9100101,800,Herrenfahrrad
4501149,600,Damenfahrrad
5200629,699,Herrenfahrrad
11400927,500,Rennrad
7501031,454,Damenfahrrad
6400838,250,Herrenfahrrad
3601243,1491,Herrenfahrrad
4300517,817,Mountainbike
7300517,488,Damenfahrrad
5100104,350,Herrenfahrrad
10100208,300,Mountainbike
11300826,700,Herrenfahrrad
7100102,610,Herrenfahrrad
3601140,400,Kinderfahrrad
3400721,388,Damenfahrrad
8401139,2550,Damenfahrrad
8401139,750,Herrenfahrrad
8401139,700,Herrenfahrrad
4300619,800,Damenfahrrad
9501736,509,Kinderfahrrad
1100310,460,Damenfahrrad
2200210,240,Herrenfahrrad
2400623,1027,Herrenfahrrad
7400826,490,Herrenfahrrad
12400722,1486,Herrenfahrrad
9300923,450,Herrenfahrrad
11300616,399,Damenfahrrad
8100206,599,Kinderfahrrad
7200414,351,Herrenfahrrad
9100101,440,Damenfahrrad
3400827,559,Herrenfahrrad
7601545,2700,Herrenfahrrad
3701555,500,Damenfahrrad
11300618,630,Herrenfahrrad
4300623,1500,Herrenfahrrad
3701658,725,Fahrrad
9501939,1299,Herrenfahrrad
7601238,349,Damenfahrrad
3601140,250,Fahrrad
2400624,1333,divers
2400623,1187,Fahrrad
3701658,2400,Herrenfahrrad
8100415,649,Herrenfahrrad
11300722,389,Fahrrad
8200832,1129,Damenfahrrad
1100415,1,Fahrrad
1401049,399,Damenfahrrad
10100312,120,Damenfahrrad
7100206,400,Damenfahrrad
9200511,120,Damenfahrrad
4501148,880,Herrenfahrrad
9200510,2399,Fahrrad
12200411,250,Damenfahrrad
3601452,1080,Damenfahrrad
9200512,449,Damenfahrrad
8100314,1249,Herrenfahrrad
11200410,170,Rennrad
6400735,500,Damenfahrrad
1300836,280,divers
2500835,100,Kinderfahrrad
1200520,780,Herrenfahrrad
5300736,1079,Herrenfahrrad
9200819,484,Damenfahrrad
2100103,783,Damenfahrrad
1200629,890,Herrenfahrrad
1401043,500,Herrenfahrrad
8100103,500,Damenfahrrad
9200819,550,Herrenfahrrad
9200717,50,Fahrrad
11300725,1980,Herrenfahrrad
9401534,2099,Herrenfahrrad
6100209,659,Herrenfahrrad
6400840,704,Herrenfahrrad
9200717,425,Damenfahrrad
3601141,1399,Damenfahrrad
3701659,947,Damenfahrrad
7300515,2500,Damenfahrrad
1100308,893,Herrenfahrrad
1100103,322,Herrenfahrrad
2100102,150,Fahrrad
11401137,400,Damenfahrrad
8100310,1000,Fahrrad
3400828,3400,Herrenfahrrad
2500835,1350,Herrenfahrrad
3200206,760,Herrenfahrrad
7100101,180,Herrenfahrrad
10300731,500,Herrenfahrrad
7300516,450,Herrenfahrrad
8100105,896,Damenfahrrad
2200209,1300,Herrenfahrrad
2200209,2974,Herrenfahrrad
3601244,478,Herrenfahrrad
11300725,675,Fahrrad
6300524,350,Herrenfahrrad
12100102,322,Herrenfahrrad
2300418,20,Herrenfahrrad
2300418,1100,Damenfahrrad
1300835,1000,Herrenfahrrad
5200630,1500,Herrenfahrrad
7400720,600,Herrenfahrrad
8100206,180,Fahrrad
11100205,284,Damenfahrrad
1100416,999,Herrenfahrrad
5100315,700,Damenfahrrad
6300526,300,Fahrrad
12200309,289,Herrenfahrrad
1100206,1363,Kinderfahrrad
6100205,499,Herrenfahrrad
9100101,796,Damenfahrrad
4501147,1200,Herrenfahrrad
3501038,414,Kinderfahrrad
3200205,538,Fahrrad
1200629,500,Herrenfahrrad
5300840,2892,Damenfahrrad
10100101,140,Herrenfahrrad
10400941,3400,Damenfahrrad
6400844,589,Herrenfahrrad
4300621,153,Damenfahrrad
3500936,350,Damenfahrrad
7100204,987,Herrenfahrrad
7100204,530,Herrenfahrrad
1200521,435,Herrenfahrrad
12400722,430,Damenfahrrad
3400724,289,Damenfahrrad
3100103,570,Herrenfahrrad
4300621,968,Herrenfahrrad
4500938,975,Damenfahrrad
1200521,750,Herrenfahrrad
1100312,2500,Herrenfahrrad
4501042,4011,Mountainbike
4500937,1616,Herrenfahrrad
2200213,599,Herrenfahrrad
3601347,1064,Herrenfahrrad
12400722,849,Herrenfahrrad
8100417,1159,Herrenfahrrad
1401044,442,Damenfahrrad
1400938,4282,Fahrrad
4300518,150,Fahrrad
11401137,527,Herrenfahrrad
4501043,330,Herrenfahrrad
2500728,592,Herrenfahrrad
1100311,806,Damenfahrrad
2300418,180,Damenfahrrad
11401137,1,Fahrrad
3400828,1775,Herrenfahrrad
9200511,487,Herrenfahrrad
2500835,333,Herrenfahrrad
4400835,322,Herrenfahrrad
9200818,999,Herrenfahrrad
3701555,726,Herrenfahrrad
1401043,316,Damenfahrrad
3601243,640,Damenfahrrad
3100102,478,Damenfahrrad
11200512,429,Fahrrad
3601245,408,Damenfahrrad
2400624,350,Fahrrad
3200204,250,Damenfahrrad
3601245,400,Damenfahrrad
1100414,410,Kinderfahrrad
12200413,513,Damenfahrrad
10200421,400,Damenfahrrad
8100103,449,Herrenfahrrad
2200209,949,Herrenfahrrad
8100102,300,Herrenfahrrad
1100207,1221,Herrenfahrrad
1100207,530,Fahrrad
4300518,403,Damenfahrrad
4300621,399,Damenfahrrad
11400931,599,Herrenfahrrad
3601244,1050,divers
2400623,150,Herrenfahrrad
9401534,4685,divers
1100312,327,Damenfahrrad
9200613,3700,Herrenfahrrad
2500835,370,Fahrrad
6200421,467,Herrenfahrrad
1100308,350,Herrenfahrrad
7100205,641,Herrenfahrrad
2300419,690,Damenfahrrad
8200726,949,Herrenfahrrad
2400521,2216,Damenfahrrad
7400826,694,Herrenfahrrad
4200309,5689,Rennrad
7400824,983,Damenfahrrad
6400843,949,Herrenfahrrad
2400521,483,Damenfahrrad
3601244,300,Fahrrad
11300722,1000,Herrenfahrrad
3400725,319,Damenfahrrad
7501029,200,Herrenfahrrad
3601453,864,Herrenfahrrad
11200411,600,Herrenfahrrad
7200413,856,Damenfahrrad
3200207,1424,Fahrrad
2200211,600,Herrenfahrrad
10100316,400,Herrenfahrrad
7100206,250,Herrenfahrrad
7300517,600,Damenfahrrad
6100209,250,Herrenfahrrad
11300616,300,divers
7400720,460,Kinderfahrrad
7601238,1203,Damenfahrrad
4501045,1500,Herrenfahrrad
5100316,694,Fahrrad
1300730,854,Fahrrad
7100101,890,Herrenfahrrad
3400725,250,Damenfahrrad
1200522,2007,Herrenfahrrad
2200211,1200,Herrenfahrrad
9100304,100,Damenfahrrad
2100102,350,Damenfahrrad
12400721,547,Herrenfahrrad
4501041,779,Damenfahrrad
1401044,90,Kinderfahrrad
9200613,1799,Herrenfahrrad
6300632,850,Herrenfahrrad
3400831,873,Damenfahrrad
1100309,767,Damenfahrrad
3701658,3000,Fahrrad
7200414,400,Herrenfahrrad
4400727,1000,Damenfahrrad
10300731,180,Damenfahrrad
6400838,467,Herrenfahrrad
8100206,453,Damenfahrrad
7100206,388,Damenfahrrad
2100104,599,Damenfahrrad
1401048,100,Damenfahrrad
11501339,600,Rennrad
2300419,293,Herrenfahrrad
1100309,150,Herrenfahrrad
9200717,1300,Mountainbike
9200613,200,Herrenfahrrad
3701658,210,Herrenfahrrad
12100103,570,Herrenfahrrad
3601347,330,Damenfahrrad
11300826,437,Herrenfahrrad
6400839,633,Herrenfahrrad
10400939,266,Fahrrad
3500934,938,Herrenfahrrad
5100313,350,Kinderfahrrad
5200629,1500,Damenfahrrad
7100102,800,Fahrrad
1100313,675,Fahrrad
4400726,1466,Rennrad
6400838,1200,Mountainbike
4501040,2402,Damenfahrrad
3200206,1300,Herrenfahrrad
1200517,179,Damenfahrrad
3601451,960,Herrenfahrrad
1200624,450,Herrenfahrrad
1300836,1194,Herrenfahrrad
3601452,310,Fahrrad
6300629,223,Kinderfahrrad
1400938,400,Mountainbike
1100312,777,Damenfahrrad
6400842,347,Damenfahrrad
9501736,275,Damenfahrrad
8100416,600,Rennrad
2200213,800,Rennrad
8200623,150,Kinderfahrrad
3400725,570,Herrenfahrrad
1400942,329,Rennrad
1100309,1269,Herrenfahrrad
1100415,700,Herrenfahrrad
4300517,1699,Herrenfahrrad
3601142,699,Damenfahrrad
2300419,249,Kinderfahrrad
3300411,4143,Herrenfahrrad
3701658,781,Damenfahrrad
3701555,500,Herrenfahrrad
7100205,450,Fahrrad
8100415,700,Herrenfahrrad
6400843,700,Mountainbike
12400722,550,Damenfahrrad
7100103,229,Damenfahrrad
3601245,100,Damenfahrrad
1100103,660,Kinderfahrrad
1100416,354,Kinderfahrrad
4300413,547,Herrenfahrrad
4300624,625,Herrenfahrrad
3601347,500,Herrenfahrrad
2400625,660,Herrenfahrrad
3400723,2664,Fahrrad
7100204,950,Rennrad
1100205,1000,Herrenfahrrad
7100205,599,Damenfahrrad
1200623,2100,Herrenfahrrad
4200311,1359,Herrenfahrrad
3701660,1593,Damenfahrrad
7200413,250,Damenfahrrad
3400830,2000,Herrenfahrrad
1200518,400,Damenfahrrad
7400823,400,Mountainbike
2400520,1180,Damenfahrrad
3400828,1099,Herrenfahrrad
7400720,1245,Herrenfahrrad
4300414,5400,divers
3100102,424,Herrenfahrrad
6200314,500,Herrenfahrrad
9501838,450,Damenfahrrad
12400723,385,Damenfahrrad
4300518,150,Kinderfahrrad
9501939,199,Herrenfahrrad
3200206,699,Damenfahrrad
1200629,419,Mountainbike
8100208,1500,divers
1300835,3405,Fahrrad
4300621,1038,Herrenfahrrad
1300733,1458,Herrenfahrrad
4300620,975,Damenfahrrad
3701659,350,Herrenfahrrad
4300619,522,Mountainbike
3500934,799,Damenfahrrad
8100310,509,Herrenfahrrad
1300733,550,Herrenfahrrad
1100310,110,Kinderfahrrad
3601346,180,Damenfahrrad
4300623,499,Damenfahrrad
3701555,693,Damenfahrrad
3601141,1900,Mountainbike
10400940,634,Herrenfahrrad
3601243,1699,Herrenfahrrad
2300316,380,Herrenfahrrad
2200208,390,Herrenfahrrad
7100101,5250,Fahrrad
7400721,1000,Damenfahrrad
12601235,500,Mountainbike
7300516,459,Damenfahrrad
3400831,814,Herrenfahrrad
1300836,718,Herrenfahrrad
6400737,770,Fahrrad
4100101,1264,Herrenfahrrad
3400828,775,Herrenfahrrad
2300419,350,Herrenfahrrad
12500926,608,Herrenfahrrad
1200521,1555,Herrenfahrrad
9401329,920,Rennrad
3601348,470,Herrenfahrrad
2500727,1399,Mountainbike
4300619,906,Herrenfahrrad
7400822,479,Fahrrad
7501134,600,Herrenfahrrad
3200206,418,Herrenfahrrad
9200613,587,Mountainbike
8100313,350,Damenfahrrad
2500836,1100,Damenfahrrad
1300835,1726,Herrenfahrrad
5300839,399,Herrenfahrrad
1401047,570,Damenfahrrad
3601245,200,Kinderfahrrad
1401048,770,Mountainbike
3701660,320,Herrenfahrrad
7400927,686,Fahrrad
3400828,400,Herrenfahrrad
3601244,399,Damenfahrrad
1200522,700,Herrenfahrrad
2200212,210,Damenfahrrad
7200414,900,Herrenfahrrad
3701554,619,Damenfahrrad
7100206,1081,Herrenfahrrad
10100316,800,Herrenfahrrad
11300826,200,Herrenfahrrad
3601140,440,Mountainbike
8100312,800,Kinderfahrrad
4200308,951,Herrenfahrrad
3400722,460,Fahrrad
4501042,571,Herrenfahrrad
9502042,200,Damenfahrrad
9501737,609,Fahrrad
9301024,399,Fahrrad
2500831,2300,Herrenfahrrad
6400844,589,Herrenfahrrad
1300733,459,Fahrrad
1400938,511,Herrenfahrrad
2200208,200,Damenfahrrad
7200409,1042,Herrenfahrrad
3701660,3000,Herrenfahrrad
12200309,500,Damenfahrrad
1100103,220,Herrenfahrrad
2300314,599,Damenfahrrad
3601346,170,Damenfahrrad
3601347,2047,Herrenfahrrad
3601245,2584,Fahrrad
2500729,630,Herrenfahrrad
6200420,70,Herrenfahrrad
1100207,790,Herrenfahrrad
3500932,350,Damenfahrrad
7400824,333,Damenfahrrad
5200525,240,Herrenfahrrad
4500938,500,Fahrrad
4500937,350,Herrenfahrrad
2200209,4300,Herrenfahrrad
5100314,430,Damenfahrrad
3601243,3000,Herrenfahrrad
3601140,826,Herrenfahrrad
3400826,165,Herrenfahrrad
4500937,749,Damenfahrrad
3601347,2074,Damenfahrrad
3400722,560,Fahrrad
5100211,1287,Herrenfahrrad
4501151,300,Herrenfahrrad
3601347,190,Fahrrad
5200528,400,Damenfahrrad
12200309,500,Damenfahrrad
1400937,250,Damenfahrrad
8100521,689,Damenfahrrad
3601141,410,Herrenfahrrad
2200211,500,Damenfahrrad
3200206,899,Damenfahrrad
3601245,2584,Fahrrad
8301037,400,Damenfahrrad
11401135,383,Herrenfahrrad
12200413,1700,Damenfahrrad
1300730,165,Damenfahrrad
3601346,626,Herrenfahrrad
1401044,160,Fahrrad
7200409,1210,Herrenfahrrad
4501041,450,Herrenfahrrad
5100208,250,Herrenfahrrad
3601140,300,Herrenfahrrad
4501147,1000,Herrenfahrrad
2300419,220,Fahrrad
9100304,600,Herrenfahrrad
3500935,420,Rennrad
9501941,100,Damenfahrrad
2500831,170,Kinderfahrrad
8301037,300,Herrenfahrrad
2500834,330,Herrenfahrrad
8100206,500,Herrenfahrrad
1401044,1127,Herrenfahrrad
11300826,760,Herrenfahrrad
6100103,600,Herrenfahrrad
2200210,925,Damenfahrrad
4300624,339,Herrenfahrrad
7200413,500,Herrenfahrrad
5100102,724,Herrenfahrrad
3400721,84,Kinderfahrrad
5100102,600,Damenfahrrad
9100202,806,Damenfahrrad
2500835,299,Fahrrad
3300411,350,Damenfahrrad
6300527,1200,Damenfahrrad
3601348,1998,Herrenfahrrad
4300414,1700,Herrenfahrrad
9502043,1300,Herrenfahrrad
3601453,640,Damenfahrrad
3701658,300,Fahrrad
7400823,700,Fahrrad
5100316,745,Fahrrad
11401137,757,Herrenfahrrad
3400725,150,Damenfahrrad
9200715,1300,Herrenfahrrad
3701554,1400,Herrenfahrrad
5200526,1000,Damenfahrrad
11300725,1000,Herrenfahrrad
4501147,559,Herrenfahrrad
1401043,100,divers
8100520,1400,Herrenfahrrad
4400727,2250,Damenfahrrad
1100309,300,Fahrrad
8100311,350,Herrenfahrrad
7300619,499,Damenfahrrad
3200308,370,Damenfahrrad
4300621,290,Herrenfahrrad
2200212,2079,Herrenfahrrad
3701659,764,Herrenfahrrad
1100308,50,Herrenfahrrad
4300415,644,Damenfahrrad
8100314,800,Herrenfahrrad
12100103,250,Herrenfahrrad
3701555,600,Damenfahrrad
9200613,210,Herrenfahrrad
3400828,1050,Rennrad
4100102,2000,Herrenfahrrad
6400735,350,Kinderfahrrad
6300634,491,Fahrrad
3701554,700,Damenfahrrad
1100104,500,Herrenfahrrad
1100416,1030,Damenfahrrad
5200629,130,Damenfahrrad
8100417,619,Damenfahrrad
1100415,2000,Herrenfahrrad
9200715,400,Herrenfahrrad
11300725,1600,Herrenfahrrad
9100101,1050,Mountainbike
7300515,1098,Damenfahrrad
9200613,200,Damenfahrrad
3601245,6616,Herrenfahrrad
7100101,810,Herrenfahrrad
9200716,1450,Damenfahrrad
5100211,500,Fahrrad
7200307,360,Fahrrad
1100308,1400,Herrenfahrrad
9401534,2499,Damenfahrrad
3100101,599,Damenfahrrad
4501041,1300,Herrenfahrrad
3601142,1052,Herrenfahrrad
10100208,369,Damenfahrrad
3500933,500,Damenfahrrad
9501940,550,Herrenfahrrad
7300619,4587,Herrenfahrrad
3701554,1543,Herrenfahrrad
7300517,667,Damenfahrrad
2200213,4200,Herrenfahrrad
7400826,1400,Fahrrad
9200819,615,Herrenfahrrad
4200310,622,Damenfahrrad
1100310,900,Fahrrad
11200513,1373,Herrenfahrrad
2400624,434,Kinderfahrrad
9100101,650,Damenfahrrad
4300413,1200,Herrenfahrrad
2300418,1154,Fahrrad
2500833,1403,Herrenfahrrad
8100102,500,Damenfahrrad
8401139,799,Damenfahrrad
3601452,1050,Herrenfahrrad
7300618,500,Damenfahrrad
10200417,2422,Herrenfahrrad
4500938,351,Herrenfahrrad
4500938,264,Herrenfahrrad
2200212,454,Kinderfahrrad
1100103,958,Herrenfahrrad
8301037,500,Kinderfahrrad
1400940,600,Damenfahrrad
4300621,1200,Damenfahrrad
6300527,705,Herrenfahrrad
6100208,399,Damenfahrrad
1300835,2200,Fahrrad
1200623,585,Damenfahrrad
9501737,600,Fahrrad
1100309,1348,Damenfahrrad
2200211,515,Herrenfahrrad
11400931,140,Fahrrad
5100316,1000,Damenfahrrad
1100313,2500,Damenfahrrad
6300526,620,Herrenfahrrad
4300413,700,Damenfahrrad
9200716,999,Herrenfahrrad
2100106,2961,divers
3601141,1339,Herrenfahrrad
2300418,250,Fahrrad
7100101,800,Herrenfahrrad
4300621,645,Damenfahrrad
2500836,50,Kinderfahrrad
2400623,999,Herrenfahrrad
2300419,300,Damenfahrrad
12100102,250,Kinderfahrrad
12100102,500,Damenfahrrad
7100205,600,Mountainbike
3501037,398,Damenfahrrad
9100101,1399,Herrenfahrrad
1100312,1000,Fahrrad
8100314,250,Rennrad
1200517,450,Mountainbike
5300841,899,Damenfahrrad
3400725,858,Herrenfahrrad
7601546,333,Damenfahrrad
6200313,499,Herrenfahrrad
3601347,1576,Herrenfahrrad
3601142,437,Herrenfahrrad
3501038,799,Herrenfahrrad
6300526,1000,Herrenfahrrad
9200511,2500,Damenfahrrad
2100104,550,Damenfahrrad
4200309,280,Damenfahrrad
4300624,1495,Damenfahrrad
3300516,400,Damenfahrrad
2100101,850,Herrenfahrrad
3701660,1000,Herrenfahrrad
6300527,650,Damenfahrrad
7300515,730,Damenfahrrad
1300835,1232,Rennrad
3300516,999,Herrenfahrrad
8300934,3158,Herrenfahrrad
7400927,1070,Damenfahrrad
7400927,850,Mountainbike
7200308,780,Damenfahrrad
8100416,250,Fahrrad
4300414,226,Kinderfahrrad
7100101,850,Herrenfahrrad
1200519,1666,Fahrrad
7200307,900,Damenfahrrad
8100103,980,Damenfahrrad
2300419,200,Fahrrad
6400842,899,Herrenfahrrad
1300732,3160,Fahrrad
4300416,700,Herrenfahrrad
2200210,3640,Damenfahrrad
9100101,1400,Herrenfahrrad
4400831,999,Herrenfahrrad
1100415,1742,Damenfahrrad
4400830,700,Damenfahrrad
1400940,5726,divers
9100408,400,Damenfahrrad
2400625,1000,Herrenfahrrad
2300419,999,Herrenfahrrad
8100419,928,Herrenfahrrad
11501238,1400,Fahrrad
4300517,799,Damenfahrrad
10100314,579,Damenfahrrad
7300516,1200,Damenfahrrad
1300835,960,Fahrrad
9401534,1500,Herrenfahrrad
2200213,400,Herrenfahrrad
6200422,640,Damenfahrrad
10100314,300,Damenfahrrad
7300517,891,Herrenfahrrad
10300732,620,Herrenfahrrad
3400830,650,Damenfahrrad
7601237,579,Damenfahrrad
8100312,1250,Herrenfahrrad
4501045,303,Kinderfahrrad
4500936,1500,Herrenfahrrad
9100304,450,divers
11401137,1217,Damenfahrrad
1100311,399,Damenfahrrad
9401329,1104,Herrenfahrrad
8100105,549,Herrenfahrrad
9200819,200,Herrenfahrrad
2200208,650,Fahrrad
1300834,1362,Damenfahrrad
10300732,284,Damenfahrrad
9300921,400,Herrenfahrrad
1200522,1059,Herrenfahrrad
1401048,899,Fahrrad
8401140,800,Herrenfahrrad
2300316,2013,Mountainbike
1100311,1000,Herrenfahrrad
6100102,1899,Herrenfahrrad
8301036,399,Herrenfahrrad
7601341,871,Fahrrad
6400735,1350,Damenfahrrad
4500936,1500,Herrenfahrrad
7400826,350,Damenfahrrad
11100308,1503,Herrenfahrrad
1100416,1999,Damenfahrrad
4300624,270,Herrenfahrrad
1300835,519,Herrenfahrrad
4400830,999,Fahrrad
6100101,260,Fahrrad
9100101,350,Fahrrad
8100101,1500,Herrenfahrrad
3400826,145,Kinderfahrrad
4200309,259,Mountainbike
1100416,1489,Herrenfahrrad
1100415,298,Damenfahrrad
3601348,1102,Herrenfahrrad
4501043,660,Herrenfahrrad
7400720,649,Damenfahrrad
7601544,1079,Herrenfahrrad
3701658,322,Damenfahrrad
10100210,550,Mountainbike
6100205,626,Damenfahrrad
4500938,2000,Herrenfahrrad
4400727,539,Herrenfahrrad
10200418,450,Damenfahrrad
5100208,170,Herrenfahrrad
3701554,1750,Herrenfahrrad
1401048,250,Herrenfahrrad
7400720,744,Fahrrad
12400720,3172,Herrenfahrrad
7300618,640,Herrenfahrrad
4501040,322,Herrenfahrrad
4300517,2594,Herrenfahrrad
1200520,1500,Herrenfahrrad
1100308,600,Herrenfahrrad
11400930,359,Damenfahrrad
11300618,500,Mountainbike
3500936,195,Mountainbike
1100308,999,Herrenfahrrad
2300314,100,Damenfahrrad
2300315,549,Fahrrad
4501147,539,Herrenfahrrad
6200420,299,Herrenfahrrad
1100206,1000,Damenfahrrad
7300618,999,Herrenfahrrad
9301126,3497,divers
7200410,1279,Herrenfahrrad
6400735,630,Herrenfahrrad
7200307,1500,Herrenfahrrad
6200421,3055,Fahrrad
2200211,724,Fahrrad
7300618,1199,Herrenfahrrad
8100103,300,Herrenfahrrad
6300630,2800,Herrenfahrrad
2400623,1707,Herrenfahrrad
9100101,549,Herrenfahrrad
2400522,1350,Herrenfahrrad
11300618,498,Fahrrad
8200622,1070,Fahrrad
5100316,372,Damenfahrrad
6200316,710,Damenfahrrad
4501040,1299,Herrenfahrrad
2200210,500,Damenfahrrad
2100105,120,Fahrrad
2200209,306,Fahrrad
4400830,949,Herrenfahrrad
4400727,770,Damenfahrrad
7300515,350,Rennrad
1100309,900,Mountainbike
8100313,1000,Herrenfahrrad
7400927,550,Fahrrad
8401244,750,Damenfahrrad
4501042,500,Herrenfahrrad
8100417,3000,Fahrrad
7200413,1083,Fahrrad
8100415,1045,Fahrrad
1300731,900,Damenfahrrad
4200310,1010,Herrenfahrrad
7200413,472,Herrenfahrrad
1100310,699,Herrenfahrrad
9200613,250,Damenfahrrad
2100105,1300,Fahrrad
1401046,100,Herrenfahrrad
10100210,350,Herrenfahrrad
8100207,498,Herrenfahrrad
1100312,620,Damenfahrrad
2500834,300,Herrenfahrrad
8100103,638,Fahrrad
3601142,486,Damenfahrrad
5100316,349,Damenfahrrad
6400844,490,Herrenfahrrad
3601243,599,Damenfahrrad
4300619,699,Damenfahrrad
4300414,478,Herrenfahrrad
3300413,499,Damenfahrrad
1100312,333,Damenfahrrad
3601142,1100,Herrenfahrrad
8100312,2052,Fahrrad
1100416,800,Damenfahrrad
3400722,827,Damenfahrrad
6400842,1949,Damenfahrrad
4300412,499,Kinderfahrrad
1200627,448,Herrenfahrrad
11400929,500,Herrenfahrrad
9501939,549,Herrenfahrrad
4300622,1799,Herrenfahrrad
11300725,960,divers
9200717,280,Damenfahrrad
9200613,4299,Herrenfahrrad
3300412,1690,Herrenfahrrad
11300725,345,Kinderfahrrad
3601449,395,Kinderfahrrad
2400520,626,Herrenfahrrad
2400625,571,Herrenfahrrad
4300624,1200,Herrenfahrrad
3601451,480,Herrenfahrrad
1200520,1849,Herrenfahrrad
8100103,3197,Herrenfahrrad
4300415,960,Herrenfahrrad
8100419,1998,Herrenfahrrad
3400724,550,Damenfahrrad
6300524,2400,Damenfahrrad
7200307,730,Herrenfahrrad
1100312,333,Damenfahrrad
6300528,3949,Herrenfahrrad
12100205,968,divers
4300416,869,Damenfahrrad
9100101,900,Damenfahrrad
2300419,50,Damenfahrrad
4400727,300,Herrenfahrrad
6300528,899,Herrenfahrrad
7100102,752,Damenfahrrad
10400938,399,Mountainbike
9100101,899,Damenfahrrad
2100106,694,Damenfahrrad
3400721,670,Damenfahrrad
9200510,5139,Fahrrad
3200310,461,Herrenfahrrad
10400939,699,Herrenfahrrad
11401034,4999,Fahrrad
1100416,1100,Herrenfahrrad
4300416,1099,Herrenfahrrad
9401433,499,Damenfahrrad
3500933,499,Damenfahrrad
4500937,6299,divers
10100207,80,Mountainbike
6300633,639,Herrenfahrrad
7501032,730,Damenfahrrad
6300527,496,Damenfahrrad
1401044,499,Herrenfahrrad
4300517,585,Herrenfahrrad
5100316,684,divers
3500932,499,Herrenfahrrad
1200627,642,Damenfahrrad
7601546,240,Herrenfahrrad
9501940,2339,Herrenfahrrad
4200311,2300,Herrenfahrrad
12100205,649,Herrenfahrrad
6400843,908,Herrenfahrrad
9200511,499,Herrenfahrrad
2300417,2200,Fahrrad
3601347,410,Kinderfahrrad
3601245,899,Herrenfahrrad
3601140,535,Herrenfahrrad
2300417,180,Fahrrad
1100309,218,Damenfahrrad
2400623,488,Damenfahrrad
8100311,462,Herrenfahrrad
9501939,2290,Mountainbike
9200717,637,Damenfahrrad
1200625,834,Damenfahrrad
9501736,250,Fahrrad
3601141,370,Herrenfahrrad
3701554,521,Herrenfahrrad
1401044,150,Herrenfahrrad
5300736,2299,Damenfahrrad
3200205,699,Damenfahrrad
8200624,150,Herrenfahrrad
2300417,100,Herrenfahrrad
4501045,899,Damenfahrrad
1300835,599,Herrenfahrrad
3400826,376,Damenfahrrad
12400723,359,Damenfahrrad
3601348,1050,Herrenfahrrad
1300834,1411,Herrenfahrrad
4501149,924,Herrenfahrrad
1200626,4700,Fahrrad
7400824,489,Rennrad
4501147,574,Herrenfahrrad
9100101,100,Damenfahrrad
2400520,130,Kinderfahrrad
8100207,495,Herrenfahrrad
10200629,220,Herrenfahrrad
8100105,999,Herrenfahrrad
8100105,744,Herrenfahrrad
1100103,579,Herrenfahrrad
8100312,2000,Herrenfahrrad
4300414,1500,Herrenfahrrad
9100101,800,Herrenfahrrad
9200818,1000,Herrenfahrrad
9501939,489,Damenfahrrad
6400737,40,Fahrrad
2500727,600,Herrenfahrrad
6100102,2023,Damenfahrrad
6300527,1492,Herrenfahrrad
2200210,200,Damenfahrrad
1300731,1,Mountainbike
3601139,699,Damenfahrrad
4300416,800,Fahrrad
3500933,1386,Herrenfahrrad
5100316,1300,Damenfahrrad
12601031,850,Herrenfahrrad
1100102,999,Damenfahrrad
2500832,270,Fahrrad
6400843,780,Herrenfahrrad
7200308,7999,Fahrrad
2400522,1300,Damenfahrrad
7200308,271,Kinderfahrrad
2200213,438,Herrenfahrrad
4501041,1600,Herrenfahrrad
2500726,699,Fahrrad
1300836,398,Herrenfahrrad
3601142,717,Herrenfahrrad
1100415,500,Herrenfahrrad
4300413,719,Damenfahrrad
8100207,472,Damenfahrrad
7601545,400,Damenfahrrad
4400830,269,Damenfahrrad
1100308,400,Herrenfahrrad
4501041,5982,Herrenfahrrad
11200411,450,Damenfahrrad
7601442,375,Damenfahrrad
7200410,779,Fahrrad
11401137,412,Damenfahrrad
4501042,398,Herrenfahrrad
5100316,999,Damenfahrrad
9200715,1200,Damenfahrrad
2200211,729,Herrenfahrrad
3601347,1199,Herrenfahrrad
3601243,900,Herrenfahrrad
10300733,250,Herrenfahrrad
4501043,240,Kinderfahrrad
3200309,600,Herrenfahrrad
6400843,297,Fahrrad
8100310,1100,Damenfahrrad
1200519,559,Herrenfahrrad
2200211,399,Herrenfahrrad
1100206,799,Damenfahrrad
7501030,199,Herrenfahrrad
9200613,480,Herrenfahrrad
9200717,4809,Herrenfahrrad
8100206,100,Fahrrad
3601453,370,Damenfahrrad
1100206,400,Herrenfahrrad
7300517,566,Damenfahrrad
2500833,195,Damenfahrrad
5100210,300,Fahrrad
5200423,344,Herrenfahrrad
4300621,1000,Herrenfahrrad
7100102,520,Herrenfahrrad
2500728,1199,Herrenfahrrad
4200309,602,Herrenfahrrad
3701554,1687,Herrenfahrrad
1100207,1340,Rennrad
4501150,715,Fahrrad
2300315,350,Herrenfahrrad
9301227,1000,Herrenfahrrad
5200423,659,Herrenfahrrad
9301126,400,Fahrrad
12200515,400,Fahrrad
9200715,1334,Fahrrad
3200310,390,Mountainbike
4200207,500,Herrenfahrrad
7300516,399,Damenfahrrad
7300516,440,Damenfahrrad
3400724,700,Herrenfahrrad
9501941,1400,Herrenfahrrad
11400927,620,Herrenfahrrad
1200627,1799,Herrenfahrrad
5200423,1745,Mountainbike
7100101,1248,Herrenfahrrad
4200308,550,Herrenfahrrad
1300730,180,Fahrrad
4501146,470,Fahrrad
1400942,600,Damenfahrrad
1401044,170,Damenfahrrad
5200629,509,divers
9100101,1076,Herrenfahrrad
2300316,1000,Herrenfahrrad
4100101,2599,Mountainbike
2300315,979,Herrenfahrrad
2200210,231,Kinderfahrrad
7100102,500,Mountainbike
3400827,456,Herrenfahrrad
8100311,350,Damenfahrrad
3400830,834,Herrenfahrrad
3400723,400,Damenfahrrad
3400721,1998,Fahrrad
8200624,899,Fahrrad
8100415,199,Damenfahrrad
8100206,1200,Herrenfahrrad
5200629,799,Herrenfahrrad
9200717,750,Damenfahrrad
9401534,519,Damenfahrrad
8100314,1900,Herrenfahrrad
1200629,958,Herrenfahrrad
7200409,200,Fahrrad
7100101,250,Damenfahrrad
4400830,533,Herrenfahrrad
9200613,500,Damenfahrrad
1400937,446,Damenfahrrad
8100101,500,Herrenfahrrad
3100103,600,Damenfahrrad
7100101,3000,Fahrrad
4501147,1100,Herrenfahrrad
8100311,560,Damenfahrrad
8100310,834,Damenfahrrad
1100310,498,Herrenfahrrad
9200715,1220,Damenfahrrad
1100205,749,Fahrrad
12200307,400,Herrenfahrrad
3400828,400,Herrenfahrrad
5100316,500,Damenfahrrad
9501939,700,Herrenfahrrad
3400620,746,Kinderfahrrad
3200206,4627,divers
6300528,2759,Damenfahrrad
3400722,1300,Fahrrad
7200413,957,Herrenfahrrad
9100101,1000,Rennrad
6100206,1000,Herrenfahrrad
3601142,1010,Rennrad
1300733,2500,Fahrrad
3601348,300,Herrenfahrrad
11501341,999,Herrenfahrrad
12200308,277,Mountainbike
3400619,959,Herrenfahrrad
11200514,792,Damenfahrrad
1100311,200,Damenfahrrad
3701658,250,Herrenfahrrad
8100103,544,Fahrrad
4200309,602,Herrenfahrrad
3400722,250,Damenfahrrad
3601141,200,Kinderfahrrad
4501146,870,Herrenfahrrad
1400939,200,Fahrrad
4400833,699,Herrenfahrrad
1100101,249,Damenfahrrad
4100101,180,Damenfahrrad
12100101,400,Damenfahrrad
7300516,528,Damenfahrrad
2400522,150,Herrenfahrrad
2200209,939,Herrenfahrrad
4500938,90,Damenfahrrad
8100206,800,Herrenfahrrad
8100314,550,Damenfahrrad
2200209,350,Damenfahrrad
3300514,554,Damenfahrrad
11200512,373,Damenfahrrad
9200715,1150,Damenfahrrad
3200207,558,Kinderfahrrad
9200819,300,Fahrrad
2200210,90,Herrenfahrrad
10100205,698,Herrenfahrrad
2300417,150,Herrenfahrrad
2400624,100,Herrenfahrrad
3100101,599,Damenfahrrad
2300419,555,Damenfahrrad
7400928,300,Herrenfahrrad
4100101,450,Damenfahrrad
10200629,379,Damenfahrrad
4500936,350,Herrenfahrrad
6300526,749,Damenfahrrad
9100101,2300,divers
11300722,352,Herrenfahrrad
3400830,200,Damenfahrrad
2300417,499,Damenfahrrad
1200626,765,Herrenfahrrad
4501041,1482,Fahrrad
6300633,578,Herrenfahrrad
12400722,803,Herrenfahrrad
11501341,661,Herrenfahrrad
1400938,599,Herrenfahrrad
4200311,1500,Herrenfahrrad
9401433,1300,Damenfahrrad
8100312,400,Damenfahrrad
11501341,1348,Damenfahrrad
9200715,600,Damenfahrrad
4200311,900,Damenfahrrad
3300412,1199,Damenfahrrad
8100311,180,Kinderfahrrad
6300630,400,Herrenfahrrad
3601243,645,Herrenfahrrad
3500935,600,Herrenfahrrad
4500937,393,Herrenfahrrad
11300722,3514,Herrenfahrrad
1100309,300,Kinderfahrrad
2500729,500,Fahrrad
3500936,50,Damenfahrrad
11400927,450,Kinderfahrrad
2100106,480,Damenfahrrad
3601346,1050,Damenfahrrad
1100414,214,Herrenfahrrad
3501037,498,Herrenfahrrad
1100308,1184,Herrenfahrrad
1401043,400,Herrenfahrrad
2400623,828,Herrenfahrrad
11401137,375,Damenfahrrad
1200518,400,Damenfahrrad
1401046,889,Herrenfahrrad
8100101,700,Herrenfahrrad
12500926,2450,Herrenfahrrad
4300622,570,Herrenfahrrad
3701555,800,Damenfahrrad
11100308,549,Herrenfahrrad
8100417,999,Damenfahrrad
1100206,2200,Fahrrad
2300315,500,Herrenfahrrad
3601451,439,Kinderfahrrad
9100203,2249,Damenfahrrad
4501149,744,Herrenfahrrad
5300736,650,Herrenfahrrad
12601134,400,Damenfahrrad
11100204,1700,Herrenfahrrad
2300419,739,Fahrrad
7501031,600,Herrenfahrrad
9200512,1990,Fahrrad
7100206,1250,Herrenfahrrad
6100103,1332,Herrenfahrrad
9301126,399,Damenfahrrad
2500835,268,Damenfahrrad
3701556,850,Herrenfahrrad
7300619,530,Herrenfahrrad
5100316,400,Herrenfahrrad
2400522,1249,Fahrrad
6200315,599,Damenfahrrad
12200307,279,Fahrrad
2500729,599,Damenfahrrad
11200512,750,Damenfahrrad
9100304,550,Damenfahrrad
3601449,283,Herrenfahrrad
7300517,748,Herrenfahrrad
10400836,302,Herrenfahrrad
1100103,600,Herrenfahrrad
8100206,1070,Fahrrad
1100102,349,Damenfahrrad
3701554,1000,Herrenfahrrad
8100101,390,Herrenfahrrad
8100418,500,Herrenfahrrad
2100106,600,Herrenfahrrad
1200522,957,Damenfahrrad
7100103,317,Herrenfahrrad
1400942,2590,divers
6100209,830,Herrenfahrrad
11300616,350,Herrenfahrrad
1100308,300,Damenfahrrad
1100206,265,Damenfahrrad
2400522,1270,Herrenfahrrad
9200716,5700,Herrenfahrrad
9200613,970,Damenfahrrad
4501148,611,Mountainbike
4400830,1000,Damenfahrrad
3601142,641,Kinderfahrrad
11200513,830,Herrenfahrrad
8100310,400,Damenfahrrad
1100312,400,Herrenfahrrad
9100305,1444,Herrenfahrrad
3601245,834,Damenfahrrad
4501153,428,Herrenfahrrad
11400927,2160,Herrenfahrrad
10400837,1134,Herrenfahrrad
6400838,400,Damenfahrrad
10100102,200,Mountainbike
9200819,799,Herrenfahrrad
11100205,848,Fahrrad
7300517,580,Damenfahrrad
2500832,850,Damenfahrrad
6100208,1704,Mountainbike
7601236,548,Fahrrad
7400824,650,Fahrrad
8100314,480,Herrenfahrrad
9401534,190,Damenfahrrad
7400824,600,Damenfahrrad
12100204,110,Herrenfahrrad
1401048,520,Herrenfahrrad
4300619,650,Herrenfahrrad
7200414,649,Herrenfahrrad
3200308,420,Damenfahrrad
8100416,10,Fahrrad
9401329,300,Damenfahrrad
4300623,550,Damenfahrrad
2200211,492,Kinderfahrrad
2500835,824,Herrenfahrrad
7100101,944,Herrenfahrrad
7300517,1600,Damenfahrrad
2200210,337,Damenfahrrad
12500825,950,Damenfahrrad
7200413,687,Herrenfahrrad
9100101,383,Herrenfahrrad
2200210,379,Kinderfahrrad
2200211,673,Damenfahrrad
7400927,878,Damenfahrrad
2500830,480,Damenfahrrad
9301126,549,Herrenfahrrad
3200207,1959,Mountainbike
12200310,500,Herrenfahrrad
7100204,1515,Damenfahrrad
12400721,580,Herrenfahrrad
1100310,924,Herrenfahrrad
3400721,425,Herrenfahrrad
1100104,0,Mountainbike
7100204,999,Damenfahrrad
8100314,750,Herrenfahrrad
3601348,599,Mountainbike
3601348,535,Herrenfahrrad
3500934,600,Damenfahrrad
11400931,705,Damenfahrrad
1401045,450,Mountainbike
6200314,2985,Fahrrad
4300623,250,Damenfahrrad
10400939,150,Damenfahrrad
4300624,1070,divers
3400721,650,Herrenfahrrad
8401246,398,Fahrrad
1200629,900,Fahrrad
1200623,350,Herrenfahrrad
1100309,450,Herrenfahrrad
8401246,400,Mountainbike
9501737,499,Herrenfahrrad
4200309,469,Damenfahrrad
5100103,500,Herrenfahrrad
9501940,760,Herrenfahrrad
11400929,700,Herrenfahrrad
5300736,350,Herrenfahrrad
8100102,100,Herrenfahrrad
1300834,350,Rennrad
6400737,90,Herrenfahrrad
2100105,300,Fahrrad
2300316,299,Damenfahrrad
4300518,1100,Fahrrad
11400929,1200,Herrenfahrrad
7300517,878,Herrenfahrrad
1300733,422,Damenfahrrad
4300622,1200,Herrenfahrrad
9301228,418,Herrenfahrrad
1200625,650,Damenfahrrad
4501151,869,Damenfahrrad
10400836,450,Damenfahrrad
3400828,666,Herrenfahrrad
9200512,992,Herrenfahrrad
1100309,958,Herrenfahrrad
7300619,400,Damenfahrrad
7300516,430,Herrenfahrrad
8100208,233,Damenfahrrad
9401431,400,Herrenfahrrad
7501134,159,Herrenfahrrad
11400929,1590,Fahrrad
8100101,589,Herrenfahrrad
1200519,600,Herrenfahrrad
11100309,1500,Fahrrad
7100103,1375,Mountainbike
10100205,580,Damenfahrrad
3601244,674,Herrenfahrrad
2500835,300,Herrenfahrrad
2200212,250,Damenfahrrad
10400836,1099,Herrenfahrrad
3601245,690,Damenfahrrad
4501042,400,Herrenfahrrad
3400826,730,Herrenfahrrad
11501341,1050,Damenfahrrad
3400826,450,Herrenfahrrad
3601142,349,Damenfahrrad
3601451,999,Herrenfahrrad
1200623,1029,Damenfahrrad
8100310,337,Damenfahrrad
4200309,5199,Herrenfahrrad
2100101,1500,Fahrrad
1100310,1000,divers
1100415,799,Herrenfahrrad
8100311,599,Herrenfahrrad
7300517,312,Herrenfahrrad
1100308,4000,Herrenfahrrad
8301037,300,Mountainbike
7400822,240,Damenfahrrad
5100210,322,Herrenfahrrad
1200625,1299,Fahrrad
11501238,500,Herrenfahrrad
1300834,180,Kinderfahrrad
7100102,8027,Damenfahrrad
12400723,1000,Herrenfahrrad
7200414,488,Herrenfahrrad
4501149,1050,Herrenfahrrad
9200715,3299,Herrenfahrrad
1100310,260,Herrenfahrrad
4500937,544,Herrenfahrrad
11300617,549,Herrenfahrrad
4400727,560,Herrenfahrrad
4501042,839,Mountainbike
1401044,499,Herrenfahrrad
1300836,400,Damenfahrrad
3200206,380,Damenfahrrad
8100312,3735,Fahrrad
11501340,600,Herrenfahrrad
1100101,1167,Herrenfahrrad
3501037,523,Fahrrad
10100101,345,Damenfahrrad
8100311,279,Damenfahrrad
9300920,1099,Herrenfahrrad
9300920,899,Herrenfahrrad
2200209,498,Herrenfahrrad
10200524,1050,Rennrad
4400835,500,Herrenfahrrad
4501151,333,Damenfahrrad
2100106,799,Damenfahrrad
1100207,1450,Damenfahrrad
3601139,1000,Herrenfahrrad
1100103,100,Herrenfahrrad
12100102,300,Herrenfahrrad
5100102,2866,Herrenfahrrad
7200413,1750,Herrenfahrrad
7200308,1399,Herrenfahrrad
9100407,1692,divers
11200515,799,Mountainbike
8100101,289,Herrenfahrrad
9501941,2969,Fahrrad
1200626,600,Herrenfahrrad
10100205,300,Damenfahrrad
8100418,514,Damenfahrrad
9200715,1748,Damenfahrrad
5200420,100,Damenfahrrad
4400835,550,Damenfahrrad
3601142,500,Herrenfahrrad
8100418,160,Damenfahrrad
10100206,400,Damenfahrrad
9401534,2758,Herrenfahrrad
2400521,800,Herrenfahrrad
1100103,405,Herrenfahrrad
5400943,580,Fahrrad
9501939,849,Herrenfahrrad
1400940,418,Herrenfahrrad
3701660,670,Damenfahrrad
2100104,575,Damenfahrrad
9401534,50,Damenfahrrad
7601238,799,Herrenfahrrad
7200409,1150,Fahrrad
7100204,1150,Herrenfahrrad
6300527,399,Damenfahrrad
12400721,498,Kinderfahrrad
4501151,744,Damenfahrrad
3601244,200,Herrenfahrrad
3200206,286,Damenfahrrad
4501149,260,Herrenfahrrad
3601346,909,Fahrrad
7100206,330,Herrenfahrrad
10100312,199,Damenfahrrad
7100206,700,Fahrrad
4501152,702,Herrenfahrrad
4300619,444,Herrenfahrrad
1300835,220,Herrenfahrrad
2100106,100,Damenfahrrad
6300526,800,Herrenfahrrad
10200418,440,Herrenfahrrad
11300722,780,Herrenfahrrad
3200206,473,Damenfahrrad
7300517,398,divers
3601142,800,Herrenfahrrad
9300922,1999,Fahrrad
3601347,399,Damenfahrrad
2100106,100,Damenfahrrad
3200206,307,Herrenfahrrad
10100207,180,Kinderfahrrad
4501147,590,Herrenfahrrad
7300619,212,Herrenfahrrad
11501340,750,Herrenfahrrad
7100103,300,Damenfahrrad
1100309,940,Herrenfahrrad
9200512,560,Herrenfahrrad
12500927,525,Herrenfahrrad
6300630,880,Damenfahrrad
9501940,900,Herrenfahrrad
2400522,1557,Herrenfahrrad
3500933,500,Damenfahrrad
1200625,275,Kinderfahrrad
9100101,1000,Herrenfahrrad
4300623,585,Herrenfahrrad
1400942,848,Herrenfahrrad
6200421,50,Herrenfahrrad
8200831,322,Damenfahrrad
11300722,349,Kinderfahrrad
1401047,500,Damenfahrrad
4501041,2000,Herrenfahrrad
4300621,300,Damenfahrrad
12500926,330,Herrenfahrrad
3400826,2000,Herrenfahrrad
1100102,2002,Herrenfahrrad
10200526,200,Fahrrad
6400843,500,Herrenfahrrad
4200310,819,Fahrrad
9200613,398,Damenfahrrad
7300517,792,Damenfahrrad
2500832,810,Damenfahrrad
1100311,1049,Fahrrad
11400930,200,Fahrrad
3601346,1750,Herrenfahrrad
2400522,699,Herrenfahrrad
7300517,847,Damenfahrrad
9100101,3511,divers
8401243,399,Damenfahrrad
4500938,2570,Herrenfahrrad
4300416,876,Herrenfahrrad
6300630,799,Damenfahrrad
4300414,20,Herrenfahrrad
12400720,1099,Fahrrad
3300412,640,Herrenfahrrad
2300418,322,Herrenfahrrad
2300315,1065,Herrenfahrrad
3701658,800,divers
1300834,100,Herrenfahrrad
7300619,450,Fahrrad
2200210,940,Damenfahrrad
1200623,160,Damenfahrrad
8100206,2000,Damenfahrrad
9200715,521,Damenfahrrad
10300732,1305,Herrenfahrrad
9501939,2378,Damenfahrrad
3601140,365,Herrenfahrrad
1200629,798,Damenfahrrad
2300315,170,Damenfahrrad
7400927,500,Damenfahrrad
2200210,735,Herrenfahrrad
3200207,630,Damenfahrrad
9501838,800,Damenfahrrad
4400830,300,Herrenfahrrad
5200631,650,Herrenfahrrad
2500835,439,Damenfahrrad
2100106,1500,divers
11300620,776,Herrenfahrrad
1401047,922,Herrenfahrrad
7200413,1150,Fahrrad
1100312,545,Herrenfahrrad
2300417,633,Fahrrad
2300419,1000,Damenfahrrad
3500934,3700,Fahrrad
10400938,1500,divers
4300414,1089,Fahrrad
7300618,329,Damenfahrrad
9301227,0,Herrenfahrrad
2300418,30,Fahrrad
2300419,3894,Fahrrad
8100208,1333,Herrenfahrrad
12500825,1499,divers
7100101,50,Damenfahrrad
1100415,799,Herrenfahrrad
3601347,300,Herrenfahrrad
4300412,599,Herrenfahrrad
2300314,750,Damenfahrrad
4501045,1167,Herrenfahrrad
7100102,500,Herrenfahrrad
4300517,99,Herrenfahrrad
8100312,450,Fahrrad
3701659,2792,divers
11200514,200,Damenfahrrad
11400929,304,Damenfahrrad
11400929,1529,Herrenfahrrad
9200819,762,Damenfahrrad
1100102,2074,Fahrrad
4501146,399,Kinderfahrrad
12601134,427,Damenfahrrad
2200209,150,Kinderfahrrad
10100207,279,Damenfahrrad
2300314,750,Herrenfahrrad
2500835,899,Damenfahrrad
9100407,300,Damenfahrrad
1200519,620,Herrenfahrrad
2300315,3250,Herrenfahrrad
10100312,50,Damenfahrrad
9501941,749,Damenfahrrad
11501340,478,Herrenfahrrad
9100409,549,Fahrrad
3501038,450,Damenfahrrad
2500830,750,Herrenfahrrad
7200409,2000,Damenfahrrad
4300415,250,Herrenfahrrad
11300620,299,Fahrrad
2300417,400,Mountainbike
4501041,1500,Herrenfahrrad
2500727,384,Herrenfahrrad
9200716,400,Mountainbike
11400929,503,Damenfahrrad
3601243,2211,Herrenfahrrad
9100101,350,Rennrad
3601142,2100,divers
2500833,562,Damenfahrrad
1300733,2200,Herrenfahrrad
6200422,0,Herrenfahrrad
2100106,1238,Herrenfahrrad
4200309,2000,Damenfahrrad
9200613,298,Herrenfahrrad
6400842,1600,Herrenfahrrad
12400723,699,Herrenfahrrad
9100305,700,Fahrrad
2400522,600,Herrenfahrrad
8100418,919,Herrenfahrrad
9501838,2399,Damenfahrrad
3501037,244,Kinderfahrrad
3601347,539,Kinderfahrrad
1200629,800,Herrenfahrrad
5200423,400,Damenfahrrad
3300412,350,Herrenfahrrad
2300419,330,Herrenfahrrad
1200626,1125,Herrenfahrrad
8100209,360,Fahrrad
8100418,25,Herrenfahrrad
1100313,800,Herrenfahrrad
4500936,549,Damenfahrrad
12500926,650,Mountainbike
1200624,600,Herrenfahrrad
6200422,180,Damenfahrrad
1100308,1200,Herrenfahrrad
4300414,401,Damenfahrrad
1300731,200,Damenfahrrad
4300416,866,Damenfahrrad
8100206,2563,Herrenfahrrad
4501042,289,Herrenfahrrad
11100308,600,Fahrrad
4500936,700,Damenfahrrad
9200717,2049,Fahrrad
1401048,530,Herrenfahrrad
4300624,1050,Herrenfahrrad
9200717,699,Herrenfahrrad
4500936,1200,Herrenfahrrad
1200625,1500,Rennrad
3601244,1600,Herrenfahrrad
3400723,375,Damenfahrrad
11300721,400,Herrenfahrrad
2500831,749,Herrenfahrrad
2200207,829,Herrenfahrrad
1100206,700,Damenfahrrad
6200313,550,Damenfahrrad
9200717,2100,Herrenfahrrad
1100310,1300,Rennrad
10100205,1950,Damenfahrrad
1200628,659,Damenfahrrad
9200613,425,Herrenfahrrad
12500929,300,Kinderfahrrad
11200411,300,Mountainbike
1200518,400,divers
2100103,330,Rennrad
7200307,260,Fahrrad
3400831,1800,Herrenfahrrad
6400841,670,Damenfahrrad
2200211,150,Rennrad
7100204,250,Herrenfahrrad
2100105,700,Herrenfahrrad
1300731,500,Herrenfahrrad
11401136,388,Herrenfahrrad
3701658,70,Damenfahrrad
6400838,399,Fahrrad
3601142,400,Damenfahrrad
3601142,300,Herrenfahrrad
10100207,120,Damenfahrrad
11200513,670,Damenfahrrad
9100101,379,Herrenfahrrad
3400721,298,Kinderfahrrad
5200528,699,Mountainbike
1300836,250,Herrenfahrrad
5200422,600,Mountainbike
1100310,759,Damenfahrrad
2500729,949,Damenfahrrad
7100102,1654,Herrenfahrrad
10100312,400,Damenfahrrad
2200213,1100,Herrenfahrrad
4300624,300,Damenfahrrad
7501031,299,Damenfahrrad
3601347,0,Damenfahrrad
4200206,299,Herrenfahrrad
10400940,799,Herrenfahrrad
4300624,700,Kinderfahrrad
6300633,548,Damenfahrrad
9401433,2159,Mountainbike
2300314,3500,Damenfahrrad
1100310,448,Damenfahrrad
10100311,550,Herrenfahrrad
7300517,535,Herrenfahrrad
7601238,229,Damenfahrrad
1401043,1750,Herrenfahrrad
6200421,299,Damenfahrrad
10400940,1550,Herrenfahrrad
1401044,428,Damenfahrrad
9200512,749,Herrenfahrrad
3601244,260,Herrenfahrrad
1300732,200,Herrenfahrrad
2100101,1000,Herrenfahrrad
8100418,699,Damenfahrrad
9200819,150,Damenfahrrad
1401046,70,Damenfahrrad
8100310,800,Fahrrad
1200628,399,Damenfahrrad
7200307,214,Fahrrad
4500938,3800,Damenfahrrad
6100103,400,Damenfahrrad
9200511,1150,Herrenfahrrad
2400624,850,Herrenfahrrad
11100204,100,Damenfahrrad
2300419,500,Herrenfahrrad
2400522,779,Herrenfahrrad
4501043,699,Herrenfahrrad
4501152,300,Damenfahrrad
2400624,150,Damenfahrrad
3601142,600,Fahrrad
3601245,1024,Fahrrad
7300618,930,Herrenfahrrad
12601236,699,Damenfahrrad
8100311,380,Damenfahrrad
9100101,180,Damenfahrrad
3300514,699,Damenfahrrad
1100313,699,Herrenfahrrad
5200527,399,Damenfahrrad
11401137,377,Herrenfahrrad
2500834,1250,Herrenfahrrad
3601347,498,Damenfahrrad
4500939,1400,Herrenfahrrad
11400928,120,Herrenfahrrad
2500833,222,Herrenfahrrad
2400522,1829,Herrenfahrrad
1100312,2199,Herrenfahrrad
1200626,720,Herrenfahrrad
9100101,500,Damenfahrrad
1100308,1021,Damenfahrrad
4300518,979,Herrenfahrrad
8100206,758,Mountainbike
1300733,1140,Damenfahrrad
2500832,209,Damenfahrrad
1300731,597,Herrenfahrrad
7400824,500,Herrenfahrrad
2500728,759,Herrenfahrrad
3601453,849,Damenfahrrad
8100417,1199,Herrenfahrrad
1200520,896,Herrenfahrrad
6400844,700,Damenfahrrad
8100209,574,Damenfahrrad
6200422,1101,Herrenfahrrad
7400720,350,Herrenfahrrad
8100207,400,Mountainbike
2500728,645,Damenfahrrad
2200207,650,Herrenfahrrad
12500926,2800,divers
1401046,600,Fahrrad
5200634,290,Damenfahrrad
3601346,250,Fahrrad
9200511,400,Damenfahrrad
1100309,600,Fahrrad
8100314,524,Herrenfahrrad
6200418,200,Damenfahrrad
1400937,250,Damenfahrrad
9100202,600,Herrenfahrrad
1200629,1458,Herrenfahrrad
7200409,799,Damenfahrrad
10100311,599,Damenfahrrad
8100314,500,Herrenfahrrad
11501341,299,Herrenfahrrad
4500938,3100,Damenfahrrad
9501737,580,Damenfahrrad
7400721,2710,Herrenfahrrad
3400724,300,Herrenfahrrad
4300623,1800,Herrenfahrrad
11300723,490,Kinderfahrrad
4300624,1588,Herrenfahrrad
6300633,799,Herrenfahrrad
6400838,997,Damenfahrrad
7601546,480,Herrenfahrrad
6300630,1400,Herrenfahrrad
7200410,1200,Herrenfahrrad
4501042,1500,Herrenfahrrad
7300619,576,Damenfahrrad
4501040,1498,Damenfahrrad
9401433,2600,Herrenfahrrad
2200210,350,Damenfahrrad
4501041,300,Herrenfahrrad
12601133,250,Herrenfahrrad
1100309,535,Damenfahrrad
12200515,570,Damenfahrrad
8100208,615,Herrenfahrrad
6200423,500,Damenfahrrad
6100101,500,Damenfahrrad
7200409,748,Fahrrad
11400929,300,Damenfahrrad
4501045,873,Herrenfahrrad
4501042,439,Damenfahrrad
7300618,850,Damenfahrrad
12200412,220,Herrenfahrrad
1300834,595,Kinderfahrrad
3400724,345,Kinderfahrrad
6400735,700,Fahrrad
9401534,70,Kinderfahrrad
6400735,700,Fahrrad
8100208,407,Herrenfahrrad
1401048,300,Damenfahrrad
11300620,300,Herrenfahrrad
6100102,399,Herrenfahrrad
8100209,170,Herrenfahrrad
3601142,237,Herrenfahrrad
10100311,199,divers
1200520,429,Damenfahrrad
2200212,289,Damenfahrrad
5100312,199,Kinderfahrrad
7100102,700,Herrenfahrrad
6100101,644,Damenfahrrad
9200511,200,Kinderfahrrad
9200511,150,Kinderfahrrad
10100207,300,Damenfahrrad
4501041,1300,Damenfahrrad
4501148,560,Herrenfahrrad
2300417,150,Herrenfahrrad
2500833,794,Herrenfahrrad
2500833,760,Herrenfahrrad
3601245,600,Damenfahrrad
10400837,1100,Fahrrad
4300416,2166,Fahrrad
3500934,180,Damenfahrrad
8100311,250,Fahrrad
7501133,300,Damenfahrrad
2400623,100,Damenfahrrad
12601134,794,Damenfahrrad
8100419,784,Damenfahrrad
3601140,1500,Herrenfahrrad
8100101,2000,Fahrrad
7100205,919,Damenfahrrad
8100419,380,Damenfahrrad
3400724,350,Damenfahrrad
8100311,300,Fahrrad
7200410,400,Fahrrad
6200420,499,Damenfahrrad
3601451,100,Damenfahrrad
1400939,500,Herrenfahrrad
10200524,599,Herrenfahrrad
11300725,673,Fahrrad
1401043,494,Herrenfahrrad
2200212,800,Damenfahrrad
10400939,399,Herrenfahrrad
1100309,700,Herrenfahrrad
2300314,5000,Herrenfahrrad
9501737,899,Herrenfahrrad
1200623,557,Damenfahrrad
4501149,1000,Herrenfahrrad
10300733,800,Herrenfahrrad
9100101,300,Damenfahrrad
4400835,133,Damenfahrrad
3300514,410,Herrenfahrrad
12400723,599,divers
1100104,1148,Damenfahrrad
7601340,500,Herrenfahrrad
5100102,277,Herrenfahrrad
4400835,449,Herrenfahrrad
5100315,549,Herrenfahrrad
9100304,280,Damenfahrrad
9401433,558,Herrenfahrrad
3400828,800,Mountainbike
4300518,614,Damenfahrrad
4501153,2100,Rennrad
6100103,800,Herrenfahrrad
3601142,700,Damenfahrrad
8100310,999,Herrenfahrrad
8100419,860,Damenfahrrad
5200423,550,Damenfahrrad
4300413,1600,Herrenfahrrad
7200308,250,Herrenfahrrad
7100206,522,Mountainbike
1300834,5020,Mountainbike
7100206,828,Damenfahrrad
3200206,1200,Damenfahrrad
1100313,270,Rennrad
2200208,999,Herrenfahrrad
4200204,2600,divers
6100103,399,Herrenfahrrad
7100102,175,Damenfahrrad
3400723,600,Damenfahrrad
4200204,2969,Damenfahrrad
5200422,200,Herrenfahrrad
2200213,939,Fahrrad
3500933,3110,Herrenfahrrad
5400943,985,Damenfahrrad
1100310,999,Herrenfahrrad
9501939,699,Damenfahrrad
4300415,299,Damenfahrrad
3601244,1,Damenfahrrad
6100102,3299,Fahrrad
4300622,500,Mountainbike
3601346,649,Damenfahrrad
4400830,730,Damenfahrrad
6200313,499,Damenfahrrad
1200522,200,Herrenfahrrad
4501045,1450,Herrenfahrrad
4400835,591,Damenfahrrad
3701554,1129,Herrenfahrrad
3400721,893,Herrenfahrrad
4300413,642,Damenfahrrad
12100102,400,Herrenfahrrad
8200622,254,Damenfahrrad
1100414,425,Herrenfahrrad
1100313,850,Damenfahrrad
7100101,1228,Herrenfahrrad
11400929,200,Damenfahrrad
3400722,320,Herrenfahrrad
8100312,1100,Herrenfahrrad
11300722,2464,Damenfahrrad
6100209,209,Fahrrad
8100206,499,Damenfahrrad
3500933,372,Damenfahrrad
3300412,1069,Herrenfahrrad
2300417,300,Herrenfahrrad
9300923,398,Herrenfahrrad
3601243,370,Damenfahrrad
5100312,550,Mountainbike
9502043,3567,Damenfahrrad
2200213,130,Herrenfahrrad
7501030,333,Herrenfahrrad
3400831,130,Damenfahrrad
1100310,1550,Herrenfahrrad
8100105,150,Damenfahrrad
1400938,1200,Damenfahrrad
1200626,3100,Herrenfahrrad
6300526,500,Herrenfahrrad
7300517,879,Herrenfahrrad
3701555,300,Herrenfahrrad
9200614,299,Herrenfahrrad
8100314,700,Herrenfahrrad
2500832,500,Mountainbike
6100208,1000,Herrenfahrrad
8200622,650,Damenfahrrad
9100203,4200,Fahrrad
8100311,2000,Fahrrad
8200727,340,Herrenfahrrad
2300314,100,Damenfahrrad
6200422,500,Herrenfahrrad
9401635,300,Damenfahrrad
3400618,800,Fahrrad
3400723,299,Fahrrad
7100102,550,Herrenfahrrad
4500936,878,Damenfahrrad
2400624,300,Damenfahrrad
2300314,575,Herrenfahrrad
4200310,629,Herrenfahrrad
7100103,400,Herrenfahrrad
1401044,200,Fahrrad
2100105,250,Fahrrad
6200420,400,Herrenfahrrad
1401044,325,Damenfahrrad
1100311,1800,Herrenfahrrad
11300616,449,Damenfahrrad
8100101,499,Damenfahrrad
2200210,358,Damenfahrrad
2500728,400,Damenfahrrad
3601348,1115,Herrenfahrrad
3400724,367,Kinderfahrrad
6100102,1990,Herrenfahrrad
2400522,5450,Fahrrad
4501149,940,Herrenfahrrad
4300622,688,Herrenfahrrad
12100103,999,Herrenfahrrad
3601452,100,Damenfahrrad
2400624,1199,Damenfahrrad
5300841,947,Damenfahrrad
6400844,598,Herrenfahrrad
7200409,767,Damenfahrrad
10300734,454,Damenfahrrad
8100312,300,Damenfahrrad
9100407,866,Damenfahrrad
3400723,599,Herrenfahrrad
6200423,2500,Herrenfahrrad
7100103,422,Damenfahrrad
3400826,505,Herrenfahrrad
10400836,333,Damenfahrrad
2400522,600,Herrenfahrrad
4500938,1319,Herrenfahrrad
9200819,999,Damenfahrrad
9502043,697,Damenfahrrad
1100416,274,Damenfahrrad
12100206,239,Herrenfahrrad
11501238,250,Damenfahrrad
9100202,856,Damenfahrrad
4300517,222,Kinderfahrrad
2400624,399,Damenfahrrad
9100202,900,Herrenfahrrad
10200418,425,Kinderfahrrad
3500935,1510,divers
2500729,375,Herrenfahrrad
10400836,1012,Damenfahrrad
12200413,500,Damenfahrrad
11200514,320,Herrenfahrrad
3200205,999,Herrenfahrrad
2400624,962,Herrenfahrrad
2200211,426,Herrenfahrrad
9301228,1199,Herrenfahrrad
9501939,469,Herrenfahrrad
2500729,1000,Mountainbike
6400839,880,Damenfahrrad
1200629,1924,Herrenfahrrad
1401046,670,Herrenfahrrad
8401243,918,Herrenfahrrad
11501339,299,Damenfahrrad
1100102,1099,Herrenfahrrad
3400826,874,Damenfahrrad
1100311,330,Damenfahrrad
9100202,700,Herrenfahrrad
7300619,600,Damenfahrrad
3200207,825,Fahrrad
7200413,570,Damenfahrrad
9100101,150,Damenfahrrad
9200819,3199,Herrenfahrrad
3601243,633,Damenfahrrad
3601451,839,Damenfahrrad
7200411,500,Herrenfahrrad
8100311,250,Rennrad
7300517,1500,Mountainbike
2200210,600,Herrenfahrrad
4300619,829,Herrenfahrrad
3400723,217,Herrenfahrrad
6400844,500,Damenfahrrad
4300620,375,Mountainbike
10300734,675,Herrenfahrrad
4500936,1500,Herrenfahrrad
9301025,835,Herrenfahrrad
9301025,915,Damenfahrrad
3300517,550,Damenfahrrad
3501037,400,Damenfahrrad
7100206,699,Rennrad
2200213,3200,Herrenfahrrad
8100101,799,Herrenfahrrad
7601238,650,Herrenfahrrad
7501030,530,Herrenfahrrad
3400722,350,Damenfahrrad
6100101,379,Damenfahrrad
3601453,600,Fahrrad
6100102,330,Fahrrad
4501042,1000,Herrenfahrrad
4300622,640,Herrenfahrrad
5300737,900,Fahrrad
4300416,432,Fahrrad
3400721,2819,Damenfahrrad
3400721,599,Damenfahrrad
9401534,840,Herrenfahrrad
2500835,682,Herrenfahrrad
12500927,322,Damenfahrrad
2300419,820,Damenfahrrad
7400721,599,Damenfahrrad
2100104,300,Fahrrad
6400840,900,Herrenfahrrad
9200715,500,Herrenfahrrad
3200205,2500,Herrenfahrrad
6400843,500,Damenfahrrad
1200522,100,Herrenfahrrad
8200727,699,Kinderfahrrad
2200210,300,Herrenfahrrad
11200514,1440,Mountainbike
4500937,899,Herrenfahrrad
1200625,2500,Fahrrad
6400737,850,Herrenfahrrad
12500825,300,Herrenfahrrad
3701554,1134,Mountainbike
8100101,450,Herrenfahrrad
12100205,300,Herrenfahrrad
10200524,612,Herrenfahrrad
3601245,150,Damenfahrrad
10400938,320,Herrenfahrrad
5200630,459,Fahrrad
1200520,1500,Herrenfahrrad
1100313,3610,Herrenfahrrad
2200210,300,Herrenfahrrad
10400939,535,Mountainbike
1300836,100,Herrenfahrrad
8100313,360,Herrenfahrrad
8401243,1336,divers
7400826,398,Fahrrad
1100103,1600,Herrenfahrrad
6200315,3000,Herrenfahrrad
7100206,650,Herrenfahrrad
7400826,450,Herrenfahrrad
2200210,475,Mountainbike
11401137,702,Herrenfahrrad
11200514,350,Herrenfahrrad
2400522,500,Damenfahrrad
1100308,1705,Fahrrad
8100310,1150,Damenfahrrad
7200409,550,Herrenfahrrad
6300526,432,Damenfahrrad
11300619,400,Damenfahrrad
8100419,700,Herrenfahrrad
2500726,1499,Herrenfahrrad
9502043,1000,Fahrrad
7501031,800,Herrenfahrrad
9501838,1149,Herrenfahrrad
11300619,3000,Fahrrad
1100308,439,Herrenfahrrad
3400829,513,Mountainbike
4300622,2642,Fahrrad
6100102,909,Herrenfahrrad
3601245,901,Rennrad
5100315,469,Damenfahrrad
3701556,500,Fahrrad
7601544,535,Mountainbike
11300619,3000,Damenfahrrad
3400828,499,Herrenfahrrad
1100310,200,Damenfahrrad
8200725,500,Mountainbike
3400827,199,Damenfahrrad
8100311,700,Damenfahrrad
3200207,900,Mountainbike
2100101,150,Herrenfahrrad
12400723,515,Damenfahrrad
3400830,565,Damenfahrrad
7100103,350,Herrenfahrrad
7601236,380,Fahrrad
7300516,975,Damenfahrrad
4300414,244,Damenfahrrad
2100102,350,Mountainbike
7300516,2600,Fahrrad
1200623,521,Herrenfahrrad
8300934,900,Damenfahrrad
10400837,320,Herrenfahrrad
10200525,399,Damenfahrrad
2200209,1164,Damenfahrrad
11100309,550,Herrenfahrrad
4501040,1018,Fahrrad
10100210,100,Fahrrad
4200309,236,Mountainbike
2100103,499,Fahrrad
6400838,500,Kinderfahrrad
2200208,3087,Damenfahrrad
9501737,1300,Fahrrad
4501153,350,Damenfahrrad
6300630,425,Damenfahrrad
9100101,824,Herrenfahrrad
2300314,380,Herrenfahrrad
12200515,600,Herrenfahrrad
12500824,630,Herrenfahrrad
3500936,800,Damenfahrrad
8100415,600,Damenfahrrad
1401049,510,Kinderfahrrad
2200211,1000,Herrenfahrrad
6100102,859,Damenfahrrad
6100102,829,Herrenfahrrad
12500929,560,Damenfahrrad
3601141,500,Damenfahrrad
11200411,400,Damenfahrrad
1401043,80,Rennrad
5100103,2300,Herrenfahrrad
1200519,993,Herrenfahrrad
6200422,1890,Herrenfahrrad
3601140,673,Damenfahrrad
8401244,299,Fahrrad
7501029,250,Damenfahrrad
1200517,869,Mountainbike
1401048,341,Mountainbike
11401032,330,Fahrrad
6100103,400,Fahrrad
10200628,1567,Mountainbike
3601142,300,Herrenfahrrad
6400841,299,Damenfahrrad
1200517,1079,Herrenfahrrad
1401044,280,Damenfahrrad
1200517,700,Damenfahrrad
10200630,2500,Herrenfahrrad
4501045,320,Herrenfahrrad
1200517,660,Herrenfahrrad
11400929,200,Damenfahrrad
4501042,320,Damenfahrrad
9100203,830,Herrenfahrrad
2100106,1300,Herrenfahrrad
2500832,650,Herrenfahrrad
7300618,624,Herrenfahrrad
6200420,399,Herrenfahrrad
4300620,848,Herrenfahrrad
3601346,400,Fahrrad
4300415,749,Herrenfahrrad
6300526,2699,Herrenfahrrad
9401534,780,Herrenfahrrad
1100206,720,Fahrrad
12400721,498,Fahrrad
2300418,2000,Herrenfahrrad
1400938,860,Herrenfahrrad
4501150,680,Herrenfahrrad
8100206,430,Damenfahrrad
3601347,400,Herrenfahrrad
2500834,399,Herrenfahrrad
9100304,699,Herrenfahrrad
4501040,500,Fahrrad
3701556,388,Herrenfahrrad
9200819,350,Kinderfahrrad
1200629,500,Herrenfahrrad
12400723,549,Herrenfahrrad
2300316,599,Herrenfahrrad
1200623,600,Herrenfahrrad
7501134,600,Damenfahrrad
9300921,235,Damenfahrrad
3200206,843,Herrenfahrrad
3200207,480,Mountainbike
8100102,299,Damenfahrrad
9100409,250,Damenfahrrad
6100103,552,Herrenfahrrad
5300840,939,Herrenfahrrad
3400722,949,Damenfahrrad
4300517,399,Herrenfahrrad
9401534,3528,Herrenfahrrad
6100103,615,Damenfahrrad
9100101,515,Herrenfahrrad
2500726,650,Herrenfahrrad
4501045,840,Damenfahrrad
7501133,3000,Herrenfahrrad
1100313,578,Fahrrad
7200307,220,Kinderfahrrad
9100306,540,Herrenfahrrad
4300623,500,Herrenfahrrad
7200409,700,Damenfahrrad
5200629,1300,Herrenfahrrad
2200210,180,Damenfahrrad
3601244,3620,Herrenfahrrad
5100315,200,Herrenfahrrad
10200421,500,Fahrrad
11100205,196,Damenfahrrad
9100407,599,Herrenfahrrad
7100103,699,Herrenfahrrad
5300840,1618,Herrenfahrrad
5200634,700,Herrenfahrrad
5100208,148,Kinderfahrrad
4501045,999,Herrenfahrrad
4501045,300,Herrenfahrrad
9501939,200,Fahrrad
1300834,400,Fahrrad
1100101,200,Fahrrad
8100418,2600,Damenfahrrad
7100103,1000,Herrenfahrrad
7300619,355,Fahrrad
4501149,1228,Herrenfahrrad
3300412,499,Herrenfahrrad
5100104,400,Damenfahrrad
11300826,2800,Damenfahrrad
8100208,100,Fahrrad
2100105,550,Fahrrad
8100311,445,Damenfahrrad
8100207,499,Damenfahrrad
4500936,400,Herrenfahrrad
6300525,1,Damenfahrrad
4501153,775,Damenfahrrad
7601340,840,Damenfahrrad
7100101,3499,Herrenfahrrad
1300733,350,Damenfahrrad
2500726,1495,Herrenfahrrad
4400830,449,Kinderfahrrad
4200308,535,Damenfahrrad
8401243,1224,Damenfahrrad
7400824,549,Damenfahrrad
8100314,499,Damenfahrrad
7200410,549,Fahrrad
4300624,1,divers
8401244,1049,Herrenfahrrad
11401034,900,Herrenfahrrad
8100101,200,Herrenfahrrad
3200207,999,Damenfahrrad
2500836,1,Herrenfahrrad
8100417,50,Herrenfahrrad
9100101,1999,Damenfahrrad
11100101,570,Damenfahrrad
2200210,485,Damenfahrrad
1100103,330,Damenfahrrad
2500729,1080,Herrenfahrrad
12100205,450,Damenfahrrad
7400720,749,Herrenfahrrad
2300419,160,Fahrrad
5200634,300,Herrenfahrrad
4500936,749,Herrenfahrrad
8100416,645,Damenfahrrad
1300733,940,Fahrrad
9200511,400,Herrenfahrrad
3701659,865,Damenfahrrad
2300418,750,Herrenfahrrad
3701554,669,Herrenfahrrad
4501148,500,Fahrrad
2100102,1000,Herrenfahrrad
7601442,2006,Damenfahrrad
9401329,600,Fahrrad
3601346,180,Fahrrad
4501149,460,Fahrrad
10200422,90,Herrenfahrrad
9100202,460,Herrenfahrrad
8100206,200,Damenfahrrad
3400722,978,Herrenfahrrad
1100416,750,Damenfahrrad
6400838,553,Herrenfahrrad
11501339,165,Fahrrad
3400827,500,Mountainbike
8100312,1878,divers
10200524,524,Damenfahrrad
8100417,1500,Herrenfahrrad
1401046,662,Herrenfahrrad
5200528,230,Herrenfahrrad
3200310,415,Damenfahrrad
8100209,1600,Damenfahrrad
1100206,800,Fahrrad
2200209,180,Herrenfahrrad
8100206,400,Damenfahrrad
1100207,799,Herrenfahrrad
1100308,1500,Herrenfahrrad
1100101,800,Herrenfahrrad
3400723,904,Herrenfahrrad
2500835,968,Herrenfahrrad
3701659,922,Herrenfahrrad
4300518,700,Herrenfahrrad
1100309,270,Fahrrad
8100314,609,Herrenfahrrad
4500938,539,Damenfahrrad
2400624,532,Kinderfahrrad
3601243,1570,Damenfahrrad
7100206,828,Damenfahrrad
8300934,699,Damenfahrrad
6300526,670,Damenfahrrad
1300730,500,Herrenfahrrad
3601141,4720,Damenfahrrad
5100103,1638,Damenfahrrad
7100102,729,Damenfahrrad
11100307,500,divers
3400620,640,Damenfahrrad
2500835,470,Mountainbike
12100205,582,Damenfahrrad
1300733,330,Damenfahrrad
3601348,870,Herrenfahrrad
8100521,513,Kinderfahrrad
3200308,200,Damenfahrrad
7200413,799,Herrenfahrrad
4200309,600,Damenfahrrad
3500933,109,Mountainbike
1100415,1200,Herrenfahrrad
1200623,650,Damenfahrrad
10300734,50,Fahrrad
2300419,1000,Herrenfahrrad
7300618,3500,Damenfahrrad
11501341,1270,Herrenfahrrad
6400843,599,Damenfahrrad
12601031,159,Damenfahrrad
8100102,400,Herrenfahrrad
3500934,987,Herrenfahrrad
3601141,925,Damenfahrrad
8100417,730,Herrenfahrrad
4300624,1067,Damenfahrrad
4200311,679,Herrenfahrrad
3400828,333,Herrenfahrrad
7601546,672,Herrenfahrrad
3701554,1150,Damenfahrrad
3400827,499,Herrenfahrrad
3400723,730,Herrenfahrrad
3400721,1800,Herrenfahrrad
1100310,999,Damenfahrrad
4500937,282,Kinderfahrrad
10400836,450,Herrenfahrrad
8200831,930,Herrenfahrrad
9301025,700,divers
3200205,703,Damenfahrrad
4200310,1050,Herrenfahrrad
3601243,168,Herrenfahrrad
1100207,950,Damenfahrrad
3200310,469,divers
7100206,1000,Herrenfahrrad
7200409,550,Fahrrad
3300516,3600,Herrenfahrrad
7200411,200,Herrenfahrrad
2300419,110,Damenfahrrad
8100419,606,Fahrrad
3500934,600,Fahrrad
5100103,500,Damenfahrrad
9502042,250,Herrenfahrrad
10200628,220,Mountainbike
6200314,2748,Herrenfahrrad
4300623,572,Fahrrad
7200409,680,Herrenfahrrad
11300722,750,Herrenfahrrad
3501037,1200,Herrenfahrrad
4300517,500,Herrenfahrrad
2200213,480,Fahrrad
4500939,650,Fahrrad
6300633,875,Herrenfahrrad
11400928,2392,divers
6100208,688,Herrenfahrrad
7200413,300,Fahrrad
1100206,849,Rennrad
1100313,300,Herrenfahrrad
3400724,455,Herrenfahrrad
4300622,755,Herrenfahrrad
11501238,120,Damenfahrrad
1100312,330,Fahrrad
8100101,439,Herrenfahrrad
1100101,576,Herrenfahrrad
1100104,169,Herrenfahrrad
4300416,800,Fahrrad
7501031,500,Damenfahrrad
2200207,554,Herrenfahrrad
2500726,559,Herrenfahrrad
3601243,1420,Herrenfahrrad
4300619,530,Mountainbike
8100102,394,Herrenfahrrad
3601348,300,Damenfahrrad
2300314,1500,Herrenfahrrad
2500729,120,Damenfahrrad
9501941,1239,Damenfahrrad
8100314,985,Damenfahrrad
3300412,324,Kinderfahrrad
6100209,427,Fahrrad
3400725,686,Herrenfahrrad
9501838,1,Damenfahrrad
6400735,2500,Herrenfahrrad
2300315,264,Mountainbike
3500935,1100,Herrenfahrrad
3200204,460,Damenfahrrad
9501939,1200,Herrenfahrrad
10100314,450,Damenfahrrad
4501152,650,Damenfahrrad
3701658,733,Damenfahrrad
6200422,390,Damenfahrrad
5300737,1911,Herrenfahrrad
12400721,350,Damenfahrrad
11401034,799,Fahrrad
3501037,329,Herrenfahrrad
9100304,300,Damenfahrrad
2300417,2669,Damenfahrrad
1401048,794,Fahrrad
3601244,1249,Herrenfahrrad
1100308,1348,Herrenfahrrad
1100309,200,Damenfahrrad
4501044,500,Herrenfahrrad
8100314,449,Herrenfahrrad
11100206,686,Fahrrad
7501134,699,Damenfahrrad
12100102,500,Mountainbike
1100309,320,Damenfahrrad
11200411,200,Herrenfahrrad
1100312,1651,Herrenfahrrad
11501238,599,Herrenfahrrad
1100313,600,Damenfahrrad
4501045,1200,Herrenfahrrad
2500831,1,divers
2400522,1200,Herrenfahrrad
7200411,700,Herrenfahrrad
4300415,900,Fahrrad
9100101,500,Herrenfahrrad
7300515,362,Kinderfahrrad
9200818,140,Damenfahrrad
6100206,302,Damenfahrrad
1100313,210,Herrenfahrrad
3500933,500,Fahrrad
2500834,520,Herrenfahrrad
2300314,345,Fahrrad
1100416,790,Herrenfahrrad
7100206,890,Herrenfahrrad
2300315,393,Kinderfahrrad
8100101,464,Herrenfahrrad
2300418,220,Herrenfahrrad
8100103,750,Damenfahrrad
7100102,2,Herrenfahrrad
2200210,478,Fahrrad
11300826,398,Herrenfahrrad
8300934,300,Mountainbike
8100312,1599,Damenfahrrad
2400623,980,Damenfahrrad
10200417,680,Fahrrad
9501939,1040,Herrenfahrrad
2400625,260,Fahrrad
6400840,172,Herrenfahrrad
1100415,2292,Damenfahrrad
4300622,849,Fahrrad
11400931,500,Damenfahrrad
9100101,760,Herrenfahrrad
7100101,320,Damenfahrrad
7100102,220,Damenfahrrad
3701659,395,Damenfahrrad
7100205,484,divers
9501838,390,Herrenfahrrad
7100206,620,Damenfahrrad
7100103,250,Damenfahrrad
7400927,200,Fahrrad
3601453,7190,divers
4300620,150,Herrenfahrrad
4400834,3299,Fahrrad
7300516,630,Damenfahrrad
1300733,2196,divers
3400827,288,Damenfahrrad
7300516,3000,Fahrrad
3400826,547,Herrenfahrrad
7100204,288,Damenfahrrad
3200309,500,Herrenfahrrad
4200310,380,Fahrrad
6300633,700,Herrenfahrrad
1100311,1590,Herrenfahrrad
7300516,500,Damenfahrrad
6400840,1000,divers
7100103,824,Damenfahrrad
12500930,429,Herrenfahrrad
7100103,370,Herrenfahrrad
9501939,499,Fahrrad
12100103,550,Herrenfahrrad
4501045,130,Damenfahrrad
7200308,700,Damenfahrrad
12400720,559,Damenfahrrad
9501939,930,Herrenfahrrad
8100314,234,Fahrrad
6400840,438,Kinderfahrrad
9100101,450,Damenfahrrad
11401033,300,Herrenfahrrad
1100313,770,Herrenfahrrad
2300419,800,Herrenfahrrad
7400721,684,Herrenfahrrad
8100520,950,Herrenfahrrad
6400840,526,Damenfahrrad
1401045,699,Mountainbike
9100408,700,Fahrrad
10200524,3500,Herrenfahrrad
1400937,399,Herrenfahrrad
1300732,566,Rennrad
5100208,494,Damenfahrrad
11300724,210,Fahrrad
3200207,1828,Herrenfahrrad
4501149,90,Fahrrad
6400840,265,Damenfahrrad
1100101,300,Herrenfahrrad
9100305,299,Kinderfahrrad
2500727,999,Herrenfahrrad
5100211,799,Damenfahrrad
